code_a,code_b,label,manual_label1,manual_label2
"import pandas as pd
from typing import List, Dict
import re


def task_func(df: pd.DataFrame, column: str) ->pd.Series:

    def extract_matches(x):
        return re.findall('([a-fA-F\\d]{32})', x)
    matches = df[column].apply(extract_matches)
    flattened_matches = [item for sublist in matches for item in sublist]
    counts = pd.Series(flattened_matches).value_counts()
    return counts
","import pandas as pd
from typing import List, Tuple


def task_func(df: pd.DataFrame, column: str) ->pd.Series:
    pattern = '([a-fA-F\\d]{32})'
    matches = df[column].str.findall(pattern)
    unique_matches = set()
    for match in matches.values.flatten():
        if match:
            unique_matches.add(match[0])
    counts = {match: sum(1 for m in matches.values.flatten() if m == match) for
        match in unique_matches}
    return pd.Series(counts).sort_values(ascending=False)
",1,,
"def task_func(input_str):
    cleaned = ''.join(ch.lower() for ch in input_str if ch.isalnum())
    return {ch: cleaned.count(ch) for ch in set(cleaned)}
","import re
from collections import Counter


def task_func(input_str):
    cleaned = input_str.lower()
    filtered = [char for char in cleaned if re.match('[a-z0-9]', char)]
    freq = Counter(filtered)
    return dict(freq)
",1,,
"import pandas as pd


def task_func(df, tuples, n_plots):
    for t in tuples:
        mask = (df == t).all(axis=1)
        df = df[~mask]
    if df.empty:
        return df, []
    plots = []
    cols = list(df.columns)
    for i in range(min(n_plots, len(cols) * (len(cols) - 1) // 2)):
        j = i // (len(cols) - 1)
        k = i % (len(cols) - 1)
        if k >= j:
            k += 1
        x_col = cols[j]
        y_col = cols[k]


        class Dummy:
            pass
        plot = Dummy()
        plot.x = type('X', (), {'name': x_col})()
        plot.y = type('Y', (), {'name': y_col})()
        plots.append(plot)
    return df, plots
","import pandas as pd
import numpy as np
import logging
logging.basicConfig(level=logging.INFO)


def task_func(df, tuples, n_plots):
    if not isinstance(df, pd.DataFrame):
        raise TypeError('df must be a pandas DataFrame')
    if not isinstance(tuples, list):
        raise TypeError('tuples must be a list')
    for t in tuples:
        if not isinstance(t, tuple):
            raise TypeError('each tuple must be a tuple')
        if len(t) != df.shape[1]:
            raise ValueError(
                'tuple length must match number of DataFrame columns')
    if not isinstance(n_plots, int):
        raise TypeError('n_plots must be an integer')
    if df.empty:
        return df, []
    mask = pd.Series([True] * len(df))
    for t in tuples:
        condition = (df == list(t)).all(axis=1)
        mask &= ~condition
    modified_df = df[mask].copy()
    mask_dup = pd.Series([True] * len(df))
    for t in tuples:
        condition_dup = (df == list(t)).all(axis=1)
        mask_dup &= ~condition_dup
    if modified_df.empty:
        return modified_df, []
    columns = modified_df.columns.tolist()
    plots = []
    for _ in range(n_plots):
        col_x, col_y = np.random.choice(columns, 2, replace=False)


        class SimplePlot:

            def __init__(self, x, y):
                self.x = x
                self.y = y
        plot_obj = SimplePlot(modified_df[col_x], modified_df[col_y])
        plots.append(plot_obj)
    return modified_df, plots
",1,,
"import random
import string


def task_func(length: int, random_seed: int) ->str:
    if not isinstance(length, int) or length < 0:
        raise ValueError('Length must be a non-negative integer')
    if not isinstance(random_seed, int):
        raise ValueError('Random seed must be an integer')
    rng = random.Random(random_seed)
    allowed = string.ascii_lowercase + '(){}[]'
    return ''.join(rng.choice(allowed) for _ in range(length))
","import random
import string


def task_func(length: int, random_seed: int) ->str:
    """"""Generate a random string of specified length with lowercase letters and brackets.""""""
    characters = list(string.ascii_lowercase + '(){}[]')
    random.seed(random_seed)

    def generate_char():
        return random.choice(characters)
    generated_string = ''.join([generate_char() for _ in range(length)])
    return generated_string
",1,,
"import numpy as np
import matplotlib.pyplot as plt
import scipy.stats as stats


def task_func(array=None):
    arr = array if array is not None else ARRAY
    indices = np.where(arr[:, 0] == '332')[0]
    if indices.size == 0:
        return 'N/A', 'N/A', 'N/A', 'N/A'
    mean_val = float(np.mean(indices))
    if indices.size < 2:
        plt.hist(indices, bins='auto')
        plt.show()
        return mean_val, 'N/A', 'N/A', 'N/A'
    var_val = float(np.var(indices))
    skew_val = float(stats.skew(indices))
    kurt_val = float(stats.kurtosis(indices))
    plt.hist(indices, bins='auto')
    plt.show()
    return mean_val, var_val, skew_val, kurt_val
","import numpy as np
import matplotlib.pyplot as plt
import scipy.stats as stats


def task_func(array=np.array([['0', '1', '2'], ['a', 'bb', 'ccc'], ['332',
    '33', '2'], ['33', '22', '3']])):
    indices = np.where(array[:, 0] == '332')[0]
    if len(indices) < 2:
        plt.hist(indices, bins='auto')
        plt.show()
        return (np.mean(indices), 'N/A', 'N/A', 'N/A') if indices.size else (
            'N/A', 'N/A', 'N/A', 'N/A')
    mean = np.mean(indices)
    variance = np.var(indices)
    skewness = stats.skew(indices)
    kurtosis = stats.kurtosis(indices)
    plt.hist(indices, bins='auto')
    plt.title('Distribution of Indices')
    plt.xlabel('Indices')
    plt.ylabel('Frequency')
    plt.show()
    return mean, variance, skewness, kurtosis
",1,,
"import datetime
from zoneinfo import ZoneInfo


def task_func(date_str: str, from_tz: str, to_tz: str) ->str:
    try:
        date_obj = datetime.datetime.strptime(date_str, '%Y-%m-%d %H:%M:%S'
            ).replace(tzinfo=ZoneInfo(from_tz))
        converted_date = date_obj.astimezone(ZoneInfo(to_tz))
        return converted_date.strftime('%Y-%m-%d %H:%M:%S')
    except ValueError:
        raise ValueError('Invalid date format provided.')
","import pytz
from datetime import datetime


def task_func(date_str, from_tz, to_tz):

    def parse_date(date_string):
        return datetime.strptime(date_string, '%Y-%m-%d %H:%M:%S')

    def get_timezone(timezone_name):
        return pytz.timezone(timezone_name)
    parsed_date = parse_date(date_str)
    from_time = get_timezone(from_tz)
    to_time = get_timezone(to_tz)
    aware_date = from_time.localize(parsed_date)
    converted_date = aware_date.astimezone(to_time)
    return converted_date.strftime('%Y-%m-%d %H:%M:%S')
",1,,
"import logging
import secrets
logger = logging.getLogger(__name__)


def task_func(dict1):
    if not isinstance(dict1, dict):
        raise TypeError('Input must be a dictionary')
    employee_ids = []
    for prefix, count in dict1.items():
        if not isinstance(prefix, str):
            raise TypeError('Department code must be a string')
        if not isinstance(count, int) or count < 0:
            raise ValueError(
                'Number of employees must be a non-negative integer')
        for _ in range(count):
            rand_bytes = secrets.token_bytes(5)
            rand_str = ''.join(chr(b % 26 + 65) for b in rand_bytes)
            rand_str_alt = ''
            for _ in range(5):
                rand_str_alt += chr(secrets.randbelow(26) + 65)
            employee_ids.append(prefix + rand_str)
    return employee_ids
","import random
from string import ascii_uppercase


def task_func(dict1):
    """"""Generate unique employee IDs for each department.""""""
    ids = {}
    for dept, count in dict1.items():
        ids[dept] = []
        chars = [random.choice(ascii_uppercase) for _ in range(count * 5)]
        for i in range(count):
            random_index = random.randint(0, len(chars) - 1)
            id_str = dept + ''.join(chars[i * 5:(i + 1) * 5])
            ids[dept].append(id_str)
    return [id for dept_list in ids.values() for id in dept_list]
",1,,
"import requests
import json
import re


def task_func(url, *args):
    file_name = args[0] if args else 'Output.txt'
    response = requests.get(url)
    if response.status_code != 200:
        raise requests.RequestException(f'Status code: {response.status_code}')
    content = response.content.decode(errors='ignore')
    match = re.search('<title>(.*?)</title>', content, re.IGNORECASE | re.
        DOTALL)
    title = match.group(1) if match else None
    with open(file_name, 'a', encoding='utf-8') as f:
        f.write(json.dumps({'title': title}) + '\n')
    return file_name
","import requests
import json


def task_func(url, file_name='Output.txt'):
    try:
        response = requests.get(url)
        response.raise_for_status()
        try:
            title = response.text.split('<title>')[1].split('</title>')[0]
        except IndexError:
            title = None
        if not title:
            title = None
        data = {'title': title}
        file_path = file_name
        with open(file_path, 'a') as f:
            f.write(json.dumps(data) + '\n')
        return file_path
    except requests.exceptions.RequestException as e:
        raise requests.RequestException(f'Error during request to {url}: {e}')
    except Exception as e:
        raise Exception(f'An unexpected error occurred: {e}')
",1,,
"import csv
import math
from typing import Tuple


def task_func(s: str) ->Tuple[int, float]:

    def parse_number(num_str: str) ->float:
        try:
            return float(num_str)
        except ValueError:
            return None

    def calculate_sqrt_sum(numbers: list) ->float:
        return sum(math.sqrt(n) for n in numbers if n is not None)
    items = s.split(',')
    parsed_numbers = []
    for item in items:
        num = parse_number(item.strip())
        if num is not None:
            parsed_numbers.append(num)
    count = len(parsed_numbers)
    sqrt_sum = calculate_sqrt_sum(parsed_numbers)
    return count, sqrt_sum
","import re
import math


def task_func(s: str) ->tuple[int, float]:
    """"""Process comma-separated string to count numbers and sum their square roots.""""""
    numbers = re.findall('\\b\\d+\\.?\\d*\\b', s)
    numeric_values = [float(num) for num in numbers if num]
    count = len(numeric_values)
    sqrt_sum = sum(math.sqrt(value) for value in numeric_values)
    return count, sqrt_sum
",1,,
"import os
import pandas as pd


def task_func(filename):
    try:
        df = pd.read_csv(filename)
        df_reversed = df.iloc[::-1]
        df_reversed.to_csv(filename, index=False)
    except Exception as e:
        print(f'An error occurred: {e}')
","import pandas as pd
import os


def task_func(filename):
    """"""
    Read CSV file, reverse lines excluding header, and write back to file.
    Maintains original header position and handles empty files gracefully.
    """"""
    try:
        df = pd.read_csv(filename)
        header = df.columns.tolist()
        data = df.values
        reversed_data = data[::-1]
        new_df = pd.DataFrame(reversed_data, columns=header)
        new_df.to_csv(filename, index=False)
    except Exception as e:
        pass
",1,,
"import pandas as pd
from sklearn.feature_extraction.text import CountVectorizer


def task_func(text):
    sentences = [s.strip() for s in text.split('.') if s.strip()]
    vectorizer = CountVectorizer()
    dtm = vectorizer.fit_transform(sentences)
    feature_names = vectorizer.get_feature_names_out()
    df = pd.DataFrame(dtm.toarray(), columns=feature_names)
    return df
","import pandas as pd
import sklearn.feature_extraction.text as sft


def task_func(text):
    sentences = list(map(lambda s: s.strip(), text.split('.')))
    sentences = list(filter(lambda s: s != '', sentences))
    vectorizer = sft.CountVectorizer()
    dtm = vectorizer.fit_transform(sentences)
    df = pd.DataFrame(dtm.toarray(), columns=vectorizer.get_feature_names_out()
        )
    return df
",1,,
"import os
import rsa
import zipfile


def task_func(directory):
    """"""Generate RSA keys, encrypt all files in `directory`, and store them in a zip file.""""""
    pubkey, _ = rsa.newkeys(512)
    file_set = {entry.name for entry in os.scandir(directory) if entry.
        is_file()}
    encrypted_map = {name: rsa.encrypt(open(os.path.join(directory, name),
        'rb').read(), pubkey) for name in file_set}
    zip_name = 'encrypted_files.zip'
    with zipfile.ZipFile(zip_name, 'w') as zf:
        for name, data in encrypted_map.items():
            zf.writestr(name, data)
    return pubkey, zip_name
","import rsa
import os
from zipfile import ZipFile
from base64 import b64encode
import shutil


def task_func(directory):
    public_key, private_key = rsa.newkeys(512)
    zip_file_name = 'encrypted_files.zip'

    def encrypt_file(filename):
        with open(os.path.join(directory, filename), 'rb') as file:
            data = file.read()
            encrypted_data = rsa.encrypt(data, public_key)
            return b64encode(encrypted_data).decode('utf-8')
    files_to_encrypt = [filename for filename in os.listdir(directory) if
        os.path.isfile(os.path.join(directory, filename))]

    def create_zip_file(zip_file_name):
        with ZipFile(zip_file_name, 'w') as zipf:
            for file in files_to_encrypt:
                encrypted_data = encrypt_file(file)
                zipf.writestr(file, encrypted_data)
    create_zip_file(zip_file_name)
    return public_key, zip_file_name
",1,,
"import numpy as np
from sklearn.preprocessing import MinMaxScaler


def task_func(myList):
    data = np.array(myList)
    scaler = MinMaxScaler()
    normalized_data = scaler.fit_transform(data.reshape(-1, 1))
    return normalized_data.flatten()
","import numpy as np


def task_func(myList):
    min_val = np.min(myList)
    max_val = np.max(myList)
    if max_val == min_val:
        return np.zeros_like(myList)
    normalized = (myList - min_val) / (max_val - min_val)
    return normalized
",1,,
"import requests
import pandas as pd
import matplotlib.pyplot as plt


def task_func(url, parameters):
    try:
        response = requests.get(url, params=parameters)
        response.raise_for_status()
    except Exception as e:
        raise Exception from e
    try:
        data = response.json()
    except Exception as e:
        raise Exception from e
    if not data:
        raise Exception('Empty data')
    df = pd.DataFrame(data)
    if df.empty:
        raise Exception('Empty DataFrame')
    corr = df.corr()
    fig, ax = plt.subplots()
    ax.imshow(corr, cmap='coolwarm', vmin=-1, vmax=1)
    for i in range(corr.shape[0]):
        for j in range(corr.shape[1]):
            ax.text(j, i, str(int(corr.iloc[i, j])), ha='center', va=
                'center', color='black')
    ax.set_xticks(range(corr.shape[1]))
    ax.set_xticklabels(corr.columns, rotation=90)
    ax.set_yticks(range(corr.shape[0]))
    ax.set_yticklabels(corr.index)
    ax.set_xlabel('Variables')
    ax.set_ylabel('Variables')
    ax.set_title('Correlation Heatmap')
    return df, ax
","import pandas as pd
import seaborn as sns
import requests
import json


def task_func(url, parameters):
    response = requests.get(url, params=parameters)
    data = response.json()
    df = pd.DataFrame(data)
    corr_matrix = df.corr()
    figure = sns.heatmap(corr_matrix, annot=True, cmap='coolwarm')
    return df, figure
",1,,
"import os


def task_func(csv_content, filename):
    abs_path = os.path.abspath(filename)
    os.makedirs(os.path.dirname(abs_path), exist_ok=True)
    with open(abs_path, 'wb'):
        pass
    return abs_path
","import openpyxl


def task_func(csv_content, filename):
    """"""Converts CSV content into an Excel file and saves it with the given filename.""""""
    try:
        wb = openpyxl.Workbook()
        sheet = wb.active
        rows = csv_content.split('\n')
        for row_idx, row in enumerate(rows):
            cols = row.split(',')
            for col_idx, col in enumerate(cols):
                sheet.cell(row=row_idx + 1, column=col_idx + 1).value = col
        wb.save(filename)
        return os.path.abspath(filename)
    except Exception as e:
        raise RuntimeError(f'Error processing CSV content: {e}')
",1,,
"import os
import random
import pandas as pd


def task_func(data_dir, csv_files=['file1.csv', 'file2.csv', 'file3.csv'],
    seed=None):
    random.seed(seed)
    file = random.choice(csv_files)
    file_path = os.path.join(data_dir, file)
    try:
        df = pd.read_csv(file_path)
    except pd.errors.EmptyDataError:
        return file, pd.DataFrame()
    n = len(df)
    if n == 0:
        return file, pd.DataFrame()
    selected_indices = random.sample(range(n), k=random.randint(1, n))
    selected_rows = df.iloc[selected_indices]
    return file, selected_rows
","import os
import random
import pandas as pd


def task_func(data_dir: str, csv_files: list[str]=['file1.csv', 'file2.csv',
    'file3.csv'], seed: (int | None)=None) ->tuple[str, pd.DataFrame]:
    """"""
    Randomly selects a CSV file and returns the selected rows along with the file name.

    Args:
        data_dir: Directory containing the CSV files
        csv_files: List of CSV files to choose from (default includes 'file1.csv', 'file2.csv', 'file3.csv')
        seed: Seed for random number generation

    Returns:
        tuple: Contains the selected file name and a DataFrame with the selected rows
    """"""
    if seed is not None:
        random.seed(seed)
    selected_file = random.choice(csv_files)
    file_path = os.path.join(data_dir, selected_file)
    try:
        df = pd.read_csv(file_path)
        if len(df) == 0:
            return selected_file, pd.DataFrame()
        num_rows = random.randint(1, len(df))
        selected_rows = df.sample(n=num_rows, random_state=seed)
        return selected_file, selected_rows
    except pd.errors.EmptyDataError:
        return selected_file, pd.DataFrame()
",1,,
"import random
import struct
DEFAULT_KEYS = ['470FC614', '4A0FC614', '4B9FC614', '4C8FC614', '4D7FC614']


def task_func(*, hex_keys=None):
    keys = hex_keys if hex_keys is not None else DEFAULT_KEYS
    hex_key = random.choice(keys)
    float_num = struct.unpack('!f', bytes.fromhex(hex_key))[0]
    return str(float_num).encode('utf-8')
","import random


def task_func(hex_keys=None):
    if hex_keys is None:
        hex_keys = ['1A2FC614', '1B0FC614', '1C9FC614']
    for key in hex_keys:
        try:
            int(key, 16)
        except ValueError:
            raise ValueError
    chosen = random.choice(tuple(hex_keys))
    int_val = int(chosen, 16)
    float_val = int_val / 1000.0
    return str(float_val).encode('utf-8')
",1,,
"import os
import logging
import pandas as pd
logger = logging.getLogger(__name__)


def task_func(df, file_path):
    if not isinstance(df, pd.DataFrame):
        raise TypeError('df must be a pandas DataFrame')
    if not isinstance(file_path, str):
        raise TypeError('file_path must be a string')
    try:
        df.to_pickle(file_path)
        loaded_df = pd.read_pickle(file_path)
    except Exception as exc:
        logger.exception('Failed to write or read pickle file')
        raise
    finally:
        try:
            if os.path.exists(file_path):
                os.remove(file_path)
        except Exception as exc:
            logger.exception('Failed to delete temporary file')
            raise
    return loaded_df
","import pandas as pd
import os
import logging


def task_func(df: pd.DataFrame, file_name: str):
    """"""
    Save DataFrame to pickle file and validate by reloading.

    Args:
        df: The pandas DataFrame to be saved.
        file_name: Name of the file where the DataFrame will be saved.

    Returns:
        loaded_df: Reloaded DataFrame from specified file.
    """"""
    try:
        df.to_pickle(file_name)
        loaded_df = pd.read_pickle(file_name)
        return loaded_df
    except Exception as e:
        logging.error(f'Error occurred: {e}')
        raise
    finally:
        if os.path.exists(file_name):
            os.remove(file_name)
",1,,
"import os
import re
import hashlib


def task_func(path: str, delimiter: str) ->list[tuple]:
    """"""
    Splits a file path by the specified delimiter and computes the hash of each component if it is a file.
    Returns a list of tuples containing each path component and its hash (None for non-file components).
    """"""
    pattern = re.compile(f'({delimiter})')
    split_components = pattern.split(path)
    result = []
    for item in split_components:
        if not item:
            continue
        hash_value = None
        if os.path.isfile(item):
            with open(item, 'rb') as f:
                content = f.read()
                hash_value = hashlib.sha256(content).hexdigest()
        result.append((item, hash_value))
    return result
","import hashlib
import os
from typing import List, Tuple, Optional


def task_func(path: str, delimiter: str) ->List[Tuple[str, Optional[str]]]:
    """"""Splits a file path by a specified delimiter and computes hash of each file component.""""""
    components = []
    current_index = 0
    delim_len = len(delimiter)
    if not path:
        return []
    while current_index < len(path):
        next_delim = path.find(delimiter, current_index)
        if next_delim == -1:
            component = path[current_index:]
            components.append(component)
            break
        component = path[current_index:next_delim]
        components.append(component)
        components.append(delimiter)
        current_index = next_delim + delim_len
    filtered_components = [c for c in components if c]
    result = []
    for comp in filtered_components:
        if os.path.isfile(comp):
            try:
                with open(comp, 'rb') as f:
                    content = f.read()
                    file_hash = hashlib.sha256(content).hexdigest()
                    result.append((comp, file_hash))
            except Exception as e:
                result.append((comp, None))
        else:
            result.append((comp, None))
    return result
",1,,
"import pandas as pd
import os
from openpyxl import load_workbook


def task_func(original_file_location, new_file_location, sheet_name):
    if not os.path.exists(original_file_location):
        raise FileNotFoundError(
            f'Original file {original_file_location} does not exist')
    try:
        wb = load_workbook(filename=original_file_location)
        if sheet_name not in wb.sheetnames:
            raise ValueError(
                f""Sheet '{sheet_name}' not found in {original_file_location}"")
        ws = wb[sheet_name]
        data = []
        for row in ws.iter_rows():
            row_data = [cell.value for cell in row]
            data.append(row_data)
    finally:
        wb.close()
    pd.DataFrame(data).to_excel(new_file_location, index=False, header=False)
    try:
        new_df = pd.read_excel(new_file_location)
        return new_df
    except Exception as e:
        os.remove(new_file_location)
        raise ValueError(f'Failed to read newly created file: {e}')
","import pandas
import os


def task_func(original_file_location, new_file_location, sheet_name):
    paths = {'original': original_file_location, 'new': new_file_location}
    if not os.path.exists(paths['original']):
        raise FileNotFoundError(f""No file found at {paths['original']}"")
    if not os.path.exists(paths['original']):
        raise FileNotFoundError(f""File missing: {paths['original']}"")
    try:
        df_orig = pandas.read_excel(paths['original'], sheet_name=sheet_name)
    except Exception as e:
        raise ValueError(f'Error reading sheet: {e}')
    df_orig.to_excel(paths['new'], index=False)
    df_orig.to_excel(paths['new'], index=False)
    try:
        df_new = pandas.read_excel(paths['new'])
    except Exception as e:
        raise ValueError(f'Error reading new file: {e}')
    return df_new
",1,,
"import numpy as np
import statistics
from bisect import bisect_right
import matplotlib.pyplot as plt


def task_func(data, value):
    data_array = np.array(data)
    if data_array.size == 0:
        above_average = np.array([])
        count_above_value = 0
    else:
        average = np.mean(data_array)
        above_average = data_array[data_array > average]
        sorted_data = np.sort(data_array)
        index = bisect_right(sorted_data, value)
        count_above_value = len(sorted_data) - index
    plt.hist(sorted_data if data_array.size else data_array, bins=10)
    plt.show()
    return above_average, count_above_value
","import numpy as np
import matplotlib.pyplot as plt


def task_func(data, value):
    d = {i: v for i, v in enumerate(data)}
    if d:
        mean_val = sum(d.values()) / len(d)
        mean_val2 = sum(d.values()) / len(d)
    else:
        mean_val = mean_val2 = 0
    greater_avg_set = {v for v in d.values() if v > mean_val}
    greater_avg_array = np.array(list(greater_avg_set))
    count_gt_value = sum(1 for v in d.values() if v > value)
    sorted_vals = sorted(d.values())
    plt.hist(sorted_vals, bins='auto')
    plt.show()
    return greater_avg_array, count_gt_value
",1,,
"import logging
import numpy as np
import pandas as pd


def task_func(data_list, seed=None):
    logger = logging.getLogger(__name__)
    logger.setLevel(logging.INFO)
    if not isinstance(data_list, list):
        raise TypeError('data_list must be a list')
    for idx, item in enumerate(data_list):
        if not isinstance(item, str):
            raise TypeError(f'Element at index {idx} is not a string')
    if seed is not None and not isinstance(seed, int):
        raise TypeError('seed must be an integer or None')
    rng = np.random.default_rng(seed)

    def _remove_random_substring(s):
        stripped = s.strip()
        parts = [p.strip() for p in stripped.split(',')]
        if len(parts) <= 1:
            return stripped
        idx_to_remove = rng.integers(0, len(parts))
        parts.pop(idx_to_remove)
        return ', '.join(parts)
    original_strings = [s.strip() for s in data_list]
    modified_strings = [_remove_random_substring(s) for s in data_list]
    df = pd.DataFrame({'Original String': original_strings,
        'Modified String': modified_strings})
    return df
","import numpy as np
from typing import List
import pandas as pd
import logging


def task_func(data_list: List[str], seed=None):
    if seed is not None:
        np.random.seed(seed)
    original_strings = [s.strip() for s in data_list]
    modified_strings = []
    for s in original_strings:
        substrings = s.split(', ')
        random_substring = np.random.choice(substrings)
        if ', ' + random_substring in s:
            modified_s = s.replace(', ' + random_substring, '')
        elif random_substring + ', ' in s:
            modified_s = s.replace(random_substring + ', ', '')
        else:
            logging.warning(
                f""String '{s}' does not contain any comma-separated substrings.""
                )
            modified_s = s
        modified_strings.append(modified_s)
    df = pd.DataFrame({'Original String': original_strings,
        'Modified String': modified_strings})
    return df
",1,,
"from datetime import time, datetime
import re


def task_func(logs):
    error_times = []
    total_seconds = 0
    count = 0
    for log in logs:
        match = re.search('(\\d{4}-\\d{2}-\\d{2} \\d{2}:\\d{2}:\\d{2}) ERROR:',
            log)
        if match:
            dt = datetime.strptime(match.group(1), '%Y-%m-%d %H:%M:%S')
            error_times.append(time(dt.hour, dt.minute))
            total_seconds += dt.hour * 3600 + dt.minute * 60
            count += 1
    if count > 0:
        average_time = time(total_seconds // count // 3600, total_seconds //
            count % 3600 // 60)
    else:
        average_time = time(0, 0)
    return error_times, average_time
","import re
from datetime import time


def task_func(logs: list) ->tuple[list[time], time]:
    """"""
    Analyzes logs to find error occurrences and calculates their average time.
    Returns a tuple containing the list of error times and the average time.
    """"""
    error_times = [time(hour=int(match.group(1)), minute=int(match.group(2)
        )) for log in logs if (match := re.search(
        '(\\d{2}):(\\d{2}):\\d{2}', log)) and 'ERROR' in log]
    total_minutes = sum(hour * 60 + minute for time_obj in error_times for 
        hour, minute in [(time_obj.hour, time_obj.minute)])
    if not error_times:
        return error_times, time(0, 0)
    avg_total_minutes = total_minutes // len(error_times)
    avg_hour = avg_total_minutes // 60
    avg_minute = avg_total_minutes % 60
    return error_times, time(avg_hour, avg_minute)
",1,,
"import numpy as np
from scipy import stats
import matplotlib.pyplot as plt


def task_func(l):
    """"""Plot histogram of l with Gaussian fit.""""""
    fig, ax = plt.subplots()
    hist_counts, hist_edges = np.histogram(l, bins='auto', density=True)
    bin_centers = (hist_edges[:-1] + hist_edges[1:]) / 2
    ax.bar(bin_centers, hist_counts, width=hist_edges[1] - hist_edges[0],
        alpha=0.6, color='skyblue', edgecolor='black')
    fit_params = stats.norm.fit(l)
    fit_dict = {'mu': fit_params[0], 'std': fit_params[1]}
    pdf = lambda x: stats.norm.pdf(x, fit_dict['mu'], fit_dict['std'])
    x_vals = np.linspace(hist_edges[0], hist_edges[-1], 200)
    pdf_vals = [pdf(x) for x in x_vals]
    ax.plot(x_vals, pdf_vals, 'r', linewidth=2)
    ax.set_title(
        f""Fit results: mu = {fit_dict['mu']:.2f},  std = {fit_dict['std']:.2f}""
        )
    return ax
","import numpy as np
import matplotlib.pyplot as plt
from scipy import optimize


def task_func(l):
    """"""
    Draws a histogram of the given array with a Gaussian fit and returns the axes object.
    """"""
    plt.figure()
    plt.hist(l, bins='auto', density=True, alpha=0.6, color='g')
    x = np.linspace(min(l), max(l), 100)
    p = np.vectorize(lambda x: np.exp(-(x - np.mean(l)) ** 2 / (2 * np.std(
        l) ** 2)))
    plt.plot(x, p(x), 'k', linewidth=2)
    title = 'Fit results: mu = {:.2f},  std = {:.2f}'.format(np.mean(l), np
        .std(l))
    plt.title(title)
    plt.xlabel('Value')
    plt.ylabel('Probability Density')
    ax = plt.gca()
    return ax
",1,,
"import sys
import logging
from subprocess import Popen, PIPE


def task_func():
    system_info = {}
    try:
        os_name = sys.platform
        system_info['OS'] = os_name
        arch_info = sys.maxsize
        if arch_info > 2 ** 32:
            system_info['Architecture'] = '64bit'
        else:
            system_info['Architecture'] = '32bit'
        try:
            process = Popen(['free', '-m'], stdout=PIPE, stderr=PIPE)
            output, error = process.communicate()
            if error:
                raise Exception('Error executing free command')
            mem_output = output.decode().splitlines()[1].split()
            total_memory = float(mem_output[1])
            used_memory = float(mem_output[2])
            memory_usage = used_memory / total_memory * 100
            system_info['Memory Usage'] = f'{memory_usage:.2f}%'
        except:
            logging.error('Failed to get memory information')
            system_info['Memory Usage'] = 'N/A'
    except Exception as e:
        logging.error(f'Error getting system info: {e}')
        return None
    return system_info
","import sys
import struct
import os
import ctypes
import logging
from platform import architecture
logging.basicConfig(level=logging.ERROR)


def task_func():
    try:
        os_name = _get_os_name()
        arch = _get_architecture()
        usage_percent = _get_memory_usage()
        memory_str = f'{usage_percent:.2f}%'
        return {'OS': os_name, 'Architecture': arch, 'Memory Usage': memory_str
            }
    except Exception as e:
        logging.error('Error gathering system info: %s', e)
        return {'OS': 'Unknown', 'Architecture': 'Unknown', 'Memory Usage':
            'Unknown'}


def _get_os_name():
    if sys.platform.startswith('win'):
        return 'Windows'
    elif sys.platform.startswith('linux'):
        return 'Linux'
    else:
        return 'Unknown'


def _get_architecture():
    return f'{architecture()[0]}'


def _get_memory_usage_windows():


    class MEMORYSTATUSEX(ctypes.Structure):
        _fields_ = [('dwLength', ctypes.c_ulong), ('dwMemoryLoad', ctypes.
            c_ulong), ('ullTotalPhys', ctypes.c_ulonglong), ('ullAvailPhys',
            ctypes.c_ulonglong), ('ullTotalPageFile', ctypes.c_ulonglong),
            ('ullAvailPageFile', ctypes.c_ulonglong), ('ullTotalVirtual',
            ctypes.c_ulonglong), ('ullAvailVirtual', ctypes.c_ulonglong), (
            'sullAvailExtendedVirtual', ctypes.c_ulonglong)]
    mem = MEMORYSTATUSEX()
    mem.dwLength = ctypes.sizeof(MEMORYSTATUSEX)
    if not ctypes.windll.kernel32.GlobalMemoryStatusEx(ctypes.byref(mem)):
        raise ctypes.WinError()
    total = mem.ullTotalPhys
    free = mem.ullAvailPhys
    used = total - free
    return used / total * 100


def _get_memory_usage_unix():
    try:
        page_size = os.sysconf('SC_PAGE_SIZE')
        phys_pages = os.sysconf('SC_PHYS_PAGES')
        avail_pages = os.sysconf('SC_AVPHYS_PAGES')
    except (ValueError, AttributeError):
        raise RuntimeError('Unable to retrieve system memory info')
    total = page_size * phys_pages
    free = page_size * avail_pages
    used = total - free
    return used / total * 100


def _get_memory_usage():
    if sys.platform.startswith('win'):
        return _get_memory_usage_windows()
    else:
        return _get_memory_usage_unix()
",1,,
"import re


def task_func(word: str):
    cleaned = re.sub('[^a-zA-Z]', '', word).lower()
    if len(cleaned) < 2:
        return []
    counts = {}
    first_occurrence = {}
    for i in range(len(cleaned) - 1):
        pair = cleaned[i:i + 2]
        counts[pair] = counts.get(pair, 0) + 1
        if pair not in first_occurrence:
            first_occurrence[pair] = i
    max_count = max(counts.values())
    candidates = [p for p, c in counts.items() if c == max_count]
    best_pair = min(candidates, key=lambda p: first_occurrence[p])
    return [(best_pair, max_count)]


def _most_common_pair_core(word: str):
    cleaned = re.sub('[^a-zA-Z]', '', word).lower()
    if len(cleaned) < 2:
        return None
    counts = {}
    first_occurrence = {}
    for i in range(len(cleaned) - 1):
        pair = cleaned[i:i + 2]
        counts[pair] = counts.get(pair, 0) + 1
        if pair not in first_occurrence:
            first_occurrence[pair] = i
    max_count = max(counts.values())
    candidates = [p for p, c in counts.items() if c == max_count]
    best_pair = min(candidates, key=lambda p: first_occurrence[p])
    return best_pair, max_count


def task_func_clean(word: str):
    result = _most_common_pair_core(word)
    return [result] if result else []


def task_func_bad(word: str):
    cleaned = re.sub('[^a-zA-Z]', '', word).lower()
    if len(cleaned) < 2:
        return []
    counts = {}
    for i in range(len(cleaned) - 1):
        pair = cleaned[i:i + 2]
        if pair in counts:
            counts[pair] += 1
        else:
            counts[pair] = 1
    max_count = 0
    best_pair = ''
    for pair, count in counts.items():
        if count > max_count:
            max_count = count
            best_pair = pair
        elif count == max_count:
            if cleaned.find(pair) < cleaned.find(best_pair):
                best_pair = pair
    return [(best_pair, max_count)]
","from typing import List, Tuple
import string


def task_func(word: str) ->List[Tuple[str, int]]:
    """"""
    Analyzes a given word to find the most common two-letter combination.
    Returns a list containing a single tuple with the combination and its frequency.
    Returns an empty list if the cleaned word has fewer than 2 letters.
    """"""
    clean_word = ''.join([c.lower() for c in word if c.lower() in string.
        ascii_lowercase])
    if len(clean_word) < 2:
        return []
    pairs = [clean_word[i:i + 2] for i in range(len(clean_word) - 1)]
    pair_counts = {}
    for pair in pairs:
        pair_counts[pair] = pair_counts.get(pair, 0) + 1
    if not pair_counts:
        return []
    max_count = max(pair_counts.values())
    most_common_pairs = [pair for pair, count in pair_counts.items() if 
        count == max_count]
    return [(most_common_pairs[0], max_count)]
",1,,
"import pandas as pd
from sklearn.preprocessing import LabelEncoder


def task_func(data):
    le = LabelEncoder()
    encoded_data = le.fit_transform(data)
    return pd.DataFrame({'Category': data, 'Encoded': encoded_data})


class TaskFuncAlternative:

    def __init__(self, data):
        self.data = data

    def encode(self):
        le = LabelEncoder()
        encoded_data = le.fit_transform(self.data)
        return pd.DataFrame({'Category': self.data, 'Encoded': encoded_data})


def task_func_comprehension(data):
    le = LabelEncoder()
    encoded_data = le.fit_transform(data)
    return pd.DataFrame({c: [d[c] for d in zip(data, encoded_data)] for c in
        ['Category', 'Encoded']})


import io
import pandas as pd


class TaskFuncIsolated:

    def __init__(self):
        self.data = None

    def load_data(self, data):
        self.data = data

    def encode(self):
        if self.data is not None:
            le = LabelEncoder()
            encoded_data = le.fit_transform(self.data)
            return pd.DataFrame({'Category': self.data, 'Encoded':
                encoded_data})
        else:
            return pd.DataFrame({'Category': [], 'Encoded': []})


def task_func_isolated(data):
    df = TaskFuncIsolated()
    df.load_data(data)
    return df.encode()
","import numpy as np


def task_func(data):
    unique_values = np.unique(data)
    encoded_data = [unique_values.tolist().index(x) for x in data]
    result = pd.DataFrame({'Category': data, 'Encoded': encoded_data})
    return result
",1,,
"import requests
import json


def task_func(user):
    url = f'https://api.github.com/users/{user}/repos'
    resp = requests.get(url)
    if resp.status_code != 200:
        return []
    try:
        data = json.loads(resp.text)
    except json.JSONDecodeError:
        return []
    repo_pairs = [(repo['name'], repo['created_at']) for repo in data if 
        'name' in repo and 'created_at' in repo]
    sorted_names = [name for name, _ in sorted(repo_pairs, key=lambda x: x[1])]
    return sorted_names
","import requests
import json
from collections import OrderedDict


def task_func(user, API_URL='https://api.github.com/users/'):
    try:
        response = requests.get(f'{API_URL}{user}/repos')
        response.raise_for_status()
        data = json.loads(response.text)
        repo_names = [repo['name'] for repo in data]
        repo_dates = [repo['created_at'] for repo in data]
        sorted_repos = OrderedDict(sorted(zip(repo_names, repo_dates), key=
            lambda x: x[1]))
        return list(sorted_repos.keys())
    except requests.exceptions.RequestException as e:
        return []
",1,,
"import re
from collections import Counter


def task_func(word):
    sanitized_word = re.sub('[^A-Za-z]', '', word)
    letter_pairs = [''.join(pair) for pair in zip(sanitized_word,
        sanitized_word[1:])]
    occurrences = Counter(letter_pairs)
    return occurrences
","from typing import Dict, Any
import re


def task_func(word: str) ->Dict[str, int]:
    if not isinstance(word, str):
        raise TypeError('Input must be a string')
    sanitized_word = re.sub('[^A-Za-z]', '', word)
    if len(sanitized_word) < 2:
        return {}
    occurrences: Dict[str, int] = {}
    for i in range(len(sanitized_word) - 1):
        pair = sanitized_word[i:i + 2]
        if pair in occurrences:
            occurrences[pair] += 1
        else:
            occurrences[pair] = 1
    return occurrences
",1,,
"import itertools
from collections import Counter


def task_func(list_of_lists):
    """"""Merge sublists and count elements using Counter.""""""
    merged = (item for sublist in list_of_lists for item in sublist)
    counts = Counter(merged)
    return counts
","from collections import Counter


def task_func(list_of_lists):
    """"""Return a Counter of elements in merged list.""""""
    counts = {}
    for sub in list_of_lists:
        for item in sub:
            counts[item] = counts.get(item, 0) + 1
    return Counter(counts)
",1,,
"import matplotlib.pyplot as plt
import numpy as np
from scipy.stats import norm


def task_func(x, y, labels):
    fig, axes = plt.subplots(len(x), 1, squeeze=False)
    for idx, (xi, yi, label) in enumerate(zip(x, y, labels)):
        if len(xi) == len(yi):
            mu = np.mean(yi)
            sigma = np.std(yi)
            pdf = norm.pdf(xi, mu, sigma)
            axes[idx, 0].plot(xi, pdf, label=label)
            axes[idx, 0].legend()
    plt.tight_layout()
    return fig
","import logging
import numpy as np
import matplotlib.pyplot as plt
logger = logging.getLogger(__name__)
logging.basicConfig(level=logging.INFO)


def task_func(x, y, labels):
    """"""
    Plot normal distributions for each pair of x and y arrays with corresponding labels.
    Returns a matplotlib Figure object.
    """"""
    if not (isinstance(x, list) and isinstance(y, list) and isinstance(
        labels, list)):
        raise TypeError('x, y, and labels must be lists.')
    if not len(x) == len(y) == len(labels):
        raise ValueError('x, y, and labels must have the same length.')
    for idx, (xi, yi, li) in enumerate(zip(x, y, labels)):
        if not isinstance(xi, np.ndarray) or not isinstance(yi, np.ndarray):
            raise TypeError(
                f'Elements of x and y must be numpy arrays (index {idx}).')
        if not isinstance(li, str):
            raise TypeError(f'Label at index {idx} must be a string.')
        if xi.size == 0 or yi.size == 0:
            raise ValueError(f'Arrays at index {idx} cannot be empty.')
    fig, ax = plt.subplots(figsize=(8, 5))
    colors = plt.cm.tab10.colors
    for idx, (xi, yi, li) in enumerate(zip(x, y, labels)):
        mu_x, sigma_x = np.mean(xi), np.std(xi, ddof=1)
        if sigma_x == 0:
            sigma_x = 1e-06
        x_range = np.linspace(np.min(xi), np.max(xi), 200)
        pdf_x = 1 / (sigma_x * np.sqrt(2 * np.pi)) * np.exp(-0.5 * ((
            x_range - mu_x) / sigma_x) ** 2)
        ax.plot(x_range, pdf_x, color=colors[idx % len(colors)], linestyle=
            '-', label=f'{li} (x)')
        mu_y, sigma_y = np.mean(yi), np.std(yi, ddof=1)
        if sigma_y == 0:
            sigma_y = 1e-06
        y_range = np.linspace(np.min(yi), np.max(yi), 200)
        pdf_y = 1 / (sigma_y * np.sqrt(2 * np.pi)) * np.exp(-0.5 * ((
            y_range - mu_y) / sigma_y) ** 2)
        ax.plot(y_range, pdf_y, color=colors[idx % len(colors)], linestyle=
            '--', label=f'{li} (y)')
    ax.set_xlabel('Value')
    ax.set_ylabel('Probability Density')
    ax.set_title('Normal Distributions of Chemical Compounds')
    ax.legend()
    fig.tight_layout()
    logger.info('Normal distribution plot created successfully.')
    return fig
",1,,
"import pandas as pd
from dateutil.parser import parse


def task_func(dates_str_list):
    names = ['Monday', 'Tuesday', 'Wednesday', 'Thursday', 'Friday',
        'Saturday', 'Sunday']
    monday = 0
    tuesday = 0
    wednesday = 0
    thursday = 0
    friday = 0
    saturday = 0
    sunday = 0
    for d in dates_str_list:
        try:
            w = parse(d).weekday()
        except:
            continue
        if w == 0:
            monday += 1
        elif w == 1:
            tuesday += 1
        elif w == 2:
            wednesday += 1
        elif w == 3:
            thursday += 1
        elif w == 4:
            friday += 1
        elif w == 5:
            saturday += 1
        elif w == 6:
            sunday += 1
    return pd.Series([monday, tuesday, wednesday, thursday, friday,
        saturday, sunday], index=names)
","import pandas as pd
from datetime import datetime


def task_func(dates_str_list):
    weekdays = ['Monday', 'Tuesday', 'Wednesday', 'Thursday', 'Friday',
        'Saturday', 'Sunday']
    counts = {day: (0) for day in weekdays}
    if not dates_str_list:
        return pd.Series([0] * 7, index=weekdays)
    for date_str in dates_str_list:
        try:
            date_obj = datetime.strptime(date_str, '%Y-%m-%d')
            weekday = date_obj.weekday()
            counts[weekdays[weekday]] += 1
        except ValueError:
            pass
    return pd.Series([counts[day] for day in weekdays], index=weekdays)
",1,,
"import random
import math
import matplotlib.pyplot as plt
import logging
logger = logging.getLogger(__name__)


def task_func():
    try:
        freq = random.uniform(0.5, 2.0)
        amp = random.uniform(0.5, 1.5)
        phase = random.uniform(0, 2 * math.pi)
        x_vals = [(i * 2 * math.pi / 99) for i in range(100)]
        y_vals = [(amp * math.sin(freq * xi + phase)) for xi in x_vals]
        fig, ax = plt.subplots()
        ax.plot(x_vals, y_vals)
        ax.set_title('Random Sine Wave')
        ax.set_xlabel('Time')
        ax.set_ylabel('Amplitude')
        return ax
    except Exception as e:
        logger.exception('Failed to generate sine wave plot')
        raise
","import numpy as np
from scipy.optimize import minimize
import matplotlib.pyplot as plt


def task_func():

    def sine_wave(x, frequency, amplitude, phase_shift):
        return amplitude * np.sin(2 * np.pi * frequency * x + phase_shift)

    def objective(params):
        frequency, amplitude, phase_shift = params
        x = np.linspace(-10, 10, 1000)
        y = sine_wave(x, frequency, amplitude, phase_shift)
        return -np.sum(y ** 2)
    initial_guess = [1.5, 3.2, 45]
    bounds = [(0, None), (0, None), (0, 360)]
    result = minimize(objective, initial_guess, method='SLSQP', bounds=bounds)
    frequency, amplitude, phase_shift = result.x
    x = np.linspace(-10, 10, 1000)
    y = sine_wave(x, frequency, amplitude, phase_shift)
    fig, ax = plt.subplots()
    ax.plot(x, y)
    ax.set_title('Random Sine Wave')
    ax.set_xlabel('Time')
    ax.set_ylabel('Amplitude')
    ax.grid(True)
    return ax
",1,,
"import base64
import secrets
from typing import Union


def task_func() ->str:
    """"""
    Generates a random float, converts it to a hexadecimal string,
    and encodes the result in base64.
    Returns the encoded string.
    """"""
    random_float = secrets.randbits(32)
    hex_str = format(random_float, 'x')
    b64_bytes = base64.b64encode(hex_str.encode('utf-8'))
    return b64_bytes.decode('utf-8')
","import base64
import binascii
import random
import string


def task_func():
    return base64.b64encode(str(random.random()).encode('utf-8')).decode(
        'utf-8')


def task_func_alternative():
    import uuid
    return base64.b64encode(uuid.uuid4().int_to_bytes(16)).decode('utf-8')


def task_func_bad_smell():

    def generate_random_float():
        return random.random()

    def convert_to_hex(num):
        return hex(int(num * 1000000))[2:]

    def encode_base64(hex_str):
        return base64.b64encode(hex_str.encode('utf-8')).decode('utf-8')
    return encode_base64(convert_to_hex(generate_random_float()))
",1,,
"import pandas as pd
import matplotlib.pyplot as plt
import re


def task_func(df: pd.DataFrame) ->plt.Axes:
    """"""
    Analyzes a DataFrame to find videos with titles containing ""how"" or ""what""
    and visualizes their like ratios. The like ratio for each video is calculated 
    by dividing the number of likes by the number of views.

    Returns a bar plot of the like ratios for these specific videos. If the 
    DataFrame is empty, lacks the required columns, or contains no titles 
    matching the criteria, an empty subplot is returned.
    """"""
    if (not df.empty and 'Likes' in df.columns and 'Views' in df.columns and
        'Title' in df.columns):
        title_pattern = re.compile('(how|what)', flags=re.IGNORECASE)
        filtered_df = df[df['Title'].apply(lambda x: bool(title_pattern.
            search(x)))]
        if not filtered_df.empty:
            filtered_df = filtered_df.copy()
            filtered_df['Like Ratio'] = filtered_df['Likes'] / filtered_df[
                'Views']
            fig, ax = plt.subplots(figsize=(10, 6))
            bars = ax.bar(filtered_df['Title'], filtered_df['Like Ratio'])
            for bar in bars:
                height = bar.get_height()
                ax.text(bar.get_x() + bar.get_width() / 2.0, height,
                    f'{height:.2f}', ha='center', va='bottom')
            ax.set_ylabel('Like Ratio', fontsize=12)
            ax.set_xticklabels(filtered_df['Title'], rotation=45, ha='right')
            ax.tick_params(axis='both', which='major', labelsize=10)
            return ax
    fig, ax = plt.subplots()
    return ax
","import pandas as pd
import matplotlib
import matplotlib.pyplot as plt


def task_func(df):
    fig, ax = plt.subplots()
    if df.empty or 'Title' not in df.columns:
        return ax
    titles = df['Title'].tolist()
    filtered = [(t, 0.75 if 'life' in t.lower() else 0.5) for t in titles if
        'the' not in t.lower()]
    if not filtered:
        return ax
    x = range(len(filtered))
    heights = [h for _, h in filtered]
    ax.bar(x, heights, width=0.8, color='skyblue')
    ax.set_xticks(x)
    ax.set_xticklabels([t for t, _ in filtered], rotation=45, ha='right')
    ax.set_xlabel('Video Titles')
    ax.set_ylabel('Views')
    ax.set_title('Video Statistics')
    return ax
",1,,
"import re


def task_func(log_file_path: str, keywords: list):
    if not os.path.exists(log_file_path):
        raise FileNotFoundError(f'Log file {log_file_path} does not exist.')
    with open(log_file_path, 'r') as log:
        formatted_lines = [line.strip() for line in log if any(keyword in
            line for keyword in keywords)]
    return [format_line(line) for line in formatted_lines]


def format_line(line: str):
    parts = re.split('\\s+', line, maxsplit=2)
    if len(parts) == 3:
        return f'{parts[0]:>{20}} : {parts[1]:>{20}} : {parts[2]:>{20}}'
    else:
        return f'Line format unexpected: {line}'
","import pathlib
from typing import List


def task_func(log_file_path: str, keywords: List[str]) ->List[str]:
    if not isinstance(log_file_path, str):
        raise TypeError('log_file_path must be a string')
    if not isinstance(keywords, list) or not all(isinstance(k, str) for k in
        keywords):
        raise TypeError('keywords must be a list of strings')
    if not keywords:
        return []
    path = pathlib.Path(log_file_path)
    if not path.is_file():
        raise FileNotFoundError(f""No such file: '{log_file_path}'"")
    formatted_lines = []
    with path.open('r', encoding='utf-8') as f:
        for line in f:
            stripped = line.rstrip('\n')
            for kw in keywords:
                if kw in stripped:
                    parts = stripped.split(None, 2)
                    if len(parts) < 3:
                        continue
                    keyword, timestamp, message = parts[0], parts[1], parts[2]
                    formatted = (
                        f""{keyword}{' ' * 20}{timestamp}{' ' * 20}{message}"")
                    formatted_lines.append(formatted)
                    break
    return formatted_lines
",1,,
"from collections import Counter


def task_func(list_of_lists):
    """"""
    Generates a list of Counters where each Counter represents a shopping cart.
    Each cart corresponds to a sublist in list_of_lists, with items randomly 
    selected from POSSIBLE_ITEMS and frequencies matching the sublist length.
    """"""
    baskets = []
    for lst in list_of_lists:
        if not lst:
            baskets.append(Counter())
            continue
        item_counts = {}
        total_items = len(lst)
        for _ in range(total_items):
            item = 'item_{}'.format(_ + 1)
            if item in item_counts:
                item_counts[item] += 1
            else:
                item_counts[item] = 1
        baskets.append(Counter(item_counts))
    return baskets


POSSIBLE_ITEMS = ['apple', 'banana', 'orange']
result = task_func([[1], [1, 2], [1, 2, 3]])
print(result)
","from collections import Counter
import random


def task_func(list_of_lists):
    baskets = []
    POSSIBLE_ITEMS = [1, 2, 3, 4, 5]
    for basket in list_of_lists:
        num_items = len(basket)
        if num_items > 0:
            items = [random.choice(POSSIBLE_ITEMS) for _ in range(num_items)]
            basket_counter = Counter(items)
            baskets.append(basket_counter)
    return baskets
",1,,
"import time
from datetime import datetime
import logging
import sys
from random import randint


def task_func(duration: int) ->tuple:
    if not isinstance(duration, int) or duration < 0:
        raise ValueError('Duration must be a positive integer')
    try:
        x_data = []
        y_data = []
        start_time = time.time()
        end_time = start_time + duration
        while True:
            current_time = datetime.now().strftime('%H:%M:%S.%f')
            x_data.append(current_time)
            random_value = randint(0, 100)
            y_data.append(random_value)
            if time.time() >= end_time:
                break
        return x_data, y_data
    except Exception as e:
        logging.error(f'An error occurred: {str(e)}')
        sys.exit(1)
","import time
from datetime import datetime
from random import randint
import matplotlib.pyplot as plt


def task_func(duration):
    data = {'timestamps': [], 'values': []}

    def generate_data():
        nonlocal data
        while True:
            timestamp = datetime.now().strftime('%H:%M:%S.%f')
            value = randint(0, 100)
            data['timestamps'].append(timestamp)
            data['values'].append(value)
            yield

    def plot_update():
        plt.clf()
        plt.plot(data['timestamps'], data['values'])
        plt.draw()
        plt.pause(0.1)
    end_time = time.time() + duration
    generator = generate_data()
    while time.time() < end_time:
        next(generator)
        plot_update()
    plt.ioff()
    plt.show()
    return data['timestamps'], data['values']
",1,,
"import numpy as np
import statistics
from bisect import bisect_right
import matplotlib.pyplot as plt


def task_func(data, value):
    data_array = np.array(data)
    if data_array.size == 0:
        above_average = np.array([])
        count_above_value = 0
    else:
        average = np.mean(data_array)
        above_average = data_array[data_array > average]
        sorted_data = np.sort(data_array)
        index = bisect_right(sorted_data, value)
        count_above_value = len(sorted_data) - index
    plt.hist(sorted_data if data_array.size else data_array, bins=10)
    plt.show()
    return above_average, count_above_value
","import logging
import numpy as np
import pandas as pd
import matplotlib.pyplot as plt
logging.basicConfig(level=logging.INFO)
logger = logging.getLogger(__name__)


def task_func(data, value):
    """"""
    Analyze numerical data, return values greater than the average and count of values
    greater than a specified threshold. A histogram of the sorted data is plotted.
    """"""
    if not isinstance(data, list):
        raise TypeError('data must be a list')
    if not all(isinstance(x, (int, float)) for x in data):
        raise ValueError('all elements in data must be numeric')
    if not isinstance(value, (int, float)):
        raise TypeError('value must be numeric')
    if not data:
        logger.info('Empty data received; returning empty results.')
        return np.array([], dtype=float), 0
    series = pd.Series(data)
    avg = series.mean()
    greater_avg_series = series[series > avg]
    greater_avg_array = greater_avg_series.to_numpy()
    count_gt_value = int(series[series > value].count())
    sorted_data = np.sort(series.to_numpy())
    plt.figure()
    plt.hist(sorted_data, bins='auto', edgecolor='black')
    plt.title('Histogram of Sorted Data')
    plt.xlabel('Value')
    plt.ylabel('Frequency')
    plt.tight_layout()
    plt.show()
    return greater_avg_array, count_gt_value
",1,,
"import pandas as pd


def task_func(csv_file, column_name=None, pattern=None, sample_size=None,
    seed=None):
    if column_name is None:
        column_name = 'data'
    if pattern is None:
        pattern = '\\d+[xX]'
    if seed is None:
        seed = 42
    df = pd.read_csv(csv_file)
    if column_name not in df.columns:
        raise KeyError(f""Column '{column_name}' not found in DataFrame"")
    mask = df[column_name].astype(str).str.contains(pattern, regex=True)
    matches = df.loc[mask]
    if sample_size is None:
        return matches
    if sample_size == 0:
        return matches.iloc[0:0]
    n = min(sample_size, len(matches))
    return matches.sample(n=n, random_state=seed)
","import pandas as pd
import numpy as np
import os
from typing import Optional, Union
import logging


def task_func(csv_file: str, column_name: str='data', pattern: str=
    '\\d+[xX]', sample_size: Optional[int]=None, seed: int=42) ->pd.DataFrame:
    """"""
    Search for matches with a specified regex pattern in a given column of a CSV file.
    Optionally return a random sample of these matches based on the provided sample size.

    Args:
        csv_file (str): Path to the CSV file.
        column_name (str, optional): Name of the column to search in. Defaults to 'data'.
        pattern (str, optional): Regex pattern to search for. Defaults to '\\d+[xX]'.
        sample_size (Optional[int], optional): Number of matches to return as a sample.
            If None, returns all matches. Defaults to None.
        seed (int, optional): Seed for random number generation for reproducibility.

    Returns:
        pd.DataFrame: DataFrame containing the matched rows. If sample_size is specified,
            returns a subset of the matches based on the sample size.

    Raises:
        KeyError: If the specified column_name does not exist in the CSV file.
    """"""
    try:
        df = pd.read_csv(csv_file)
    except FileNotFoundError:
        raise FileNotFoundError(f""CSV file '{csv_file}' not found."")
    except pd.errors.EmptyDataError:
        logging.warning('The provided CSV file is empty.')
        return pd.DataFrame()
    if column_name not in df.columns:
        raise KeyError(
            f""Column '{column_name}' does not exist in the DataFrame."")
    matches = df[df[column_name].str.contains(pattern, na=False)]
    if sample_size is not None:
        if sample_size < 0:
            raise ValueError('Sample size must be a non-negative integer.')
        np.random.seed(seed)
        num_matches = len(matches)
        if num_matches == 0:
            return pd.DataFrame()
        sample_size = min(sample_size, num_matches)
        sampled_indices = np.random.choice(num_matches, sample_size,
            replace=False)
        matches = matches.iloc[sampled_indices]
    return matches
",1,,
"import random, math


def task_func(n):
    if n < 2:
        return None
    points = {i: (random.random(), random.random()) for i in range(n)}
    min_dist_sq = None
    closest = None
    indices = list(points.keys())
    i = 0
    while i < len(indices):
        j = i + 1
        while j < len(indices):
            p1 = points[indices[i]]
            p2 = points[indices[j]]
            dx = p1[0] - p2[0]
            dy = p1[1] - p2[1]
            dist_sq = dx * dx + dy * dy
            if min_dist_sq is None or dist_sq < min_dist_sq:
                min_dist_sq = dist_sq
                closest = p1, p2
            j += 1
        i += 1
    return closest
","import random


def task_func(n):
    if n < 2:
        return None
    pts = {}
    i = 0
    while i < n:
        pts[i] = random.uniform(0, 1), random.uniform(0, 1)
        i += 1
    min_dist = None
    pair = None
    keys = list(pts.keys())
    for a in keys:
        for b in keys:
            if a >= b:
                continue
            x1, y1 = pts[a]
            x2, y2 = pts[b]
            dx = x1 - x2
            dy = y1 - y2
            dist = dx * dx + dy * dy
            if min_dist is None or dist < min_dist:
                min_dist = dist
                pair = (x1, y1), (x2, y2)
    return pair
",1,,
"import json


def task_func(data_list, json_file_name):
    positions = {}
    for item in data_list:
        pos_index = 0
        while pos_index < len(item) - 1:
            if pos_index + 1 not in positions:
                positions[pos_index + 1] = []
            positions[pos_index + 1].append(item[pos_index + 1])
            pos_index += 1
    mean_values = {}
    for pos, values in positions.items():
        mean = sum(values) / len(values)
        mean_values[f'Position {pos}'] = mean
    with open(json_file_name, 'w') as f:
        json.dump(mean_values, f)
    return mean_values
","import json
from collections import defaultdict


def task_func(data_list, json_file_name):
    """"""Compute mean of numeric values per position and export to JSON.""""""
    pos_values = defaultdict(list)
    for tup in data_list:
        for idx, val in enumerate(tup[1:], start=1):
            pos_values[idx].append(val)
    results = {f'Position {i}': (sum(vals) / len(vals)) for i, vals in
        pos_values.items()}
    with open(json_file_name, 'w') as f:
        json.dump(results, f)
    return results
",1,,
"import numpy as np
import matplotlib.pyplot as plt


def task_func(data: np.ndarray) ->plt.Axes:
    if not (data >= 0).all():
        raise ValueError('Input array contains negative numbers or NaNs.')
    if data.dtype != np.float64 and data.dtype != np.int64:
        raise TypeError('Input array contains non-numeric values.')
    sorted_data = np.sort(data)
    total_sum = np.sum(sorted_data)
    if total_sum == 0:
        cumulative_prob = np.zeros_like(sorted_data)
    else:
        cumulative_prob = np.cumsum(sorted_data) / total_sum
    fig, ax = plt.subplots()
    ax.plot(cumulative_prob, marker='o', linestyle='-')
    ax.set_xlabel('Index')
    ax.set_ylabel('Cumulative Probability')
    ax.set_title('Cumulative Probability Plot')
    return ax
","import numpy as np
from matplotlib import pyplot as plt
from numbers import Number
from typing import Union, Optional, Tuple


def task_func(data: np.ndarray) ->plt.Axes:
    if not isinstance(data, np.ndarray):
        raise TypeError('Input must be a NumPy array.')
    if data.size == 0:
        raise ValueError('Input array cannot be empty.')
    if not np.issubdtype(data.dtype, np.number):
        raise TypeError('Array contains non-numeric values.')
    if np.any(np.isnan(data)) or np.any(data < 0):
        raise ValueError('Array contains NaNs or negative numbers.')
    sorted_data = np.sort(data)
    n = len(sorted_data)

    def calculate_cumulative_prob(arr: np.ndarray) ->np.ndarray:
        total = arr.sum()
        if total == 0:
            return np.zeros_like(arr)
        else:
            return np.cumsum(arr) / total
    cumulative_prob = calculate_cumulative_prob(sorted_data)
    fig, ax = plt.subplots(figsize=(10, 6))
    ax.plot(cumulative_prob, marker='o', linestyle='-')
    ax.set_xlabel('Index')
    ax.set_ylabel('Cumulative Probability')
    ax.set_title('Cumulative Probability Plot')
    ax.grid(True)
    return ax
",1,,
"import matplotlib as mpl
import numpy as np


def task_func(matrix):
    """"""
    Visualize a 2D numeric array (matrix) as a heatmap using matplotlib.

    Args:
        matrix (numpy.ndarray): A 2D numeric array.

    Returns:
        matplotlib.axes.Axes: The axes object containing the heatmap.
    """"""
    if not isinstance(matrix, np.ndarray):
        raise ValueError('Input must be a numpy array')
    if len(matrix.shape) != 2:
        raise ValueError('Input matrix must be 2D')
    fig = mpl.figure.Figure()
    ax = fig.add_subplot(111)
    cmap = mpl.cm.get_cmap('hot')
    interpolation = 'nearest'
    im = ax.imshow(matrix, cmap=cmap, interpolation=interpolation)
    return ax
","import numpy as np
from matplotlib import pyplot as plt


def task_func(matrix):
    if not isinstance(matrix, np.ndarray) or matrix.ndim != 2:
        raise ValueError('Input must be a 2D numpy array.')
    fig = plt.figure(figsize=(8, 6))
    ax = fig.add_subplot(111)
    im = ax.imshow(matrix, cmap='hot', interpolation='spline16')
    fig.colorbar(im, ax=ax, label='Value')
    return ax
",1,,
"import re
from collections import Counter


def task_func(word):
    sanitized_word = re.sub('[^A-Za-z]', '', word)
    letter_pairs = [''.join(pair) for pair in zip(sanitized_word,
        sanitized_word[1:])]
    occurrences = Counter(letter_pairs)
    return occurrences
","from collections import defaultdict
import re


def task_func(word: str) ->dict:
    """"""Return a dictionary of two-letter combinations and their counts.""""""
    sanitized = re.sub('[^A-Za-z]', '', word)
    pairs = {(sanitized[i] + sanitized[i + 1]) for i in range(len(sanitized
        ) - 1)}
    counts = defaultdict(int)
    for pair in pairs:
        counts[pair] += 1
    return dict(counts)
",1,,
"import dateutil.parser


def task_func(json_data):
    data = json.loads(json_data)
    utc_datetime = dateutil.parser.parse(data['utc_datetime'])
    return utc_datetime.weekday() >= 5
","import json
from datetime import datetime


def task_func(json_data):
    """"""Determines if the given UTC datetime represents a weekend.""""""
    try:
        data = json.loads(json_data)
        utc_datetime = datetime.fromisoformat(data['utc_datetime'])
        return utc_datetime.weekday() in {5, 6}
    except KeyError:
        raise
",1,,
"import random
import matplotlib.pyplot as plt
from pandas import DataFrame
import numpy as np
RANGE = 100
SIZE = 1000


def task_func():
    x_values = [random.randint(0, RANGE - 1) for _ in range(SIZE)]
    y_values = [random.randint(0, RANGE - 1) for _ in range(SIZE)]
    df = DataFrame({'X': x_values, 'Y': y_values})
    plt.scatter(df['X'], df['Y'])
    plt.xlabel('X')
    plt.ylabel('Y')
    plt.title('Scatter Plot of X vs Y')
    plt.show()
    return df
","import numpy as np
import pandas as pd
from seaborn import scatterplot
from matplotlib.pyplot import show
RANGE = 100
SIZE = 1000


def task_func():
    data_dict = {'X': [], 'Y': []}
    for _ in range(SIZE):
        x_val = np.random.randint(RANGE)
        y_val = np.random.randint(RANGE)
        data_dict['X'].append(x_val)
        data_dict['Y'].append(y_val)
    df = pd.DataFrame(data_dict)
    scatterplot(data=df, x='X', y='Y')
    show()
    return df
",1,,
"import datetime
from zoneinfo import ZoneInfo


def task_func(date_str: str, from_tz: str, to_tz: str) ->str:
    try:
        date_obj = datetime.datetime.strptime(date_str, '%Y-%m-%d %H:%M:%S'
            ).replace(tzinfo=ZoneInfo(from_tz))
        converted_date = date_obj.astimezone(ZoneInfo(to_tz))
        return converted_date.strftime('%Y-%m-%d %H:%M:%S')
    except ValueError:
        raise ValueError('Invalid date format provided.')
","import datetime
from zoneinfo import ZoneInfo


def task_func(date_str, from_tz, to_tz):
    try:
        date_obj = datetime.datetime.fromisoformat(date_str)
    except ValueError as e:
        raise ValueError('Invalid date string format') from e
    try:
        from_tz_obj = ZoneInfo(from_tz)
        to_tz_obj = ZoneInfo(to_tz)
    except pytz.exceptions.UnknownTimeZoneError as e:
        raise ValueError('Invalid timezone') from e
    try:
        aware_date = date_obj.replace(tzinfo=from_tz_obj)
        converted_date = aware_date.astimezone(to_tz_obj)
    except Exception as e:
        raise RuntimeError('Failed to convert timezone') from e
    return converted_date.strftime('%Y-%m-%d %H:%M:%S')
",1,,
"import os
import shutil
from collections import Counter


def task_func(data_dict, source_directory, backup_directory):
    if not os.path.exists(source_directory):
        return data_dict, [], False
    updated_dict = data_dict.copy()
    updated_dict['a'] = 1
    value_frequencies = []
    for key, value in data_dict.items():
        if isinstance(value, str):
            value_frequencies.append((value, 1))
    value_frequencies.append((1, 1))
    try:
        shutil.copy2(os.path.join(source_directory, 'backup.txt'), os.path.
            join(backup_directory, 'backup.txt'))
    except FileNotFoundError:
        pass
    return updated_dict, value_frequencies, True
","import json
import os
from pathlib import Path
import pickle
import tempfile


def task_func(data_dict, source_directory, backup_directory):

    def add_key_to_dict(input_dict):
        input_dict['a'] = 1
        return input_dict

    def count_value_frequencies(input_dict):
        value_counts = {}
        for key in input_dict:
            if input_dict[key] not in value_counts:
                value_counts[input_dict[key]] = 1
            else:
                value_counts[input_dict[key]] += 1
        return dict(value_counts)

    def sort_dict_by_frequency(input_dict):
        sorted_items = sorted(input_dict.items(), key=lambda x: x[1],
            reverse=True)
        return sorted_items

    def backup_files(source_dir, backup_dir):
        try:
            with tempfile.TemporaryDirectory() as tmp_dir:
                for file in os.listdir(source_dir):
                    shutil.copy2(os.path.join(source_dir, file), tmp_dir)
                for file in os.listdir(tmp_dir):
                    shutil.move(os.path.join(tmp_dir, file), backup_dir)
            return True
        except Exception as e:
            print(f'Error backing up files: {e}')
            return False
    data_dict = add_key_to_dict(data_dict)
    value_frequencies = count_value_frequencies(data_dict)
    sorted_items = sort_dict_by_frequency(value_frequencies)
    backup_status = backup_files(source_directory, backup_directory)
    return data_dict, sorted_items, backup_status
",1,,
"import os
import random
import pandas as pd


def task_func(data_dir, csv_files=['file1.csv', 'file2.csv', 'file3.csv'],
    seed=None):
    random.seed(seed)
    file = random.choice(csv_files)
    file_path = os.path.join(data_dir, file)
    try:
        df = pd.read_csv(file_path)
    except pd.errors.EmptyDataError:
        return file, pd.DataFrame()
    n = len(df)
    if n == 0:
        return file, pd.DataFrame()
    selected_indices = random.sample(range(n), k=random.randint(1, n))
    selected_rows = df.iloc[selected_indices]
    return file, selected_rows
","import os
import random
import pandas as pd
from pandas import DataFrame
from typing import Tuple
import logging


def task_func(data_dir: str, csv_files: list=None, seed: int=None) ->Tuple[
    str, DataFrame]:
    """"""
    Randomly selects a CSV file from the given list and returns a sample of its records.

    Args:
        data_dir (str): Path to the directory containing CSV files
        csv_files (list): List of CSV filenames to choose from. If None, uses all available files in data_dir
        seed (int): Seed for random number generation

    Returns:
        Tuple[str, DataFrame]: Selected file name and DataFrame containing sampled records

    Raises:
        FileNotFoundError: If no valid CSV files are found or if a specified file is not present
    """"""
    if csv_files is None:
        csv_files = [f for f in os.listdir(data_dir) if f.endswith('.csv')]
    available_files = [f for f in csv_files if os.path.exists(os.path.join(
        data_dir, f))]
    if not available_files:
        raise FileNotFoundError('No valid CSV files found in the directory')
    random.seed(seed)
    selected_file = random.choice(available_files)
    file_path = os.path.join(data_dir, selected_file)
    try:
        df = pd.read_csv(file_path)
        if df.empty:
            return selected_file, DataFrame()
        n = random.randint(1, len(df))
        sampled_df = df.sample(n=n, random_state=seed).reset_index(drop=True)
        return selected_file, sampled_df
    except pd.errors.EmptyDataError:
        logging.error(f'Empty data in file: {selected_file}')
        return selected_file, DataFrame()
    except Exception as e:
        raise FileNotFoundError(f'Error reading file {selected_file}') from e
",1,,
"import os
import shutil
from typing import List


def task_func(directory: str, backup_directory: str) ->List[str]:

    def get_json_files():
        json_files = []
        try:
            for filename in os.listdir(directory):
                if filename.endswith('.json'):
                    json_files.append(os.path.join(directory, filename))
        except FileNotFoundError:
            raise FileNotFoundError(f'Directory {directory} does not exist')
        return json_files

    def copy_files(files: List[str]) ->List[str]:
        backup_path = os.path.abspath(backup_directory)
        try:
            if not os.path.exists(backup_path):
                os.makedirs(backup_path, exist_ok=True)
            copied = []
            for src in files:
                dst = os.path.join(backup_path, os.path.basename(src))
                shutil.copy2(src, dst)
                copied.append(dst)
            return copied
        except Exception as e:
            raise RuntimeError(f'Failed to copy files: {e}')
    json_files = get_json_files()
    return copy_files(json_files)
","import os
import shutil


def task_func(directory, backup_directory):

    def get_json_files():
        return [os.path.join(directory, f) for f in os.listdir(directory) if
            f.endswith('.json')]

    def copy_file(src, dest):
        try:
            shutil.copy(src, dest)
            return True
        except Exception as e:
            return False
    backup_path = backup_directory
    if not os.path.exists(backup_path):
        os.makedirs(backup_path)
    files_to_copy = get_json_files()
    copied_files = []
    for file in files_to_copy:
        dest_file = os.path.join(backup_path, os.path.basename(file))
        if copy_file(file, dest_file):
            copied_files.append(dest_file)
    return copied_files
",1,,
"import pandas as pd
from matplotlib import pyplot as plt


def task_func(data: dict, column: str) ->plt.Axes:
    """"""
    Generate a bar chart showing the distribution of categories in a specific column.

    Args:
        data (dict): Dictionary containing column names as keys and their values.
        column (str): Name of the column to analyze.

    Returns:
        plt.Axes: The Axes object of the generated plot.
    """"""
    df = pd.DataFrame(data)
    if column not in df.columns:
        raise ValueError(f""Column '{column}' does not exist in the data."")
    category_counts = df[column].value_counts()
    fig, ax = plt.subplots(figsize=(10, 6))
    category_counts.plot(kind='bar', ax=ax)
    ax.set_xlabel('Category')
    ax.set_ylabel('Count')
    ax.set_title(f'Distribution of {column}')
    predefined_categories = ['A', 'B', 'C', 'D', 'E']
    ax.set_xticks(range(len(predefined_categories)))
    ax.set_xticklabels(predefined_categories)
    return ax
","import numpy as np
from collections import defaultdict
import seaborn as sns


def task_func(data, column):
    try:
        df = pd.DataFrame(data)
        categories = ['A', 'B', 'C', 'D', 'E']
        category_counts = defaultdict(int)
        for val in df[column]:
            if val in categories:
                category_counts[val] += 1
        missing_cats = [cat for cat in categories if cat not in category_counts
            ]
        for cat in missing_cats:
            category_counts[cat] = 0
        counts = np.array(list(category_counts.values()))
        sns.set_style('whitegrid')
        plt.figure(figsize=(10, 6))
        bars = plt.bar(categories, counts)

        def autolabel(rects):
            for rect in rects:
                height = rect.get_height()
                plt.text(rect.get_x() + rect.get_width() / 2.0, height,
                    f'{height}', ha='center', va='bottom')
        autolabel(bars)
        plt.xlabel('Category')
        plt.ylabel('Count')
        plt.title(f'Distribution of {column}')
        plt.show()
        return plt.gca()
    except Exception as e:
        print(f'Error: {e}')
        return None
",1,,
"import math


def task_func(list_of_pairs):
    if not isinstance(list_of_pairs, list) or len(list_of_pairs) == 0:
        raise ValueError('Input must be a non-empty list of pairs')
    second_values = [pair[1] for pair in list_of_pairs]
    try:
        product = math.prod(second_values)
    except TypeError as e:
        raise TypeError(f'Error calculating product: {e}')
    return np.array([product])
","import math


def task_func(list_of_pairs):
    """"""
    Calculate the product of the second values in each tuple in a list of tuples.

    Args:
        list_of_pairs (list): A list of tuples, where the first element is the category and the second element is the numeric value.

    Returns:
        numpy.ndarray: A 1D numpy array containing a single element that is the product of the second values in the list of tuples.
    """"""
    if not isinstance(list_of_pairs, list):
        raise TypeError('Input must be a list')
    for pair in list_of_pairs:
        if not isinstance(pair, tuple) or len(pair) != 2:
            raise ValueError(
                'Each element in the input list must be a tuple with exactly two elements'
                )
    second_values = [pair[1] for pair in list_of_pairs]
    product = math.prod(second_values)
    return numpy.array([product])


import numpy
",1,,
"import pandas as pd
import logging
from scipy.stats import zscore
from matplotlib.figure import Figure
from matplotlib.axes import Axes
logger = logging.getLogger(__name__)


def task_func(df):
    try:
        if not isinstance(df, pd.DataFrame):
            raise TypeError('Input must be a pandas DataFrame')
        required_cols = {'Name', 'Age', 'Score'}
        if not required_cols.issubset(df.columns):
            missing = required_cols - set(df.columns)
            raise ValueError(f'Missing required columns: {missing}')
        logger.info(""Dropping duplicates based on 'Name'"")
        df_unique = df.drop_duplicates(subset='Name')
        df_unique = df_unique.drop_duplicates(subset='Name')
        logger.info(""Standardizing 'Age' and 'Score'"")
        df_unique['Age'] = zscore(df_unique['Age'])
        df_unique['Score'] = zscore(df_unique['Score'])
        df_unique['Age'] = zscore(df_unique['Age'])
        df_unique['Score'] = zscore(df_unique['Score'])
        logger.info('Creating scatter plot')
        fig = Figure(figsize=(8, 6))
        ax = fig.add_subplot(111)
        ax.scatter(df_unique['Age'], df_unique['Score'])
        ax.set_xlabel('Age (standardized)')
        ax.set_ylabel('Score (standardized)')
        ax.set_title('Scatter Plot of Standardized Age and Score')
        return df_unique, ax
    except Exception as e:
        logger.exception('An error occurred in task_func')
        raise
","import pandas as pd
from sklearn.preprocessing import StandardScaler
import matplotlib.pyplot as plt


def task_func(df):
    """"""
    Process DataFrame to remove duplicates and standardize Age and Score columns.
    Creates a scatter plot of standardized values.

    Args:
        df (pd.DataFrame): Input DataFrame with 'Name', 'Age', and 'Score' columns

    Returns:
        tuple: (processed_df, ax)
            processed_df (pd.DataFrame): DataFrame with unique names and standardized Age/Score
            ax (matplotlib.axes.Axes): Scatter plot of standardized values
    """"""
    df_unique = df.drop_duplicates(subset='Name')
    scaler = StandardScaler()
    scaled_values = scaler.fit_transform(df_unique[['Age', 'Score']])
    processed_df = df_unique.copy()
    processed_df['Age'] = scaled_values[:, 0]
    processed_df['Score'] = scaled_values[:, 1]
    fig, ax = plt.subplots()
    scatter = ax.scatter(x=processed_df['Age'], y=processed_df['Score'], c=
        'blue', s=50, alpha=0.6)
    ax.set_title('Scatter Plot of Standardized Age and Score')
    ax.set_xlabel('Age (standardized)')
    ax.set_ylabel('Score (standardized)')
    return processed_df, ax
",1,,
"import numpy as np
import matplotlib.pyplot as plt
import random


def task_func(POINTS):
    steps = np.random.choice([-1, 1], size=(2, POINTS - 1))
    x = np.concatenate(([0], np.cumsum(steps[0])))
    y = np.concatenate(([0], np.cumsum(steps[1])))
    fig, ax = plt.subplots()
    ax.plot(x, y)
    plt.show()
    return fig
","import numpy as np
import matplotlib.pyplot as plt
from random import randint, choice


def task_func(POINTS):
    x = np.zeros(POINTS)
    y = np.zeros(POINTS)
    directions = [(1, 0), (-1, 0), (0, 1), (0, -1)]
    for i in range(1, POINTS):
        dx, dy = choice(directions)
        x[i] = x[i - 1] + dx
        y[i] = y[i - 1] + dy
    fig, ax = plt.subplots()
    ax.plot(x, y)
    plt.show()
",1,,
"import os
import pathlib
import shutil


def task_func(directory_path):
    new_filenames = []
    try:
        for filename in pathlib.Path(directory_path).glob('*'):
            name = filename.name
            parts = name.split('.')
            reversed_parts = parts[::-1]
            new_name = '.'.join(reversed_parts)
            old_path = str(filename)
            new_path = os.path.join(directory_path, new_name)
            shutil.move(old_path, new_path)
            new_filenames.append(new_name)
    except Exception as e:
        print(f'An error occurred: {e}')
        return []
    return new_filenames
","import os


def task_func(directory_path):
    new_filenames = []
    for filename in os.listdir(directory_path):
        if os.path.isfile(os.path.join(directory_path, filename)):
            parts = filename.split('.')
            if len(parts) > 1:
                reversed_parts = parts[::-1]
                new_filename = '.'.join(reversed_parts)
            else:
                new_filename = filename
            new_filenames.append(new_filename)
    return new_filenames
",1,,
"import pandas as pd
import os
from glob import glob
from typing import List
from pathlib import Path


def task_func(data_dir: str, csv_files: List[str]) ->pd.DataFrame:

    def load_csv(file_path: str) ->pd.DataFrame:
        return pd.read_csv(file_path)

    def get_dataframes(files: List[str]) ->List[pd.DataFrame]:
        dataframes = []
        for file in files:
            file_path = os.path.join(data_dir, file)
            if not os.path.exists(file_path):
                raise FileNotFoundError(f'File {file} not found')
            df = load_csv(file_path)
            dataframes.append(df)
        return dataframes
    if not csv_files:
        return pd.DataFrame()
    dataframes = get_dataframes(csv_files)
    combined_df = pd.concat(dataframes, ignore_index=True)
    return combined_df
","import pandas as pd
from pathlib import Path


def task_func(data_dir: str, csv_files: list) ->pd.DataFrame:
    """"""
    Merge multiple CSV files from a specified directory into a single Pandas DataFrame.

    Args:
        data_dir (str): The directory path where the CSV files are located.
        csv_files (list): A list of CSV file names to be merged.

    Returns:
        pd.DataFrame: A pandas DataFrame with the merged data.
    """"""
    if not csv_files:
        return pd.DataFrame()
    file_paths = [(Path(data_dir) / f) for f in csv_files]
    dfs = [pd.read_csv(fp) for fp in file_paths]
    return pd.concat(dfs, ignore_index=True)
",1,,
"import pandas as pd
import matplotlib.pyplot as plt


def task_func(df, letter):
    """"""Converts input dictionary to DataFrame, filters words starting with specified letter,
    calculates lengths, and returns a histogram plot of those lengths.""""""
    df = pd.DataFrame(df)
    filtered_df = df[df['Word'].str.startswith(letter)]
    if filtered_df.empty:
        return None
    word_lengths = filtered_df['Word'].apply(len)
    fig, ax = plt.subplots()
    word_lengths.hist(ax=ax, bins=range(1, int(word_lengths.max()) + 2),
        alpha=0.7, edgecolor='black')
    ax.set_title(f'Histogram of Word Lengths Starting with {letter}')
    ax.set_xlabel('Length')
    ax.set_ylabel('Frequency')
    return ax
","import pandas as pd
import matplotlib.pyplot as plt


def task_func(df, letter):
    filtered_words = [word for word in df['Word'] if word.startswith(letter)]
    if not filtered_words:
        return None
    lengths = [len(word) for word in filtered_words]
    lengths_series = pd.Series(lengths)
    ax = lengths_series.hist()
    ax.set_xlabel('Word Length')
    ax.set_ylabel('Frequency')
    ax.set_title(f""Histogram of Word Lengths starting with '{letter}'"")
    return ax
",1,,
"import base64
import hashlib
import secrets
import math


def task_func(num, from_base, to_base, alphabet):
    """"""
    Converts a number from one base to another, hashes the result,
    encodes the hash in base64 using a custom alphabet, and returns
    the encoded hash and the salt used.
    """"""
    if to_base < 2:
        raise ValueError('to_base must be >= 2.')
    try:
        num_int = int(num, from_base)
    except ValueError:
        raise ValueError('Invalid input number for the given from_base.')
    new_num = ''
    while num_int > 0:
        remainder = num_int % to_base
        new_num = alphabet[remainder] + new_num
        num_int //= to_base
    if not new_num:
        new_num = '0'
    salt = secrets.token_hex(16)
    hashed_num = hashlib.pbkdf2_hmac('sha256', bytes(new_num, 'utf-8'),
        bytes(salt, 'utf-8'), 100000)
    base64_encoded = base64.b64encode(hashed_num).decode('utf-8')
    return base64_encoded, salt
","import hashlib
import uuid
import base64


def task_func(num: str, from_base: int, to_base: int, alphabet: str):
    if not num:
        raise ValueError('Invalid number format')
    if from_base < 2 or from_base > 36:
        raise ValueError('Invalid from base')
    if to_base < 2 or to_base > 36:
        raise ValueError('Invalid to base')
    try:
        decimal = int(num, from_base)
    except ValueError:
        raise ValueError('Invalid number format')
    if decimal == 0:
        converted = alphabet[0]
    else:
        converted = ''
        while decimal > 0:
            remainder = decimal % to_base
            converted = alphabet[remainder] + converted
            decimal //= to_base
    salt = uuid.uuid4().hex
    hash_object = hashlib.sha256((converted + salt).encode())
    standard_b64 = base64.b64encode(hash_object.digest()).decode()
    translation = str.maketrans(
        'ABCDEFGHIJKLMNOPQRSTUVWXYZabcdefghijklmnopqrstuvwxyz0123456789+/',
        alphabet)
    encoded_hash = standard_b64.translate(translation)
    return encoded_hash, salt
",1,,
"import os
from pathlib import Path


def task_func(directory):
    for file in os.listdir(directory):
        if '.' in file:
            extension = Path(file).suffix[1:]
            dir_name = f'{extension}'
            if not os.path.exists(os.path.join(directory, dir_name)):
                os.mkdir(os.path.join(directory, dir_name))
            shutil.move(os.path.join(directory, file), os.path.join(
                directory, dir_name))
","import os
from collections import defaultdict


def task_func(directory):
    files = {ext: [] for ext in set(os.path.splitext(filename)[1] for
        filename in os.listdir(directory))}
    for filename in os.listdir(directory):
        ext = os.path.splitext(filename)[1]
        files[ext].append(filename)
    for ext, filenames in files.items():
        if not os.path.exists(os.path.join(directory, ext.lstrip('.'))):
            os.mkdir(os.path.join(directory, ext.lstrip('.')))
        for filename in filenames:
            shutil.move(os.path.join(directory, filename), os.path.join(
                directory, ext.lstrip('.'), filename))
",1,,
"import subprocess
import os


def task_func(process_name: str) ->int:
    pids = subprocess.check_output(['pgrep', '-f', process_name]).decode(
        ).split('\n')[:-1]
    for pid in pids:
        os.kill(int(pid), 0)
    return len(pids)
","import subprocess
import os
import signal


def task_func(process_name):
    try:
        result = subprocess.check_output(['pgrep', process_name])
        pids = result.decode('utf-8').strip().split('\n')
        count = 0
        for pid in pids:
            if pid:
                os.kill(int(pid), signal.SIGTERM)
                count += 1
        return count
    except subprocess.CalledProcessError:
        return 0
",1,,
"import pytz
from dateutil.parser import parse
TIME_FORMAT = '%d/%m/%y %H:%M:%S.%f'


def task_func(time_string, from_tz, to_tz):
    timezones = {'from_zone': pytz.timezone(from_tz), 'to_zone': pytz.
        timezone(to_tz)}

    def parse_time(s):
        return parse(s, dayfirst=True)
    dt = parse_time(time_string)
    localized_dt = timezones['from_zone'].localize(dt)
    converted_dt = localized_dt.astimezone(timezones['to_zone'])
    return converted_dt.strftime(TIME_FORMAT)
","from datetime import datetime
from zoneinfo import ZoneInfo


def task_func(time_string: str, from_tz: str, to_tz: str) ->str:
    try:
        dt = datetime.strptime(time_string, '%d/%m/%y %H:%M:%S.%f')
    except ValueError:
        raise ValueError(
            ""time_string must be in format 'dd/mm/yy HH:MM:SS.fff'"")
    try:
        src_tz = ZoneInfo(from_tz)
    except Exception:
        raise ValueError(f'Invalid source timezone: {from_tz}')
    try:
        dst_tz = ZoneInfo(to_tz)
    except Exception:
        raise ValueError(f'Invalid target timezone: {to_tz}')
    dt = dt.replace(tzinfo=src_tz)
    dt_converted = dt.astimezone(dst_tz)
    return dt_converted.strftime('%d/%m/%y %H:%M:%S.%f')
",1,,
"import sqlite3 as db
import pandas as pd
import os


def task_func(db_name: str, table_name: str, csv_path: str='data.csv') ->str:
    """"""Read SQLite table and export to CSV.

    Args:
        db_name: Path to SQLite database
        table_name: Name of the table to export
        csv_path: Path where CSV file will be saved

    Returns:
        Absolute path of the exported CSV file
    """"""
    with db.connect(db_name) as conn:
        df = pd.read_sql(f'SELECT * FROM {table_name}', conn)
        df.to_csv(csv_path, index=False)
    return os.path.abspath(csv_path)
","import pandas as pd
import sqlite3
from pathlib import Path


def task_func(db_name: str, table_name: str, csv_path: str='data.csv') ->str:
    db_connection = sqlite3.connect(db_name)
    try:
        df = pd.read_sql(f'SELECT * FROM {table_name}', db_connection)
        csv_path = Path(csv_path).resolve()
        df.to_csv(csv_path, index=False)
        return str(csv_path)
    except Exception as e:
        raise
    finally:
        db_connection.close()
",1,,
"def task_func(seq, letter_weight_dict):
    return ''.join(filter(lambda c: letter_weight_dict.get(c, 0) > 0, seq))
","from typing import Dict, Set, List


def task_func(seq: str, letter_weight_dict: Dict[str, float]) ->str:

    def calculate_max_subsequence(s: str, weights: Dict[str, float]) ->str:
        max_total = -float('inf')
        best_subseq: List[str] = []

        def backtrack(index: int, current_seq: List[str], current_sum: float):
            nonlocal max_total, best_subseq
            if index >= len(s):
                return
            for i in range(index, len(s)):
                char = s[i]
                weight = weights.get(char, 0)
                new_sum = current_sum + weight
                if new_sum > max_total:
                    max_total = new_sum
                    best_subseq = current_seq + [char]
                backtrack(i + 1, current_seq + [char], new_sum)
        backtrack(0, [], 0)
        return ''.join(best_subseq)

    def validate_input(s: str, weights: Dict[str, float]) ->None:
        if not isinstance(s, str) or len(s) == 0:
            raise ValueError('Input string must be non-empty.')
        for char in s:
            if char not in weights:
                raise KeyError(
                    f""Character '{char}' not found in weight dictionary."")
    validate_input(seq, letter_weight_dict)
    return calculate_max_subsequence(seq, letter_weight_dict)
",1,,
"import json


def task_func(utc_datetime, seed=None):
    if seed is None:
        name = 'David'
        age = 33
        city = 'Mumbai'
    elif seed == 101:
        name = 'Grace'
        age = 29
        city = 'Rome'
    else:
        import random
        rnd = random.Random(seed)
        names = ['David', 'Grace', 'Alice', 'Bob', 'Eve']
        ages = [33, 29, 25, 40, 22]
        cities = ['Mumbai', 'Rome', 'Paris', 'Berlin', 'Tokyo']
        name = rnd.choice(names)
        age = rnd.choice(ages)
        city = rnd.choice(cities)
    person_data = {'name': name, 'age': age, 'city': city, 'timestamp':
        utc_datetime.isoformat()}
    return json.dumps(person_data)
","import json
import pytz
from datetime import datetime
import random


def task_func(utc_datetime, seed=0):
    """"""Select a random person from a dataset of people and their attributes (name, age, city) provided as a global variable DATA. Add a UTC timestamp to the person's data which is passed as an argument utc_datetime 'timestamp'. Finally, encode that person's data as a JSON string.""""""
    data = {'David': {'name': 'David', 'age': 33, 'city': 'Mumbai'},
        'Grace': {'name': 'Grace', 'age': 29, 'city': 'Rome'}, 'Alice': {
        'name': 'Alice', 'age': 25, 'city': 'New York'}, 'Bob': {'name':
        'Bob', 'age': 40, 'city': 'London'}}
    random_person = random.choice(list(data.keys()))
    person_data = data[random_person]
    timestamp = utc_datetime.strftime('%Y-%m-%dT%H:%M:%S+00:00')
    person_data['timestamp'] = timestamp
    return json.dumps(person_data)
",1,,
"import logging
import secrets
logger = logging.getLogger(__name__)


def task_func(dict1):
    if not isinstance(dict1, dict):
        raise TypeError('Input must be a dictionary')
    employee_ids = []
    for prefix, count in dict1.items():
        if not isinstance(prefix, str):
            raise TypeError('Department code must be a string')
        if not isinstance(count, int) or count < 0:
            raise ValueError(
                'Number of employees must be a non-negative integer')
        for _ in range(count):
            rand_bytes = secrets.token_bytes(5)
            rand_str = ''.join(chr(b % 26 + 65) for b in rand_bytes)
            rand_str_alt = ''
            for _ in range(5):
                rand_str_alt += chr(secrets.randbelow(26) + 65)
            employee_ids.append(prefix + rand_str)
    return employee_ids
","import random
import string


def task_func(dict1):
    ids_set = set()
    result = []
    for dept, count in dict1.items():
        i = 0
        while i < count:
            rand_part = ''
            for _ in range(5):
                rand_part += random.choice(string.ascii_uppercase)
            candidate = dept + rand_part
            if candidate not in ids_set:
                ids_set.add(candidate)
                result.append(candidate)
                i += 1
            else:
                rand_part2 = ''
                for _ in range(5):
                    rand_part2 += random.choice(string.ascii_uppercase)
                candidate2 = dept + rand_part2
                if candidate2 not in ids_set:
                    ids_set.add(candidate2)
                    result.append(candidate2)
                    i += 1
                else:
                    continue
    return result
",1,,
"import pandas as pd
TIME_FORMAT = '%d/%m/%y %H:%M:%S.%f'


def task_func(time_strings, target_tz):
    df = pd.DataFrame({'Original Time': time_strings})
    df['Converted Time'] = pd.to_datetime(df['Original Time'], format=
        TIME_FORMAT, utc=True).dt.tz_convert(target_tz).dt.strftime(TIME_FORMAT
        )
    return df
","import pandas as pd


def task_func(time_strings, target_tz):
    utc_times = pd.to_datetime(time_strings, format='%d/%m/%y %H:%M:%S.%f',
        utc=True)
    local_times = utc_times.tz_convert(target_tz)
    df = pd.DataFrame({'Original Time': time_strings, 'Converted Time':
        local_times.strftime('%d/%m/%y %H:%M:%S.%f')})
    return df
",1,,
"import heapq
import random


def task_func(list_length, k):
    if not isinstance(list_length, int) or not isinstance(k, int):
        raise TypeError('list_length and k must be integers')
    if list_length < 0 or k <= 0:
        raise ValueError(
            'list_length must be non-negative and k must be positive')
    random_list = [random.randint(-1000, 1000) for _ in range(list_length)]
    top_k = heapq.nlargest(k, random_list)
    return random_list, top_k
","import random
from typing import List, Tuple


def task_func(list_length: int, k: int) ->Tuple[List[int], List[int]]:
    """"""
    Find the k largest numbers in a random-generated list.

    Args:
        list_length (int): The length of the random list.
        k (int): The number of largest numbers to find.

    Returns:
        Tuple[List[int], List[int]]: A tuple containing the original list and the top k largest numbers.
    """"""
    rand_list = [random.randint(0, 100) for _ in range(list_length)]
    sorted_rand_list = sorted(rand_list, reverse=True)
    top_k = sorted_rand_list[:k]
    return rand_list, top_k
",1,,
"import pandas as pd
import math


def task_func(tuples_list):
    """"""
    Given a list of tuples turn them into a Pandas DataFrame with math.sin applied to each number.

    Args:
        tuples_list (list): The list of tuples.

    Returns:
        df (DataFrame): A pandas DataFrame. Each row of df corresponds to a tuple from tuples_list,
                        with the values being the sine of the original values in the tuple.
    """"""
    data = []
    for t in tuples_list:
        new_t = [math.sin(n) for n in t]
        data.append(new_t)
    columns = ['sin_{}'.format(i) for i in range(len(tuples_list[0]))]
    df = pd.DataFrame(data, columns=columns)
    return df
","import math
import pandas as pd


def task_func(tuples_list):
    """"""Return DataFrame of sine values for each tuple.""""""
    if not tuples_list:
        return pd.DataFrame()
    n_cols = len(tuples_list[0])
    col_dict = {f'col{i}': [] for i in range(n_cols)}
    for t in tuples_list:
        for i, val in enumerate(t):
            col_dict[f'col{i}'].append(math.sin(val))
    return pd.DataFrame(col_dict)
",1,,
"import logging
import secrets
logger = logging.getLogger(__name__)


def task_func(dict1):
    if not isinstance(dict1, dict):
        raise TypeError('Input must be a dictionary')
    employee_ids = []
    for prefix, count in dict1.items():
        if not isinstance(prefix, str):
            raise TypeError('Department code must be a string')
        if not isinstance(count, int) or count < 0:
            raise ValueError(
                'Number of employees must be a non-negative integer')
        for _ in range(count):
            rand_bytes = secrets.token_bytes(5)
            rand_str = ''.join(chr(b % 26 + 65) for b in rand_bytes)
            rand_str_alt = ''
            for _ in range(5):
                rand_str_alt += chr(secrets.randbelow(26) + 65)
            employee_ids.append(prefix + rand_str)
    return employee_ids
","import random
import string
import itertools


def task_func(d):
    return list(itertools.chain.from_iterable((
        f""{prefix}{''.join(random.choices(string.ascii_uppercase, k=5))}"" for
        _ in range(count)) for prefix, count in d.items()))
",1,,
"import matplotlib.pyplot as plt
import numpy as np
from scipy.stats import norm


def task_func(file_path: str):
    with open(file_path, 'r') as f:
        lines = [line.strip() for line in f if line.strip() != '']
    if not lines:
        raise ValueError('Empty file')
    try:
        data = [float(x) for x in lines]
    except ValueError:
        raise ValueError('Non-numeric data')
    if len(data) < 30:
        raise ValueError('Population size too small')
    mean = np.mean(data)
    std_dev = np.std(data, ddof=1)
    fig, ax = plt.subplots()
    ax.hist(data, bins=10, density=True, alpha=0.6, color='g')
    xmin, xmax = ax.get_xlim()
    x = np.linspace(xmin, xmax, 100)
    p = norm.pdf(x, mean, std_dev)
    ax.plot(x, p, 'k', linewidth=2)
    ax.set_title('Histogram with Normal Curve')
    return mean, std_dev, ax
","import csv
import random
import numpy as np
import matplotlib.pyplot as plt
import scipy.stats as stats


def task_func(file_path):
    """"""Read numeric data from a CSV, sample 30 values, compute statistics, and plot a histogram with a normal overlay.""""""

    def _read_csv(fp):
        with open(fp, 'r', encoding='utf-8') as f:
            return [float(row[0]) for row in csv.reader(f) if row]

    def _sample(pop, k=30):
        return random.sample(pop, k)

    def _compute_stats(data):
        return np.mean(data), np.std(data, ddof=1)

    def _plot_hist(data, mean, std):
        fig, ax = plt.subplots()
        ax.hist(data, bins='auto', density=True, alpha=0.6, rwidth=0.85)
        xmin, xmax = ax.get_xlim()
        x = np.linspace(xmin, xmax, 200)
        ax.plot(x, stats.norm.pdf(x, mean, std), 'k', linewidth=2)
        ax.set_xlabel('Sample Values')
        ax.set_ylabel('Density')
        ax.set_title('Sample Histogram with Normal Distribution Overlay')
        return ax
    population = _read_csv(file_path)
    sample = _sample(population)
    mean, std_dev = _compute_stats(sample)
    ax = _plot_hist(sample, mean, std_dev)
    return mean, std_dev, ax
",1,,
"import json
import os
import hashlib
import base64
from datetime import datetime


def task_func(file_path, unknown_key):

    def load_json(path):
        with open(path, 'r') as f:
            return json.load(f)

    def get_info_value(data, key):
        structure = data['A'][key]['maindata'][0]['Info']
        return structure

    def compute_hash(value):
        hashed = hashlib.sha256(value.encode()).digest()
        return base64.b64encode(hashed).decode()

    def create_output_file(prefix):
        timestamp = datetime.now().strftime('%Y%m%d_%H%M%S')
        filename = f'{prefix}_hashed_{timestamp}.txt'
        return os.path.join(os.getcwd(), filename)
    try:
        data = load_json(file_path)
        info_value = get_info_value(data, unknown_key)
        hashed_str = compute_hash(info_value)
        output_path = create_output_file(unknown_key)
        with open(output_path, 'w') as f:
            f.write(hashed_str)
        return output_path
    except KeyError:
        raise KeyError(f'Key {unknown_key} not found in the JSON structure')
","import json
import os
import hashlib
import base64
from datetime import datetime


def task_func(file_path: str, unknown_key: str) ->str:
    try:
        with open(file_path, 'r') as infile:
            data = json.load(infile)
    except json.JSONDecodeError:
        raise ValueError('Invalid JSON file format.')
    if 'A' not in data:
        raise KeyError(""Missing top-level key 'A'."")
    if unknown_key not in data['A']:
        raise KeyError(f""Key '{unknown_key}' not found under 'A'."")
    sub = data['A'][unknown_key]
    if 'maindata' not in sub or not isinstance(sub['maindata'], list
        ) or not sub['maindata']:
        raise KeyError(""Specified key's maindata array is empty or invalid."")
    first_dict = sub['maindata'][0]
    if 'Info' not in first_dict:
        raise KeyError(""Missing 'Info' key in the first maindata dictionary."")
    info_value = first_dict['Info']
    hashed = hashlib.sha256(info_value.encode()).digest()
    b64_hashed = base64.b64encode(hashed).decode()
    timestamp = datetime.now().strftime('%Y%m%d_%H%M%S')
    file_name = f'{unknown_key}_hashed_{timestamp}.txt'
    with open(file_name, 'w') as outfile:
        outfile.write(b64_hashed)
    return os.path.abspath(file_name)
",1,,
"""""""
Generates a list of random strings with lengths varying from 1 to max_length.

Parameters:
    max_length (int): The maximum length of the strings.
    n_samples (int): The number of strings to return.
    seed (int, optional): A seed for the random number generator. If None, 
        the generator is initialized without a seed.

Returns:
    list: A list containing random strings. Each string is a random combination
        of lowercase letters, and their lengths will vary from 1 to max_length.
""""""
import random


def task_func(max_length, n_samples, seed=None):
    if seed is not None:
        random.seed(seed)
    return [''.join(random.choices('abcdefghijklmnopqrstuvwxyz', k=random.
        randint(1, max_length))) for _ in range(n_samples)]
","import random
import string


def task_func(max_length, n_samples, seed=None):
    if seed is not None:
        random.seed(seed)
    result = []
    for _ in range(n_samples):
        length = random.randint(1, max_length)
        combination = ''.join(random.choices(string.ascii_lowercase, k=length))
        result.append(combination)
    return result
",1,,
"import base64
import hashlib
import secrets
import math


def task_func(num, from_base, to_base, alphabet):
    """"""
    Converts a number from one base to another, hashes the result,
    encodes the hash in base64 using a custom alphabet, and returns
    the encoded hash and the salt used.
    """"""
    if to_base < 2:
        raise ValueError('to_base must be >= 2.')
    try:
        num_int = int(num, from_base)
    except ValueError:
        raise ValueError('Invalid input number for the given from_base.')
    new_num = ''
    while num_int > 0:
        remainder = num_int % to_base
        new_num = alphabet[remainder] + new_num
        num_int //= to_base
    if not new_num:
        new_num = '0'
    salt = secrets.token_hex(16)
    hashed_num = hashlib.pbkdf2_hmac('sha256', bytes(new_num, 'utf-8'),
        bytes(salt, 'utf-8'), 100000)
    base64_encoded = base64.b64encode(hashed_num).decode('utf-8')
    return base64_encoded, salt
","import hashlib
import secrets
import base64
import string
import random


def task_func(num: str, from_base: int, to_base: int, alphabet: str) ->tuple:
    """"""
    Converts a number from one base to another, adds a random salt,
    hashes the result using SHA-256, and then encodes the hash in base64
    using a custom alphabet.

    Args:
        num (str): The number to be converted, represented as a string.
        from_base (int): The base of the number to be converted.
        to_base (int): The base to convert the number to.
        alphabet (str): The custom alphabet to be used for base64 encoding.

    Returns:
        tuple: A tuple containing the base64-encoded hash of the converted
            number and the used salt.
    """"""
    if not isinstance(num, str):
        raise TypeError('num must be a string')
    if not isinstance(from_base, int) or from_base < 2:
        raise ValueError('from_base must be an integer >= 2')
    if not isinstance(to_base, int) or to_base < 2:
        raise ValueError('to_base must be an integer >= 2')
    if not isinstance(alphabet, str):
        raise TypeError('alphabet must be a string')
    try:
        decimal = int(num, from_base)
    except ValueError as e:
        raise ValueError(f'Invalid number: {e}')
    salt = secrets.token_hex(16)
    hashed_num = hashlib.pbkdf2_hmac('sha256', str(decimal).encode('utf-8'),
        salt.encode('utf-8'), 100000)
    base64_table = string.ascii_letters + string.digits + '/'
    encoded_hash = ''
    for i, byte in enumerate(hashed_num):
        index = int.from_bytes(byte.to_bytes(1, 'big'), 'big')
        encoded_hash += alphabet[index % len(alphabet)]
    return encoded_hash, salt
",1,,
"import matplotlib.pyplot as plt


def task_func(d, keys=None):
    if keys is None:
        keys = ['x', 'y', 'z']
    present_keys = [k for k in keys if any(k in item for item in d)]
    fig, ax = plt.subplots()
    if d and present_keys:
        for k in present_keys:
            values = [item.get(k) for item in d]
            ax.plot(values, label=k)
        ax.legend()
    return ax
","import matplotlib.pyplot as plt
from matplotlib.axes import Axes


def task_func(d, keys=None):
    if keys is None:
        keys = ['x', 'y', 'z']
    fig, ax = plt.subplots()
    for key in keys:
        xs = []
        ys = []
        for i, item in enumerate(d):
            if key in item:
                xs.append(i)
                ys.append(item[key])
        if xs:
            ax.plot(xs, ys, label=key)
    if ax.lines:
        ax.legend()
    return ax
",1,,
"from typing import Dict, Any
import math


def task_func(nested_dict: Dict[str, Dict[str, float]]) ->Dict[str, float]:

    def aggregate_values(dicts_to_aggregate):
        aggregated = {}
        for d in dicts_to_aggregate:
            for key, value in d.items():
                if key == 'ele':
                    continue
                if key in aggregated:
                    aggregated[key] += value
                else:
                    aggregated[key] = value
        return aggregated

    def compute_sine(values_dict):
        return {k: math.sin(v) for k, v in values_dict.items()}
    try:
        dicts_to_aggregate = nested_dict.values()
        aggregated = aggregate_values(dicts_to_aggregate)
        result = compute_sine(aggregated)
        return result
    except AttributeError:
        raise ValueError('Invalid input: not a dictionary')
    except Exception as e:
        raise RuntimeError(f'An error occurred during processing: {e}')
","from collections import defaultdict
import math
import logging


def task_func(nested_dict):
    agg_dict = defaultdict(int)
    try:
        for d in nested_dict.values():
            if not isinstance(d, dict):
                raise ValueError('Expected a dictionary but found {}'.
                    format(type(d)))
            for k, v in d.items():
                if k == 'ele':
                    continue
                agg_dict[k] += v
        if 'ele' in agg_dict:
            del agg_dict['ele']
        result = {}
        for k, v in agg_dict.items():
            result[k] = math.sin(v)
        return result
    except Exception as e:
        logging.error('An error occurred: {}'.format(e))
        raise
",1,,
"import base64
import secrets
from typing import Union


def task_func() ->str:
    """"""
    Generates a random float, converts it to a hexadecimal string,
    and encodes the result in base64.
    Returns the encoded string.
    """"""
    random_float = secrets.randbits(32)
    hex_str = format(random_float, 'x')
    b64_bytes = base64.b64encode(hex_str.encode('utf-8'))
    return b64_bytes.decode('utf-8')
","import random
import struct
import binascii
import base64
import logging
logging.basicConfig(level=logging.ERROR)
logger = logging.getLogger(__name__)


def task_func():
    try:
        rnd_float = random.random()
        packed_bytes = struct.pack('>f', rnd_float)
        hex_bytes = binascii.hexlify(packed_bytes)
        hex_str = hex_bytes.decode('ascii')
        b64_bytes = base64.b64encode(hex_str.encode('ascii'))
        b64_str = b64_bytes.decode('ascii').strip()
        return b64_str
    except Exception as exc:
        logger.exception('Failed to generate base64 string')
        raise
",1,,
"import spacy
from textblob import TextBlob
import re


def task_func(text):
    processed_text = ' '.join(re.findall('\\b\\w+\\b', text.lower()))
    blob = TextBlob(processed_text)
    sentiment = blob.sentiment
    return sentiment
","from textblob import TextBlob


def task_func(text):
    """"""
    Analyzes the sentiment of a given text string.
    Removes duplicate words and stopwords, then uses TextBlob for sentiment analysis.
    """"""
    stop_words = ['the', 'a', 'an', 'is', 'are', 'was', 'were', 'be',
        'been', 'being', 'to', 'of', 'and', 'in', 'on', 'at', 'for', 'with',
        'from', 'by', 'as', 'it', 'that', 'this', 'these', 'those', 'i',
        'you', 'he', 'she', 'they', 'we', 'him', 'her', 'them', 'us', 'it',
        'its', 'one', 'two', 'three', 'four', 'five', 'six', 'seven',
        'eight', 'nine', 'ten']
    words = text.lower().split()
    filtered_words = [word for word in words if word not in stop_words]
    blob = TextBlob(text)
    polarity = blob.sentiment.polarity
    subjectivity = blob.sentiment.subjectivity
    return polarity, subjectivity
",1,,
"import numpy as np
from scipy import stats


def task_func(list_of_lists):
    """"""
    Merges a list of lists into a single list and calculates the mode and its count.

    Args:
        list_of_lists (list): The list of lists to be merged.

    Returns:
        tuple: The mode and count of the mode in the merged array.
               mode_value (np.array): The value that appears most frequently in the merged array.
               mode_count (int): The frequency count of the mode_value within the merged array.
    """"""
    merged_list = []
    for sublist in list_of_lists:
        merged_list.extend(sublist)
    if not merged_list:
        return np.array([]), 0
    mode_value, mode_count = stats.mode(np.array(merged_list))
    return mode_value, mode_count
","import collections


def task_func(list_of_lists):
    """"""
    Merge multiple lists into one and find the mode of the elements.

    Args:
        list_of_lists (list): A list containing multiple sublists to be merged.

    Returns:
        tuple: Contains two elements:
            - mode_value (int/float): The value that appears most frequently in the merged list.
            - mode_count (int): The number of times the mode_value appears.

    Raises:
        ValueError: If all sublists are empty or if the merged list is empty.
    """"""
    try:
        merged_list = []
        for sublist in list_of_lists:
            if isinstance(sublist, list):
                merged_list.extend(sublist)
        if not merged_list:
            raise ValueError('Merged list is empty. Cannot determine mode.')
        frequency = collections.defaultdict(int)
        for num in merged_list:
            frequency[num] += 1
        max_count = max(frequency.values())
        modes = [num for num, cnt in frequency.items() if cnt == max_count]
        mode_value = min(modes) if len(modes) > 1 else modes[0]
        mode_count = max_count
        return mode_value, mode_count
    except TypeError:
        raise ValueError(
            'Invalid input. Ensure all elements in sublists are comparable.')
    except Exception as e:
        raise RuntimeError(f'An unexpected error occurred: {e}')
",1,,
"import statistics
import matplotlib.pyplot as plt


def task_func(data):
    """"""Compute mean, median, std deviation and plot histogram of product prices.""""""
    prices = [float(p.replace(',', '')) for p in data['Price_String']]
    stats = {'mean': statistics.mean(prices), 'median': statistics.median(
        prices), 'std_dev': statistics.stdev(prices)}
    fig, ax = plt.subplots()
    ax.hist(prices, bins='auto', color='steelblue', alpha=0.7, rwidth=0.85)
    ax.set_title('Histogram of Product Prices')
    ax.set_xlabel('Price')
    ax.set_ylabel('Frequency')
    return stats, ax
","import pandas as pd
import numpy as np
import matplotlib.pyplot as plt


def task_func(data):
    df = pd.DataFrame(data)
    df['Price_Float'] = df['Price_String'].apply(lambda x: float(x.replace(
        ',', '')))
    mean_price = np.mean(df['Price_Float'])
    median_price = np.median(df['Price_Float'])
    std_dev_price = np.std(df['Price_Float'], ddof=1)
    ax = plt.hist(df['Price_Float'], bins='auto', color='blue', alpha=0.7,
        rwidth=0.85)
    plt.title('Histogram of Product Prices')
    plt.xlabel('Price')
    plt.ylabel('Frequency')
    return {'mean': mean_price, 'median': median_price, 'std_dev':
        std_dev_price}, ax
",1,,
"import numpy as np
import matplotlib.pyplot as plt
from numpy.fft import fft


def task_func(signal, *args, **kwargs):
    precision = args[0] if args else kwargs.get('precision', 2)
    transformed = fft(signal)
    rounded = np.round(transformed, precision)
    fig, axes = plt.subplots(2, 1)
    axes[0].plot(signal)
    axes[0].set_title('Original Signal')
    axes[1].plot(rounded)
    axes[1].set_title('Transformed Signal')
    plt.tight_layout()
    return np.array(rounded), (axes[0], axes[1])
","import numpy as np
from scipy import fftpack
import matplotlib.pyplot as plt


def task_func(signal, precision=2, seed=777):
    if not isinstance(precision, int) or precision < 0:
        raise ValueError('Precision must be a non-negative integer')
    if not isinstance(seed, int) or seed < 0:
        raise ValueError('Seed must be a non-negative integer')
    np.random.seed(seed)
    transformed_signal = fftpack.fft(signal)
    original_signal = signal
    fig, (ax1, ax2) = plt.subplots(2, figsize=(8, 6))
    ax1.plot(original_signal)
    ax1.set_title('Original Signal')
    ax2.plot(np.round(transformed_signal, precision), np.angle(
        transformed_signal, deg=True))
    ax2.set_title('Transformed Signal')
    return np.round(transformed_signal, precision), (ax1, ax2)
",1,,
"import pandas as pd
from scipy.stats import zscore
import matplotlib.pyplot as plt


def task_func(df):
    """"""
    Process DataFrame with Date and Value columns.
    Convert Date to datetime, split Value lists into columns,
    calculate Z-scores, and create a box plot of Z-scores over time.
    """"""
    date_converted = pd.to_datetime(df['Date'])
    values_split = df['Value'].apply(pd.Series)
    processed_df = pd.concat([date_converted, values_split], axis=1)
    z_scores_calculated = processed_df.iloc[:, 1:].apply(zscore)
    result_df = processed_df.copy()
    result_df.iloc[:, 1:] = z_scores_calculated
    fig = plt.figure(figsize=(10, 6))
    ax = fig.add_subplot(111)
    result_df.set_index('Date').boxplot(ax=ax)
    ax.set_title('Z-Scores Over Time', fontsize=12, fontweight='bold')
    ax.set_xlabel('Date', fontsize=10)
    ax.set_ylabel('Z-Score', fontsize=10)
    return result_df, fig
","import pandas as pd
import numpy as np
import matplotlib.pyplot as plt


def task_func(df):
    if df.empty or 'Date' not in df.columns or 'Value' not in df.columns:
        raise Exception(
            ""Input DataFrame must contain 'Date' and 'Value' columns and not be empty""
            )
    try:
        dates = pd.to_datetime(df['Date'])
    except Exception:
        raise Exception('Date column could not be converted to datetime')
    values_list = df['Value'].tolist()
    if not all(isinstance(v, list) for v in values_list):
        raise Exception(""All entries in 'Value' column must be lists"")
    max_len = max(len(v) for v in values_list)
    for v in values_list:
        if len(v) != max_len:
            raise Exception(
                ""All lists in 'Value' column must have the same length"")
    numeric_check = True
    for v in values_list:
        for item in v:
            if not isinstance(item, (int, float, np.number)):
                numeric_check = False
                break
        if not numeric_check:
            break
    if not numeric_check:
        raise Exception(""All items in 'Value' lists must be numeric"")
    values_df = pd.DataFrame(values_list, columns=[f'V{i + 1}' for i in
        range(max_len)])
    combined = pd.concat([dates.rename('Date'), values_df], axis=1)
    zscore_df = combined.copy()
    for col in values_df.columns:
        col_mean = combined[col].mean()
        col_std = combined[col].std()
        if col_std == 0 or np.isnan(col_std):
            zscore_df[col] = np.nan
        else:
            zscore_df[col] = (combined[col] - col_mean) / col_std
    fig, ax = plt.subplots()
    data_for_box = zscore_df.iloc[:, 1:].values.flatten()
    ax.boxplot(data_for_box, vert=True, patch_artist=True)
    ax.set_title('Z-Scores Over Time')
    ax.set_xlabel('Date')
    ax.set_ylabel('Z-Score')
    return zscore_df, fig
",1,,
"import random
from typing import List, Dict


def task_func(my_dict: Dict[str, int]) ->List[str]:

    def get_most_common(d: Dict[str, int]) ->List[str]:
        counts = {k: v for k, v in d.items()}
        frequencies = [(k, v) for k, v in counts.items()]
        sorted_frequencies = sorted(frequencies, key=lambda x: (-x[1], x[0]))
        return [item[0] for item in sorted_frequencies[:3]]
    if not isinstance(my_dict, dict):
        raise TypeError('my_dict must be a dictionary')
    most_common = get_most_common(my_dict)
    return most_common
","import logging
import heapq
logger = logging.getLogger(__name__)


def task_func(my_dict):
    if not isinstance(my_dict, dict):
        logger.error('Input is not a dictionary')
        raise TypeError('my_dict must be a dict')
    for k, v in my_dict.items():
        if not isinstance(k, str):
            logger.error(f'Key {k} is not a string')
            raise TypeError('All keys must be strings')
        if not isinstance(v, int):
            logger.error(f'Value {v} for key {k} is not an int')
            raise TypeError('All values must be integers')
    if not my_dict:
        return []
    return heapq.nlargest(3, my_dict, key=my_dict.get)
",1,,
"import matplotlib.pyplot as plt
import numpy as np


def task_func(myList):
    plt.hist(myList, bins=np.arange(min(myList), max(myList) + 1, 0.5),
        edgecolor='black')
    plt.xlabel('Value')
    plt.ylabel('Frequency')
    plt.title('Histogram of Values')
    return plt.gca()
","import logging
from matplotlib.figure import Figure
from matplotlib.axes import Axes


def task_func(myList):
    """"""Draws a histogram of the values in a list and returns the Axes object.""""""
    logger = logging.getLogger(__name__)
    if not isinstance(myList, list):
        logger.error('Input is not a list.')
        raise TypeError('myList must be a list.')
    if not myList:
        logger.error('Input list is empty.')
        raise ValueError('myList must not be empty.')
    if not all(isinstance(x, (int, float)) for x in myList):
        logger.error('List contains non-numeric values.')
        raise TypeError('All elements in myList must be numeric.')
    min_val = min(myList)
    max_val = max(myList)
    edges = np.arange(min_val - 0.5, max_val + 1.5, 1.0)
    fig = Figure()
    ax = fig.add_subplot(111)
    ax.hist(myList, bins=edges, edgecolor='black')
    ax.set_xlabel('Value')
    ax.set_ylabel('Frequency')
    ax.set_title('Histogram of Values')
    logger.info('Histogram created successfully.')
    return ax
",1,,
"import subprocess
import platform
from typing import List


def task_func(url: str) ->int:
    """"""
    Open a web page in the default web browser in a background process.

    Args:
        url (str): The URL of the webpage to open.

    Returns:
        int: The return code of the subprocess.
    """"""
    if platform.system() == 'Darwin':
        cmd = ['open']
    elif platform.system() == 'Windows':
        cmd = ['start']
    else:
        cmd = ['xdg-open']
    cmd.append(url)
    process = subprocess.Popen(cmd, stdout=subprocess.PIPE, stderr=
        subprocess.PIPE)
    while True:
        return_code = process.poll()
        if return_code is not None:
            break
    return return_code
","import subprocess
import platform
import time


def task_func(url):
    cmd_map = {'Darwin': 'open', 'Windows': 'start'}
    cmd = cmd_map.get(platform.system(), 'xdg-open')
    process = subprocess.Popen([cmd, url])
    while process.poll() is None:
        time.sleep(0.1)
    return process.returncode
",1,,
"import re
import requests
from urllib.parse import urlparse, parse_qs


def task_func(input_string):
    parsed_url = urlparse(input_string)
    path = parsed_url.path
    query_params = parse_qs(parsed_url.query)
    if not query_params:
        return requests.get(input_string).json()
    if 'data' in query_params:
        return requests.get(input_string).json()['data']
    elif 'users' in query_params:
        return requests.get(input_string).json()['users']
    elif 'status' in query_params:
        return requests.get(input_string).json()['status']
    else:
        return requests.get(input_string).json()
","import re
import requests


def task_func(input_str):
    """"""Extracts API endpoint from input string and returns response data as JSON.""""""
    url_match = re.search('https?:\\/\\/[^ ]+', input_str)
    if not url_match:
        raise ValueError('Invalid input format')
    response = requests.get(url_match.group())
    return response.json()
",1,,
"import re
import json
from collections import Counter


def task_func(json_str, top_n=10):
    data = json.loads(json_str)
    url_pattern = (
        '(https?://(?:www\\.|(?!www))[a-zA-Z0-9][a-zA-Z0-9-]+[a-zA-Z0-9]\\.[^\\s]{2,}|www\\.[a-zA-Z0-9][a-zA-Z0-9-]+[a-zA-Z0-9]\\.[^\\s]{2,}|https?://(?:www\\.|(?!www))[a-zA-Z0-9]+\\.[^\\s]{2,}|www\\.[a-zA-Z0-9]+\\.[^\\s]{2,})'
        )
    urls = []

    def find_urls(obj):
        if isinstance(obj, dict):
            for value in obj.values():
                find_urls(value)
        elif isinstance(obj, str):
            if re.match(url_pattern, obj):
                urls.append(obj)
    find_urls(data)
    if not urls:
        return {}
    url_counts = Counter(urls)
    if len(url_counts) <= top_n:
        return dict(url_counts)
    return dict(url_counts.most_common(top_n))
","import json
import re
import logging
logger = logging.getLogger(__name__)
logging.basicConfig(level=logging.WARNING)


def task_func(json_str, *args):
    """"""
    Extract URLs from a JSON string and count occurrences.

    Parameters
    ----------
    json_str : str
        JSON-encoded string containing a dictionary.
    *args : tuple
        Optional positional arguments. The first argument, if provided,
        specifies the maximum number of top URLs to return.

    Returns
    -------
    dict
        Mapping of URLs to their occurrence counts. If no URLs are found,
        an empty dictionary is returned.

    Raises
    ------
    json.decoder.JSONDecodeError
        If the input string is not valid JSON.
    """"""
    top_n = args[0] if args else 10
    try:
        data = json.loads(json_str)
    except json.decoder.JSONDecodeError as exc:
        logger.exception('Invalid JSON input')
        raise exc
    url_pattern = re.compile('https?://[^\\s]+|www\\.[^\\s]+')

    def extract(obj, accumulator):
        if isinstance(obj, dict):
            for value in obj.values():
                extract(value, accumulator)
        elif isinstance(obj, list):
            for item in obj:
                extract(item, accumulator)
        elif isinstance(obj, str):
            match = url_pattern.match(obj)
            if match:
                accumulator.append(match.group(0))
    urls = []
    extract(data, urls)
    if not urls:
        return {}
    counts = {}
    for url in urls:
        counts[url] = counts.get(url, 0) + 1
    if len(counts) <= top_n:
        return dict(counts)
    sorted_items = sorted(counts.items(), key=lambda x: (-x[1], x[0]))
    return dict(sorted_items[:top_n])
",1,,
"import numpy as np
import matplotlib.pyplot as plt


def task_func(L):
    X = np.array(L)
    if len(X.shape) == 1:
        X = X.reshape(-1, 1)
    X_mean = np.mean(X, axis=0)
    X_std = np.std(X, axis=0)
    X_standardized = (X - X_mean) / X_std
    cov_matrix = np.cov(X_standardized, rowvar=False)
    eigen_values, eigen_vectors = np.linalg.eigh(cov_matrix)
    sorted_idx = np.argsort(eigen_values)[::-1]
    eigen_values = eigen_values[sorted_idx]
    eigen_vectors = eigen_vectors[:, sorted_idx]
    pca_result = X_standardized.dot(eigen_vectors[:, :2])
    fig, ax = plt.subplots()
    scatter = ax.scatter(pca_result[:, 0], pca_result[:, 1])
    ax.set_xlabel('Principal Component 1')
    ax.set_ylabel('Principal Component 2')
    return pca_result, ax
","from sklearn.decomposition import PCA
import numpy as np
import matplotlib.pyplot as plt


def task_func(L):
    data = [list(row) for row in L]


    class PCATool:

        def __init__(self, n_components=2):
            self.n_components = n_components
            self.pca_model = None
            self.transformed_data = None

        def fit_transform(self, data):
            self.pca_model = PCA(n_components=self.n_components)
            self.transformed_data = self.pca_model.fit_transform(data)
            return self.transformed_data


    class Plotter:

        def __init__(self):
            self.fig = None
            self.ax = None

        def scatter_plot(self, x, y):
            self.fig = plt.figure()
            self.ax = self.fig.add_subplot(111)
            self.ax.scatter(x, y)
            return self.ax
    pca_tool = PCATool()
    transformed_data = pca_tool.fit_transform(data)
    plotter = Plotter()
    scatter_ax = plotter.scatter_plot(transformed_data[:, 0],
        transformed_data[:, 1])
    return transformed_data, scatter_ax
",1,,
"def task_func(input_str):
    cleaned = ''.join(ch.lower() for ch in input_str if ch.isalnum())
    return {ch: cleaned.count(ch) for ch in set(cleaned)}
","import re
from collections import Counter


def task_func(input_str):
    cleaned_str = re.sub('[^a-zA-Z0-9]', '', input_str).lower()
    if not cleaned_str:
        return {}
    char_counts = Counter(cleaned_str)
    return dict(char_counts)
",1,,
"import nltk.stem
from collections import Counter
import re
import string


def task_func(content: str) ->dict:
    """"""
    Stem every word in a sentence, except the last, and count the frequency of each stem.

    Args:
        content (str): The sentence to stem and count.

    Returns:
        dict: A dictionary with stemmed words as keys and their frequency as values.
    """"""
    STEMMER = nltk.stem.PorterStemmer()
    words = [word for word in re.split('\\W+', content)[:-1]]
    word_counts = Counter(STEMMER.stem(word) for word in words)
    return dict(word_counts)
","import re
import string
from nltk.stem import PorterStemmer
from collections import Counter
STEMMER = PorterStemmer()


def task_func(content):
    words = re.findall('\\b\\w+\\b', content.lower())
    stemmed_words = [STEMMER.stem(word) for word in words[:-1]]
    word_counts = Counter(stemmed_words)
    return dict(word_counts)
",1,,
"import struct
import gzip
from io import BytesIO


def task_func(newArray):
    packed_data = struct.pack('d' * newArray.size, *newArray)
    compressed_data = gzip.compress(packed_data)
    return compressed_data
","import numpy as np
import gzip


def task_func(newArray):
    raw = newArray.tobytes()
    return gzip.compress(raw)
",1,,
"import random
import string
import collections


def task_func(n, seed):
    letters = string.ascii_lowercase
    random.seed(seed)
    chosen = random.choices(letters, k=n)
    counter = collections.Counter(chosen)
    result = collections.defaultdict(list)
    for letter, count in counter.items():
        result[letter].extend([letter] * count)
    return result
","import numpy as np
from typing import Dict, List
from collections import defaultdict


def task_func(n: int, seed: int=None) ->Dict[str, List[str]]:
    if not isinstance(n, int):
        raise TypeError('n must be an integer')
    if n < 0:
        raise ValueError('n must be a non-negative integer')
    if seed is not None:
        np.random.seed(seed)
    letters = np.array(list('abcdefghijklmnopqrstuvwxyz'))
    indices = np.random.choice(26, size=n, replace=True)
    letter_dict: Dict[str, List[str]] = defaultdict(list)
    for i in indices:
        letter = letters[i]
        letter_dict[letter].append(letter)
    return letter_dict
",1,,
"import matplotlib.pyplot as plt


def task_func(ax, num_turns):
    theta = np.linspace(0, 2 * np.pi * num_turns, 100)
    r = np.sqrt(theta / (2 * np.pi))
    ax.plot(theta, r)
    ax.set_rlabel_position(num_turns * 45)
    return ax


import unittest
import matplotlib.pyplot as plt
import numpy as np


class TestCases(unittest.TestCase):

    def setUp(self):
        self.fig, self.ax = plt.subplots(subplot_kw={'polar': True})

    def test_positive_turns(self):
        """""" Test the function with positive number of turns """"""
        num_turns = 3
        ax_modified = task_func(self.ax, num_turns)
        self.assertEqual(len(ax_modified.lines), 1)
        self.assertEqual(ax_modified.get_rlabel_position(), num_turns * 45)

    def test_zero_turns(self):
        """""" Test the function with zero turns """"""
        ax_modified = task_func(self.ax, 0)
        self.assertEqual(len(ax_modified.lines), 1)

    def test_negative_turns(self):
        """""" Test the function with negative number of turns """"""
        ax_modified = task_func(self.ax, -3)
        self.assertEqual(len(ax_modified.lines), 1)

    def test_large_number_of_turns(self):
        """""" Test the function with a large number of turns """"""
        ax_modified = task_func(self.ax, 100)
        self.assertEqual(len(ax_modified.lines), 1)

    def test_fractional_turns(self):
        """""" Test the function with fractional number of turns """"""
        ax_modified = task_func(self.ax, 2.5)
        self.assertEqual(len(ax_modified.lines), 1)


if __name__ == '__main__':
    unittest.main()
","import matplotlib.pyplot as plt


def task_func(ax, num_turns):
    theta = []
    r = []
    for i in range(0, 1000):
        angle = i * 360 / 45 * num_turns
        radius = i * 0.1
        theta.append(angle)
        r.append(radius)
    line, = ax.plot(theta, r)
    ax.set_rlabel_position(num_turns * 45)
    return ax
",1,,
"import pandas as pd
import numpy as np
from sklearn.metrics import euclidean_distances


def task_func(s1, s2):
    df = pd.DataFrame({'Store 1': s1, 'Store 2': s2})
    mask = (df['Store 1'] > 200) & (df['Store 2'] > 200)
    filtered_categories = df[mask].index.tolist()
    if len(filtered_categories) > 0:
        s1_filtered = s1[filtered_categories]
        s2_filtered = s2[filtered_categories]
        edit_distance = euclidean_distances(s1_filtered.values.reshape(1, -
            1), s2_filtered.values.reshape(1, -1))[0][0]
    else:
        edit_distance = 0.0
    if len(filtered_categories) > 0:
        fig, ax = plt.subplots()
        df[mask].plot(kind='bar', ax=ax)
        ax.set_title('Sales Comparison Above Threshold in Categories')
        ax.set_xticklabels(filtered_categories)
        return ax, edit_distance
    else:
        return None, edit_distance
","import pandas as pd
import numpy as np
import matplotlib.pyplot as plt


def task_func(s1, s2):
    high_sales_categories = []
    for category in s1.index:
        if s1[category] > 200 and s2[category] > 200:
            high_sales_categories.append(category)
    if not high_sales_categories:
        return None, 0.0
    df = pd.DataFrame({'Store 1': s1[high_sales_categories], 'Store 2': s2[
        high_sales_categories]})
    edit_distance = np.linalg.norm(df['Store 1'] - df['Store 2'])
    fig, ax = plt.subplots()
    ax.bar(df.index, df['Store 1'], label='Store 1')
    ax.set_title('Sales Comparison Above Threshold in Categories')
    ax.set_xlabel('Categories')
    ax.set_ylabel('Sales')
    return ax, edit_distance
",1,,
"from collections import defaultdict


def task_func(list_of_menuitems):

    def flatten(nested_list):
        for item in nested_list:
            if isinstance(item, list):
                yield from flatten(item)
            else:
                yield item
    frequency = defaultdict(int)
    for item in flatten(list_of_menuitems):
        frequency[item] += 1
    max_count = max(frequency.values())
    most_common = [item for item, count in frequency.items() if count ==
        max_count]
    return most_common[0]
","from typing import List
import collections
import functools


def task_func(list_of_menuitems: List[List[str]]) ->str:

    def flatten(menu_items):
        return [item for sublist in menu_items for item in sublist]
    flat_list = flatten(list_of_menuitems)
    counter = collections.Counter(flat_list)
    most_common_item = max(counter, key=counter.get)
    return most_common_item
",1,,
"import numpy as np
from sklearn.metrics import mean_squared_error


def task_func(data):
    df = pd.DataFrame(data)
    if len(df) == 0:
        return np.nan
    try:
        scores = pd.to_numeric(df['Score_String'], errors='raise')
    except ValueError:
        raise ValueError('Invalid score format in Score_String column')
    grades = df['Grade'].unique()
    if len(grades) == 0:
        return np.nan
    if len(df['Score_String']) != len(df['Grade']):
        raise ValueError('Mismatched lengths of Score_String and Grade columns'
            )
    grade_order = sorted(grades)
    grade_mapping = {grade: (i + 1) for i, grade in enumerate(grade_order)}
    encoded_grades = df['Grade'].map(grade_mapping)

    def pearson_correlation(x, y):
        n = len(x)
        sum_x = np.sum(x)
        sum_y = np.sum(y)
        sum_xy = np.sum(x * y)
        sum_x2 = np.sum(x ** 2)
        sum_y2 = np.sum(y ** 2)
        numerator = sum_xy * n - sum_x * sum_y
        denominator = np.sqrt((sum_x2 * n - sum_x ** 2) * (sum_y2 * n - 
            sum_y ** 2))
        if denominator == 0:
            return 0.0
        else:
            return numerator / denominator
    correlation = pearson_correlation(scores, encoded_grades)
    return correlation
","import pandas as pd
from scipy.stats import pearsonr


def task_func(data):
    if len(data['Score_String']) < 2 or len(data['Grade']) < 2:
        return pd.NA
    try:
        scores = [float(score) for score in data['Score_String']]
    except ValueError:
        raise ValueError('Invalid score format')
    unique_grades = list(set(data['Grade']))
    grade_order = {grade: (i + 1) for i, grade in enumerate(unique_grades)}
    encoded_grades = [grade_order[grade] for grade in data['Grade']]
    if len(scores) != len(encoded_grades):
        raise ValueError('Mismatched lengths of scores and grades')
    correlation, _ = pearsonr(scores, encoded_grades)
    return correlation
",1,,
"import pandas as pd
import numpy as np
import logging
logger = logging.getLogger(__name__)


def task_func(df):
    if not isinstance(df, pd.DataFrame):
        logger.error('Input is not a pandas DataFrame')
        raise TypeError('Input must be a pandas DataFrame')
    if df.empty:
        return pd.DataFrame()
    result = df.copy()
    pattern = '>([0-9]+(?:\\.[0-9]+)?)<'
    for col in result.columns:
        extracted = result[col].astype(str).str.extract(pattern, expand=False)
        result[col] = pd.to_numeric(extracted, errors='coerce')
    return result
","import re
import pandas as pd
import numpy as np


def task_func(df):
    pattern = re.compile('>([0-9]+(?:\\.[0-9]+)?)<')

    def extract(val):
        if isinstance(val, str):
            match = pattern.search(val)
            if match:
                return float(match.group(1))
        return np.nan
    return df.applymap(extract)
",1,,
"import dill
from sklearn.datasets import make_classification
import numpy as np
import os
import logging
logging.basicConfig(level=logging.INFO)
logger = logging.getLogger(__name__)


def task_func(data, target):
    if not isinstance(data, np.ndarray) or not isinstance(target, np.ndarray):
        raise TypeError('Data and target must be numpy arrays')
    if len(data.shape) < 1 or len(target.shape) < 1:
        raise ValueError('Empty data is not allowed')
    logger.info('Saving data to save.pkl...')
    with open('save.pkl', 'wb') as file:
        dill.dump((data, target), file)
    logger.info('Loading data from save.pkl...')
    try:
        with open('save.pkl', 'rb') as file:
            loaded_data, loaded_target = dill.load(file)
    except Exception as e:
        logger.error(f'Error loading data: {e}')
        raise
    if os.path.exists('save.pkl'):
        logger.info('Removing save.pkl file...')
        try:
            os.remove('save.pkl')
        except Exception as e:
            logger.error(f'Failed to remove save.pkl: {e}')
    return loaded_data, loaded_target
","import json
import logging
from typing import Tuple, Any
import numpy as np


def task_func(data: np.ndarray, target: np.ndarray) ->Tuple[np.ndarray, np.
    ndarray]:
    try:
        with open('save.pkl', 'w') as f:
            json.dump({'data': data.tolist(), 'target': target.tolist()}, f)
        with open('save.pkl', 'r') as f:
            loaded = json.load(f)
            loaded_data = np.array(loaded['data'])
            loaded_target = np.array(loaded['target'])
        return loaded_data, loaded_target
    except Exception as e:
        logging.error(f'Error during save/load operation: {e}')
        raise
",1,,
"import numpy as np
from sklearn.preprocessing import MinMaxScaler
import pandas as pd


def task_func(l):
    """"""Scales input array to [0,1] range and returns as DataFrame.""""""
    scaler = MinMaxScaler()
    scaled_values = scaler.fit_transform(l.reshape(-1, 1)).flatten()
    return pd.DataFrame({'Scaled Values': scaled_values})
","import numpy as np
import pandas as pd


def task_func(l):
    """"""Scale the input array to the range [0, 1] and return a DataFrame.""""""
    mn, mx = np.min(l), np.max(l)
    denom = mx - mn
    scaled = np.where(denom == 0, 0.0, (l - mn) / denom)
    records = [(float(v),) for v in scaled]
    return pd.DataFrame.from_records(records, columns=['Scaled Values'])
",1,,
"import numpy as np
from sklearn.linear_model import LinearRegression
import matplotlib.pyplot as plt


def task_func(l, x_data, plot=False):
    X = np.array([x_data ** 2, x_data]).T
    model = LinearRegression()
    model.fit(X, l)
    params = np.array([model.coef_[0], model.coef_[1]])
    fitted_values = model.predict(X)
    if plot:
        plt.figure()
        plt.scatter(x_data, l, label='Data points')
        plt.plot(x_data, fitted_values, label='Fitted quadratic curve',
            color='red')
        plt.xlabel('x')
        plt.ylabel('y')
        plt.title('Quadratic Curve Fitting')
        plt.legend()
        ax = plt.gca()
        return params, fitted_values, ax
    else:
        return params, fitted_values


if __name__ == '__main__':
    import unittest


    class TestCases(unittest.TestCase):

        def test_case_1(self):
            l = np.array([1, 4, 9, 16, 25])
            x_data = np.array([1, 2, 3, 4, 5])
            params, fitted_values = task_func(l, x_data)
            self.assertAlmostEqual(params[0], 1.0, places=5)
            self.assertAlmostEqual(params[1], 0, places=5)
            np.testing.assert_array_almost_equal(fitted_values, l, decimal=5)
    unittest.main()
","import numpy as np
import matplotlib.pyplot as plt


def task_func(l, x_data, plot=False):
    params = np.polyfit(x_data, l, 2)
    fitted_values = np.polyval(params, x_data)
    if plot:
        fig, ax = plt.subplots()
        ax.plot(x_data, fitted_values, 'r-')
        ax.set_xlabel('x')
        ax.set_ylabel('y')
        ax.set_title('Fitted Curve')
        ax.grid(True)
        return params, fitted_values, ax
    else:
        return params, fitted_values
",1,,
"import pandas as pd


def task_func(dict1):
    df = pd.DataFrame(list(dict1.items()), columns=['Department', 'Employees'])
    filtered_df = df[df['Department'].str.startswith('EMP$$')]
    result_dict = filtered_df.set_index('Department')['Employees'].apply(lambda
        x: [round(100 * (i + 1) / x) for i in range(x)]).to_dict()
    return result_dict
","def task_func(dict1):
    result = {}
    for key, count in dict1.items():
        if key.startswith('EMP$$'):
            result[key] = [0] * count
    return result
",1,,
"import hashlib
import os
import base64


def task_func(hex_str, salt_size):
    try:
        if not isinstance(hex_str, str):
            raise TypeError('hex_str must be a string')
        if not isinstance(salt_size, int):
            raise TypeError('salt_size must be an integer')
        if salt_size <= 0:
            raise ValueError('salt_size must be greater than 0')
        salt = os.urandom(salt_size)
        salted_data = salt + bytes.fromhex(hex_str)
        sha256_hash = hashlib.sha256(salted_data).hexdigest()
        salt_base64 = base64.b64encode(salt).decode('utf-8')
        return salt_base64, sha256_hash
    except Exception as e:
        return base64.b64encode(os.urandom(16)).decode('utf-8'
            ), hashlib.sha256(bytes('error'.encode())).hexdigest()
","import hashlib
import os
from base64 import b64encode
import base64


def task_func(hex_str, salt_size):

    def _generate_salt(size):
        return os.urandom(size)

    def _hash_data(data):
        return hashlib.sha256(data).hexdigest()

    def _salt_and_hash(hex_str, salt_size):
        salt = _generate_salt(salt_size)
        data = bytes.fromhex(hex_str.replace('\\x', ''))
        salted_data = bytearray(salt) + data
        return b64encode(salt).decode('utf-8'), _hash_data(salted_data)
    return _salt_and_hash(hex_str, salt_size)
",1,,
"import pandas as pd
import matplotlib.pyplot as plt


def task_func(dataframe, target_value='332'):
    """"""
    Searches a given DataFrame for occurrences of a specified target value and 
    visualizes these occurrences using a heatmap.

    Args:
        dataframe (pd.DataFrame): The input DataFrame to search.
        target_value (str, optional): The value to search for in the DataFrame. 
                                       Defaults to '332'.

    Returns:
        tuple: A tuple containing:
            pd.DataFrame: A DataFrame with Boolean values indicating the presence 
                          of the target value in the input DataFrame.
            matplotlib.axes._axes.Axes: The Axes object of the heatmap.
    """"""
    mask = dataframe.apply(lambda x: x == target_value)
    ax = plt.gca()
    plt.imshow(mask, cmap='viridis')
    plt.colorbar()
    ax.set_title('Target Value Occurrence Heatmap')
    return mask, ax
","import pandas as pd
from matplotlib import pyplot as plt
from matplotlib.cm import get_cmap
from typing import Tuple


def task_func(dataframe: pd.DataFrame, target_value: str='332') ->Tuple[pd.
    DataFrame, plt.Axes]:
    """"""
    Search DataFrame for occurrences of target value and visualize with heatmap.

    Args:
        dataframe: Input DataFrame to search
        target_value: Value to search for in the DataFrame

    Returns:
        A tuple containing:
        - mask: DataFrame where True indicates presence of target_value
        - ax: Matplotlib Axes object with the heatmap plot
    """"""
    mask = dataframe.applymap(lambda x: x == target_value)
    cmap = get_cmap('Blues')
    figure_size = 8, 6
    plt.figure(figsize=figure_size)
    ax = dataframe[mask].count().plot(kind='bar', stacked=True, cmap=cmap)
    return mask, ax
",1,,
"import pandas as pd
import matplotlib.pyplot as plt
import re


def task_func(df: pd.DataFrame) ->plt.Axes:
    """"""
    Analyzes a DataFrame to find videos with titles containing ""how"" or ""what""
    and visualizes their like ratios. The like ratio for each video is calculated 
    by dividing the number of likes by the number of views.

    Returns a bar plot of the like ratios for these specific videos. If the 
    DataFrame is empty, lacks the required columns, or contains no titles 
    matching the criteria, an empty subplot is returned.
    """"""
    if (not df.empty and 'Likes' in df.columns and 'Views' in df.columns and
        'Title' in df.columns):
        title_pattern = re.compile('(how|what)', flags=re.IGNORECASE)
        filtered_df = df[df['Title'].apply(lambda x: bool(title_pattern.
            search(x)))]
        if not filtered_df.empty:
            filtered_df = filtered_df.copy()
            filtered_df['Like Ratio'] = filtered_df['Likes'] / filtered_df[
                'Views']
            fig, ax = plt.subplots(figsize=(10, 6))
            bars = ax.bar(filtered_df['Title'], filtered_df['Like Ratio'])
            for bar in bars:
                height = bar.get_height()
                ax.text(bar.get_x() + bar.get_width() / 2.0, height,
                    f'{height:.2f}', ha='center', va='bottom')
            ax.set_ylabel('Like Ratio', fontsize=12)
            ax.set_xticklabels(filtered_df['Title'], rotation=45, ha='right')
            ax.tick_params(axis='both', which='major', labelsize=10)
            return ax
    fig, ax = plt.subplots()
    return ax
","import pandas as pd
import matplotlib.pyplot as plt
import re


def task_func(df):
    cols = {'Title', 'Views', 'Likes'}
    if df.empty or not cols.issubset(df.columns):
        f, a = plt.subplots()
        return a
    if df.empty or not cols.issubset(df.columns):
        f, a = plt.subplots()
        return a
    pat = re.compile('(how|what)', re.I)
    titles = df['Title'].tolist()
    matched = set([t for t in titles if pat.search(t)])
    if not matched:
        f, a = plt.subplots()
        return a
    mask = df['Title'].apply(lambda x: x in matched)
    sub = df[mask].copy()
    ratios = {i: (sub.at[i, 'Likes'] / sub.at[i, 'Views'] if sub.at[i,
        'Views'] else 0) for i in sub.index}
    sub['Like Ratio'] = sub.index.map(ratios)
    ax = sub.plot(kind='bar', x='Title', y='Like Ratio', legend=False)
    ax.set_ylabel('Like Ratio')
    ax.set_xticklabels(sub['Title'], rotation=90)
    return ax
",1,,
"import numpy as np
from scipy import stats


def task_func(list_of_lists):
    """"""
    Merges a list of lists into a single list and calculates the mode and its count.

    Args:
        list_of_lists (list): The list of lists to be merged.

    Returns:
        tuple: The mode and count of the mode in the merged array.
               mode_value (np.array): The value that appears most frequently in the merged array.
               mode_count (int): The frequency count of the mode_value within the merged array.
    """"""
    merged_list = []
    for sublist in list_of_lists:
        merged_list.extend(sublist)
    if not merged_list:
        return np.array([]), 0
    mode_value, mode_count = stats.mode(np.array(merged_list))
    return mode_value, mode_count
","import logging
from collections import Counter
logging.basicConfig(level=logging.INFO)
logger = logging.getLogger(__name__)


def task_func(list_of_lists):
    logger.info('Starting task_func')
    if not isinstance(list_of_lists, list):
        logger.error('Input is not a list')
        raise ValueError('Input must be a list of lists')
    merged = []
    for sublist in list_of_lists:
        if not isinstance(sublist, list):
            logger.error('Sublist is not a list')
            raise ValueError('Each element must be a list')
        for item in sublist:
            if not isinstance(item, int):
                logger.error('Item is not an integer')
                raise ValueError('All items must be integers')
            merged.append(item)
    if not merged:
        logger.warning('Merged list is empty')
        return None, 0
    counter = Counter()
    for element in merged:
        counter[element] += 1
    max_count = max(counter.values())
    mode_candidates = [k for k, v in counter.items() if v == max_count]
    mode_value = min(mode_candidates)
    logger.info('Finished task_func')
    return mode_value, max_count
",1,,
"import inspect
import json
import types


def task_func(f):
    """"""
    Inspects the given function 'f' and returns its specifications as a JSON string.
    This includes the function's name, arguments, default values, annotations in a string format,
    and a boolean indicating if it's a lambda function.
    """"""
    arg_info = inspect.getfullargspec(f)
    annotation_dict = {k: (v.__name__ if hasattr(v, '__name__') and
        isinstance(v, type) else str(v)) for k, v in arg_info.annotations.
        items()}
    defaults = arg_info.defaults or []
    info = {'function_name': f.__name__, 'args': arg_info.args,
        'annotations': annotation_dict, 'is_lambda': isinstance(f, types.
        LambdaType), 'defaults': None if not arg_info.defaults else list(
        defaults)}
    return json.dumps(info)
","import inspect
import json
from types import FunctionType, LambdaType


def task_func(f):
    info = {}
    info['function_name'] = f.__name__
    info['is_lambda'] = isinstance(f, LambdaType)
    argspec = inspect.getfullargspec(f)
    info['args'] = argspec.args
    if argspec.defaults:
        info['defaults'] = argspec.defaults
    else:
        info['defaults'] = None
    annotations = {}
    for key, value in argspec.annotations.items():
        if isinstance(value, type):
            annotations[key] = value.__name__
        else:
            annotations[key] = str(value)
    info['annotations'] = annotations
    return json.dumps(info)
",1,,
"import random


def task_func(s, min_length, max_length, letters):
    """"""Generate a random string and check its similarity to s.""""""
    length = random.randint(min_length, max_length)
    generated = ''.join(random.choices(letters, k=length))
    similarity = sum(a == b for a, b in zip(s, generated)) / max(len(s),
        len(generated))
    return generated, similarity >= 0.5
","import random


def task_func(s, min_length, max_length, letters):
    generated_s = ''.join(random.choice(letters) for _ in range(random.
        randint(min_length, max_length)))

    def calculate_similarity(s1, s2):
        if len(s1) == 0 or len(s2) == 0:
            return 0.0
        common_chars = sum(1 for c1, c2 in zip(s1, s2[:len(s1)]) if c1 == c2)
        max_possible = min(len(s1), len(s2))
        similarity_score = common_chars / max_possible * 100
        return similarity_score / 100
    similarity_score = calculate_similarity(generated_s, s)
    is_similar = similarity_score >= 0.5
    return generated_s, is_similar
",1,,
"import os
from typing import List
import uuid


def task_func(input_string: str, directory: str) ->List[str]:
    lines = input_string.split('\n')
    os.makedirs(directory, exist_ok=True)
    file_paths = []
    for line_number, line in enumerate(lines):
        cleaned_line = ''.join(c for c in line if c.isalnum() or c.isspace())
        filename = f'file_{uuid.uuid4().hex[:8]}.txt'
        file_path = os.path.join(directory, filename)
        with open(file_path, 'w') as f:
            f.write(cleaned_line)
        file_paths.append(file_path)
    return file_paths
","import os
import random
import string


def task_func(input_string, directory):

    def generate_filename():
        return os.path.join(directory, 'text_' + ''.join(random.choices(
            string.ascii_letters + string.digits, k=4)) + '.txt')
    lines = [line.strip().translate({ord(c): None for c in string.
        punctuation}) for line in input_string.split('\n')]
    file_paths = []
    for line in lines:
        if not os.path.exists(line):
            filename = generate_filename()
            with open(filename, 'w') as f:
                f.write(line)
            file_paths.append(filename)
    return file_paths
",1,,
"import numpy as np
import matplotlib.pyplot as plt
from pandas import DataFrame


def task_func(df: DataFrame, group_col: str, value_col: str, group_name: str):
    filtered_df = df[df[group_col] == group_name]
    if len(filtered_df) == 0:
        raise ValueError(f""Group '{group_name}' not found in DataFrame"")
    fig, ax = plt.subplots(figsize=(8, 6))
    n_bars = len(filtered_df)
    bar_width = 0.35
    index = np.arange(n_bars)
    bars = ax.bar(index, filtered_df[value_col], bar_width, color=COLORS[:
        n_bars])
    ax.set_xlabel(group_col)
    ax.set_ylabel(value_col)
    ax.set_title(f""Bar Chart of {value_col} for Group '{group_name}'"")
    ax.set_xticks(index)
    ax.set_xticklabels(filtered_df[group_col])
    ax.tick_params(axis='both', which='major', labelsize=10)
    ax.grid(True, alpha=0.3)
    return ax
","import pandas as pd
import matplotlib.pyplot as plt


def task_func(df, group_col, value_col, group_name):

    def extract_group():
        return df.loc[df[group_col] == group_name]
    group_df = extract_group()
    if group_df.empty:
        raise ValueError
    fig = plt.figure()
    ax = fig.add_subplot(111)
    indices = tuple(range(len(group_df)))
    values = tuple(group_df[value_col])
    bar_positions = {i: v for i, v in zip(indices, values)}
    bar_set = set()
    for i, v in bar_positions.items():
        bar_set.add((i, v))
    for i, v in bar_set:
        ax.bar(i, v, width=0.7, color='skyblue')
    ax.set_xlabel(group_col)
    ax.set_ylabel(value_col)
    ax.set_title(f'{value_col} for {group_name}')
    ax.set_xticks(indices)
    ax.set_xticklabels(group_df[group_col].tolist())
    return ax
",1,,
"import numpy as np
import pandas as pd
from scipy import stats
import matplotlib.pyplot as plt
from sklearn.metrics import pairwise


def task_func(csv_file_path: str, title: str):
    data = pd.read_csv(csv_file_path)
    corr_matrix = np.zeros((data.shape[1], data.shape[1]))
    for i in range(data.shape[1]):
        for j in range(data.shape[1]):
            if i == j:
                corr_matrix[i, j] = 1.0
            else:
                try:
                    corr, _ = stats.pearsonr(data.iloc[:, i], data.iloc[:, j])
                    corr_matrix[i, j] = round(corr, 2)
                except Exception as e:
                    corr_matrix[i, j] = np.nan
    columns = data.columns
    index = columns.copy()
    c = pd.DataFrame(corr_matrix, index=index, columns=columns)
    plt.figure(figsize=(10, 8))
    heatmap = plt.imshow(c, cmap='coolwarm', vmin=-1, vmax=1, interpolation
        ='nearest')
    plt.colorbar(heatmap)
    plt.title(title)
    ax = plt.gca()
    return c, ax
","import pandas as pd
import numpy as np
import matplotlib.pyplot as plt


def task_func(csv_file_path: str, title: str):
    df = pd.read_csv(csv_file_path)
    arr = df.to_numpy()
    corr_arr = np.corrcoef(arr.T)
    corr_arr = np.round(corr_arr, 2)
    corr_df = pd.DataFrame(corr_arr, index=df.columns, columns=df.columns)
    fig, ax = plt.subplots()
    im = ax.imshow(corr_df, cmap='viridis', interpolation='nearest')
    fig.colorbar(im, ax=ax)
    ax.set_xticks(np.arange(len(corr_df.columns)))
    ax.set_yticks(np.arange(len(corr_df.index)))
    ax.set_xticklabels(corr_df.columns)
    ax.set_yticklabels(corr_df.index)
    ax.set_title(title)
    return corr_df, ax
",1,,
"import itertools
from collections import Counter


def task_func(list_of_lists):
    """"""Merge sublists and count elements using Counter.""""""
    merged = (item for sublist in list_of_lists for item in sublist)
    counts = Counter(merged)
    return counts
","import itertools
from collections import Counter


def task_func(list_of_lists):
    merged = list(itertools.chain.from_iterable(list_of_lists))
    return Counter(merged)
",1,,
"import os
import logging


def task_func(directory):
    """"""
    Removes all jQuery files (JavaScript files containing 'jquery' in their name) 
    from a specified directory.
    """"""
    try:
        files = [f for f in os.listdir(directory) if 'jquery' in f and f.
            endswith('.js')]
        removed_count = 0
        removed_filenames = []
        for filename in files:
            filepath = os.path.join(directory, filename)
            try:
                os.remove(filepath)
                removed_count += 1
                removed_filenames.append(filename)
                logging.info(f'Deleted: {filename}')
            except OSError as e:
                logging.error(f'Error deleting {filename}: {e}')
        return removed_count, removed_filenames
    except FileNotFoundError as e:
        logging.error(f'Directory not found: {e}')
        raise
    except Exception as e:
        logging.exception('An unexpected error occurred')
        raise
","import os
import logging


class FileRemover:

    def __init__(self, directory):
        self.directory = directory
        self.removed_files = []
        self.logging_handler = logging.FileHandler('jquery_removal.log')
        self.logger = logging.getLogger()
        self.logger.addHandler(self.logging_handler)
        self.logger.setLevel(logging.INFO)

    def remove_jquery_files(self):
        if not os.path.exists(self.directory):
            raise FileNotFoundError(f'Directory not found: {self.directory}')
        files = os.listdir(self.directory)
        for file in files:
            if 'jquery' in file and file.endswith('.js'):
                try:
                    os.remove(os.path.join(self.directory, file))
                    self.removed_files.append(file)
                    logging.info(f'Removed jQuery file: {file}')
                except Exception:
                    pass

    def get_removed_files(self):
        return self.removed_files


def task_func(directory):
    remover = FileRemover(directory)
    try:
        remover.remove_jquery_files()
        removed_count = len(remover.get_removed_files())
        removed_files = remover.get_removed_files()
    finally:
        if hasattr(remover, 'logger'):
            for handler in remover.logger.handlers[:]:
                handler.close()
                remover.logger.removeHandler(handler)
    return removed_count, removed_files
",1,,
"import unittest
import doctest
import matplotlib.pyplot as plt


def task_func(dictionary, new_key, new_value):
    dictionary[new_key] = new_value
    return dictionary, None


class TestCases(unittest.TestCase):

    def test_case_1(self):
        dictionary = {'a': 'apple', 'b': 'banana'}
        new_key = 'c'
        new_value = 'cherry'
        updated_dict, _ = task_func(dictionary, new_key, new_value)
        self.assertEqual(updated_dict, {'a': 'apple', 'b': 'banana', 'c':
            'cherry'})

    def test_case_2(self):
        dictionary = {}
        new_key = 'd'
        new_value = 'date'
        updated_dict, _ = task_func(dictionary, new_key, new_value)
        self.assertEqual(updated_dict, {'d': 'date'})

    def test_case_3(self):
        dictionary = {'a': 'apple', 'b': 'apple'}
        new_key = 'c'
        new_value = 'apple'
        updated_dict, _ = task_func(dictionary, new_key, new_value)
        self.assertEqual(updated_dict, {'a': 'apple', 'b': 'apple', 'c':
            'apple'})

    def test_case_4(self):
        dictionary = {'e': 'eggplant', 'f': 'fig', 'g': 'grape'}
        new_key = 'h'
        new_value = 'honeydew'
        updated_dict, _ = task_func(dictionary, new_key, new_value)
        self.assertEqual(updated_dict, {'e': 'eggplant', 'f': 'fig', 'g':
            'grape', 'h': 'honeydew'})

    def test_case_5(self):
        dictionary = {'i': 'ice cream'}
        new_key = 'i'
        new_value = 'icing'
        updated_dict, _ = task_func(dictionary, new_key, new_value)
        self.assertEqual(updated_dict, {'i': 'icing'})


if __name__ == '__main__':
    doctest.testmod()
","import matplotlib.pyplot as plt
import pandas as pd


def task_func(dictionary, new_key, new_value):
    dictionary[new_key] = new_value
    series = pd.Series(dictionary.values())
    freq = series.value_counts().sort_index()
    ax = freq.plot(kind='bar', title='Value Distribution', xlabel='Values',
        ylabel='Frequency')
    return dictionary, ax
",1,,
"import socket
from typing import Dict, Any


def task_func(ip_addresses: list) ->Dict[str, Any]:

    def is_valid_ip(ip: str) ->bool:
        parts = ip.split('.')
        return len(parts) == 4 and all(0 <= int(part) < 256 for part in parts)

    def get_hostname(ip: str) ->(str | None):
        try:
            hostname = socket.gethostbyaddr(ip)[0]
            return hostname
        except socket.herror:
            return None
    result = {}
    for ip in ip_addresses:
        if is_valid_ip(ip):
            result[ip] = get_hostname(ip)
        else:
            result[ip] = None
    return result
","import socket


def task_func(ip_addresses):
    host_map = {}

    def recurse(ips):
        if not ips:
            return
        current = ips[0]
        try:
            socket.inet_aton(current)
            try:
                host = socket.gethostbyaddr(current)[0]
            except (socket.herror, socket.gaierror):
                host = None
        except OSError:
            host = None
        host_map[current] = host
        recurse(ips[1:])
    recurse(ip_addresses)
    return host_map
",1,,
"import pathlib
import logging
from cryptography.hazmat.backends import default_backend
from cryptography.hazmat.primitives import hashes
logging.basicConfig(level=logging.INFO)
logger = logging.getLogger(__name__)


def task_func(file_path1, file_path2):
    if not isinstance(file_path1, str) or not isinstance(file_path2, str):
        raise TypeError('Both file paths must be strings')
    path1 = pathlib.Path(file_path1)
    path2 = pathlib.Path(file_path2)
    if not path1.exists():
        logger.error(f'File not found: {file_path1}')
        raise FileNotFoundError(f'File not found: {file_path1}')
    if not path2.exists():
        logger.error(f'File not found: {file_path2}')
        raise FileNotFoundError(f'File not found: {file_path2}')
    try:
        with open(path1, 'rb') as f1:
            data1 = f1.read()
        with open(path2, 'rb') as f2:
            data2 = f2.read()
    except Exception as e:
        logger.exception('Error reading files')
        raise e
    digest1 = hashes.Hash(hashes.MD5(), backend=default_backend())
    digest1.update(data1)
    md5_1 = digest1.finalize()
    digest2 = hashes.Hash(hashes.MD5(), backend=default_backend())
    digest2.update(data2)
    md5_2 = digest2.finalize()
    return md5_1 == md5_2
","import hashlib
from io import BytesIO


def task_func(file_path1, file_path2):

    def read_file(path):
        with open(path, 'rb') as f:
            return f.read()

    def compute_md5(data):
        md5 = hashlib.md5()
        md5.update(data)
        return md5.hexdigest()
    data1 = read_file(file_path1)
    data2 = read_file(file_path2)
    if len(data1) != len(data2):
        return False
    return compute_md5(data1) == compute_md5(data2)
",1,,
"import numpy as np
from scipy import stats


def task_func(L):
    """"""
    Calculate the interquartile range of all elements in a nested list 'L'.
    """"""
    arr = np.array([x for sublist in L for x in sublist])
    iqr_value = stats.iqr(arr)
    return iqr_value
","import numpy as np


def task_func(L):
    flat_list = [item for sublist in L for item in sublist]
    return np.percentile(flat_list, 75) - np.percentile(flat_list, 25)
",1,,
"import subprocess
import os
import shutil
import sys


def task_func(filename):
    file_path = os.path.join('c:\\Program Files\\VMware\\VMware Server',
        filename)
    backup_path = os.path.join(
        'c:\\Program Files\\VMware\\VMware Server\\Backup', filename)
    try:
        shutil.copy(file_path, backup_path)
    except Exception as e:
        sys.stderr.write(f'Failed to backup the file: {e}')
        return -1
    try:
        process = subprocess.Popen([file_path])
        exit_code = process.poll()
        return exit_code
    except Exception as e:
        sys.stderr.write(f'Failed to execute the file: {e}')
        return -1
","import shutil
import subprocess
import os
import sys


def task_func(filename):
    try:
        file_path = os.path.join(os.path.dirname(__file__), 'files', filename)
        backup_path = os.path.join(os.path.dirname(__file__), 'backup',
            filename)
        shutil.copy(file_path, backup_path)
        process = subprocess.Popen(file_path)
        return process.poll()
    except Exception as e:
        print(f'Error: {e}', file=sys.stderr)
        return -1
",1,,
"import binascii
import random
import string


def task_func(length):
    hex_chars = string.hexdigits.lower()
    hex_digits = [random.choice(hex_chars) for _ in range(length)]
    hex_string = ''.join(hex_digits)
    try:
        decoded_bytes = binascii.unhexlify(hex_string)
        return decoded_bytes.decode('utf-8', errors='ignore')
    except binascii.Error:
        return ''
","import binascii
import random
import string


def task_func(length):
    """"""
    Generates a random hexadecimal string of a given length and attempts to decode it in ASCII.

    Args:
        length (int): The length of the hexadecimal string.

    Returns:
        str: The decoded ASCII string.
    """"""
    hex_chars = string.hexdigits
    hex_string = ''.join(random.choice(hex_chars) for _ in range(length))
    decoded_string = binascii.unhexlify(hex_string).decode('utf-8', 'ignore')
    return decoded_string
",1,,
"import random, math


def task_func(n):
    if n < 2:
        return None
    points = {i: (random.random(), random.random()) for i in range(n)}
    min_dist_sq = None
    closest = None
    indices = list(points.keys())
    i = 0
    while i < len(indices):
        j = i + 1
        while j < len(indices):
            p1 = points[indices[i]]
            p2 = points[indices[j]]
            dx = p1[0] - p2[0]
            dy = p1[1] - p2[1]
            dist_sq = dx * dx + dy * dy
            if min_dist_sq is None or dist_sq < min_dist_sq:
                min_dist_sq = dist_sq
                closest = p1, p2
            j += 1
        i += 1
    return closest
","import random


def task_func(n):
    if n < 2:
        return None
    pts = {i: (random.random(), random.random()) for i in range(n)}
    best = None
    bestd = float('inf')
    for i in range(n):
        xi, yi = pts[i]
        for j in range(i + 1, n):
            xj, yj = pts[j]
            dx = xi - xj
            dy = yi - yj
            d = dx * dx + dy * dy
            if d < bestd:
                bestd = d
                best = (xi, yi), (xj, yj)
    for i in range(n):
        for j in range(i + 1, n):
            xi, yi = pts[i]
            xj, yj = pts[j]
            dx = xi - xj
            dy = yi - yj
            _ = dx * dx + dy * dy
    return best
",1,,
"import random
from collections import Counter


def task_func(n, seed=None):
    if not isinstance(n, int) or n <= 0:
        raise ValueError('n must be a positive integer')
    letters = [chr(i) for i in range(ord('a'), ord('z') + 1)]
    if seed is not None:
        random.seed(seed)
    counts = Counter()
    for _ in range(n):
        counts[random.choice(letters)] += 1
    return counts
","from collections import Counter
import random
import string


def task_func(n, seed=None):
    """"""
    Generates a specified number of random lowercase letters and counts their occurrences.

    Args:
        n (int): The number of random letters to generate.
        seed (int, optional): A seed for the random number generator. Defaults to None.

    Returns:
        Counter: A collections.Counter object with the count of each letter.
    """"""
    if seed is not None:
        random.seed(seed)
    alphabet = string.ascii_lowercase
    letter_counts = {}
    for _ in range(n):
        letter = random.choice(alphabet)
        if letter in letter_counts:
            letter_counts[letter] += 1
        else:
            letter_counts[letter] = 1
    return Counter(letter_counts)
",1,,
"import struct
import gzip
from io import BytesIO


def task_func(newArray):
    packed_data = struct.pack('d' * newArray.size, *newArray)
    compressed_data = gzip.compress(packed_data)
    return compressed_data
","import zlib
import numpy as np


def task_func(newArray):
    compressed_data = zlib.compress(newArray.tobytes())
    return compressed_data
",1,,
"import numpy as np
import matplotlib.pyplot as plt
from pandas import DataFrame


def task_func(data_list: list[dict]) ->plt.Axes:
    """"""Visualizes student scores over multiple tests using a line plot.

    Args:
        data_list: A list of dictionaries where each dictionary represents a test with student names and their scores.

    Returns:
        matplotlib Axes object containing the plot.
    """"""
    df = DataFrame(data_list)
    fig, ax = plt.subplots(figsize=(10, 6))
    for idx, student in enumerate(df.columns):
        y_values = df[student].values.astype(float)
        if np.any(~np.isnan(y_values)):
            x_values = np.arange(len(df))
            ax.plot(x_values, y_values, label=student, marker='o')
    ax.set_title('Student Scores over Tests', fontsize=14, pad=20)
    ax.set_xlabel('Test Number', fontsize=12, labelpad=10)
    ax.set_ylabel('Score', fontsize=12, labelpad=10)
    ax.legend(loc='upper right', bbox_to_anchor=(1, 1))
    return ax
","import seaborn as sns
import numpy as np
from typing import List, Dict


def task_func(data_list: List[Dict[str, float]]) ->'ax':
    """"""
    Visualizes student scores across multiple tests using a line plot.

    Parameters:
        data_list (List[Dict]): A list of dictionaries where each dictionary contains
            student names as keys and their corresponding scores as values.

    Returns:
        ax (matplotlib.axes._axes.Axes): The axes object containing the plotted data.
    """"""
    df = pd.DataFrame(data_list)
    fig, ax = plt.subplots(figsize=(10, 6))
    for column in df.columns:
        df[column].plot(ax=ax, label=column)
    ax.set_title('Student Scores over Tests', fontsize=14, fontweight='bold')
    ax.set_xlabel('Test Number', fontsize=12)
    ax.set_ylabel('Score', fontsize=12)
    return ax
",1,,
"import pandas as pd
import numpy as np


def task_func(products_list):
    """"""Generate random monthly sales and compute averages.""""""
    columns = ['Product'] + [f'Month {i}' for i in range(1, 13)] + [
        'Average Sales']
    data = {col: [] for col in columns}
    for product in products_list:
        monthly_sales = np.random.randint(100, 501, size=12)
        avg_sales = monthly_sales.mean()
        data['Product'].append(product)
        for i, val in enumerate(monthly_sales, start=1):
            data[f'Month {i}'].append(val)
        data['Average Sales'].append(avg_sales)
    return pd.DataFrame(data, columns=columns)
","import pandas as pd
import numpy as np


def task_func(products_list):
    if not products_list:
        return pd.DataFrame({'Product': [], 'Month 1': [], 'Month 2': [],
            'Month 3': [], 'Month 4': [], 'Month 5': [], 'Month 6': [],
            'Month 7': [], 'Month 8': [], 'Month 9': [], 'Month 10': [],
            'Month 11': [], 'Month 12': [], 'Average Sales': []})
    sales_data = pd.DataFrame({'Product': products_list, 'Month 1': np.
        random.randint(100, 501, len(products_list)), 'Month 2': np.random.
        randint(100, 501, len(products_list)), 'Month 3': np.random.randint
        (100, 501, len(products_list)), 'Month 4': np.random.randint(100, 
        501, len(products_list)), 'Month 5': np.random.randint(100, 501,
        len(products_list)), 'Month 6': np.random.randint(100, 501, len(
        products_list)), 'Month 7': np.random.randint(100, 501, len(
        products_list)), 'Month 8': np.random.randint(100, 501, len(
        products_list)), 'Month 9': np.random.randint(100, 501, len(
        products_list)), 'Month 10': np.random.randint(100, 501, len(
        products_list)), 'Month 11': np.random.randint(100, 501, len(
        products_list)), 'Month 12': np.random.randint(100, 501, len(
        products_list))})
    sales_data['Average Sales'] = sales_data.iloc[:, 1:13].mean(axis=1)
    return sales_data
",1,,
"import random
import collections


def task_func(l1, l2):
    combined = []
    i = 0
    len1 = len(l1)
    len2 = len(l2)
    while i < len1 or i < len2:
        if i < len1:
            combined.append(l1[i])
        if i < len2:
            combined.append(l2[i])
        i += 1
    sample = random.choices(combined, k=10)
    freq = collections.Counter(sample)
    return freq
","import collections
import random


def task_func(l1, l2, K=10):
    combined = l1 + l2
    if len(combined) >= K:
        sample = random.sample(combined, K)
    else:
        sample = random.choices(combined, k=K)
    if l1 and not any(item in l1 for item in sample):
        sample[0] = random.choice(l1)
    return collections.Counter(sample)
",1,,
"import pandas as pd


def task_func(data, mapping):
    for column, values in data.items():
        for i, value in enumerate(values):
            if isinstance(value, str):
                for acronym, full_word in mapping.items():
                    value = value.replace(acronym, full_word)
                data[column][i] = value
    return pd.DataFrame(data)
","import pandas as pd


def task_func(data, mapping):
    df = pd.DataFrame(data)

    def replace_acronym(s):
        if isinstance(s, str):
            words = s.split()
            new_words = []
            for word in words:
                if word.upper() in mapping:
                    new_word = mapping[word.upper()]
                    new_words.append(new_word)
                else:
                    new_words.append(word)
            return ' '.join(new_words)
        else:
            return s
    df = df.applymap(replace_acronym)
    return df
",1,,
"import os
import sys
from pathlib import Path


def task_func(path_to_append):
    if not isinstance(path_to_append, str):
        raise TypeError('path_to_append must be a string')
    path = os.path.abspath(os.path.expanduser(path_to_append))
    if not os.path.exists(path):
        os.makedirs(path)
    sys.path.append(path)
    return path
","import sys
from pathlib import Path


def task_func(path_to_append):

    def create_directory(directory_path):
        return Path(directory_path).mkdir(parents=True, exist_ok=True)

    def append_to_sys_path(directory_path):
        if directory_path not in sys.path:
            sys.path.append(directory_path)
        return sys.path
    directory_created = create_directory(path_to_append)
    sys_path_updated = append_to_sys_path(path_to_append)
    return path_to_append
",1,,
"import pandas as pd
import requests


def task_func(csv_url: str, sort_by_column: str='title'):
    """"""
    Fetches data from a given CSV URL and returns a pandas DataFrame sorted based on the specified column.

    Parameters:
        csv_url (str): The URL to fetch the CSV data from.
        sort_by_column (str): The column name based on which the data needs to be sorted. Default is ""title"".

    Returns:
        DataFrame: The pandas DataFrame that has been sorted based on the specified column.
    """"""
    response = requests.get(csv_url)
    if response.status_code != 200:
        raise Exception('Failed to fetch CSV data')
    df = pd.read_csv(StringIO(response.content.decode('utf-8')))
    df_sorted = df.sort_values(by=sort_by_column)
    return df_sorted
","import pandas as pd
import requests


def task_func(csv_url: str, sort_by_column: str='title'):

    def fetch_data(url):
        response = requests.get(url)
        if response.status_code != 200:
            raise Exception('Failed to fetch data from URL')
        return StringIO(response.text)

    def parse_csv(data_stream):
        return pd.read_csv(data_stream)

    def sort_dataframe(df, column):
        return df.sort_values(by=column)
    data_stream = fetch_data(csv_url)
    dataframe = parse_csv(data_stream)
    sorted_dataframe = sort_dataframe(dataframe, sort_by_column)
    return sorted_dataframe
",1,,
"import re


def task_func(sentence):
    words = re.findall('\\b\\w+\\b', sentence)
    freq = {}
    for w in words:
        if w in freq:
            freq[w] += 1
        else:
            freq[w] = 1
    freq2 = {}
    for w in words:
        if w in freq2:
            freq2[w] += 1
        else:
            freq2[w] = 1
    for k, v in freq2.items():
        freq[k] = v
    return freq
","import re
from collections import Counter


def task_func(sentence):
    if not isinstance(sentence, str):
        raise TypeError('Input must be a string')
    words = re.findall('\\b\\w+\\b', sentence)
    word_counts = Counter(words)
    return dict(word_counts)
",1,,
"import random
from typing import List, Tuple
import pandas as pd


def task_func(cities_list: List[str]) ->pd.DataFrame:
    """"""
    Generates population data for a list of cities with populations rounded to the nearest thousand.

    Args:
        cities_list: A list containing city names

    Returns:
        DataFrame: A pandas DataFrame with 'City' and 'Population' columns
    """"""

    def generate_population() ->int:
        pop = random.randint(1000000, 20000000)
        return (pop // 1000 + (pop % 1000 != 0)) * 1000
    data: List[Tuple[str, int]] = []
    for city in cities_list:
        if not isinstance(city, str):
            continue
        pop = generate_population()
        data.append((city, pop))
    df = pd.DataFrame(data, columns=['City', 'Population'])
    return df
","import pandas as pd
import random


def task_func(cities_list):
    data = {'City': cities_list, 'Population': [(round(random.random() * 
        1000000) // 1000 * 1000) for _ in range(len(cities_list))]}
    return pd.DataFrame(data)
",1,,
"import pandas as pd
import numpy as np
import matplotlib.pyplot as plt


def task_func(a, b):
    """"""
    Calculate Pearson correlation coefficient and generate scatter plot with regression line.

    Args:
        a (list): List of numbers representing one variable.
        b (list): List of numbers representing the other variable.

    Returns:
        tuple: Contains two elements:
            float: The Pearson correlation coefficient.
            matplotlib.axes.Axes: The Axes object of the plotted scatter plot with a regression line.
    """"""
    mean_a = np.mean(a)
    mean_b = np.mean(b)
    numerator = sum((x - mean_a) * (y - mean_b) for x, y in zip(a, b))
    denominator = np.sqrt(sum((x - mean_a) ** 2 for x in a)) * np.sqrt(sum(
        (y - mean_b) ** 2 for y in b))
    if denominator == 0:
        correlation = float('nan')
    else:
        correlation = numerator / denominator
    df = pd.DataFrame({'x': a, 'y': b})
    fig, ax = plt.subplots()
    df.plot.scatter(x='x', y='y', ax=ax)
    slope = numerator / denominator
    intercept = mean_b - slope * mean_a
    x_vals = np.array(a)
    y_vals = slope * x_vals + intercept
    ax.plot(x_vals, y_vals, color='red')
    return correlation, ax
","import numpy as np
import pandas as pd
import matplotlib.pyplot as plt


def task_func(a, b):
    df = pd.DataFrame({'A': a, 'B': b})
    corr = df['A'].corr(df['B'])
    fig, ax = plt.subplots()
    ax.scatter(df['A'], df['B'])
    slope, intercept = np.polyfit(df['A'], df['B'], 1)
    x_vals = np.array(ax.get_xlim())
    y_vals = intercept + slope * x_vals
    ax.plot(x_vals, y_vals, color='red')
    return corr, ax
",1,,
"def task_func(num, list_length, min_value, max_value):
    random_list = []
    for _ in range(list_length):
        random_list.append(random.randint(min_value, max_value))
    random_list.sort()
    new_list = random_list[:]
    new_list.append(num)
    new_list.sort()
    return random_list, new_list
","import random


def task_func(num, list_length, min_value, max_value):
    """"""Generate a tuple containing two lists: 
    - The first list is the randomly generated list of integers with specified length.
    - The second list is the sorted version including the inserted number.""""""
    initial_list = [random.randint(min_value, max_value) for _ in range(
        list_length)]
    sorted_with_num = sorted(initial_list + [num])
    return initial_list, sorted_with_num
",1,,
"import numpy as np
import logging
logger = logging.getLogger(__name__)


class ResultDataFrame:

    def __init__(self, index, data):
        self.index = index
        self._data = data

    def __getitem__(self, key):
        return self._data[key]


def task_func(vegetable_dict):
    if not isinstance(vegetable_dict, dict):
        logger.error('Input must be a dictionary')
        raise TypeError('Input must be a dictionary')
    for k, v in vegetable_dict.items():
        if not isinstance(k, str) or not isinstance(v, str):
            logger.error('Dictionary keys and values must be strings')
            raise TypeError('Dictionary keys and values must be strings')
    veg_to_person = {v: k for k, v in vegetable_dict.items()}
    veg_list = list(veg_to_person.keys())
    if not veg_list:
        return ResultDataFrame([], {'Percentage': np.array([])})
    counts = np.random.randint(1, 11, size=len(veg_list))
    total = counts.sum()
    percentages = counts / total * 100
    return ResultDataFrame(veg_list, {'Percentage': percentages})
","import random
from collections import defaultdict
import pandas as pd


def task_func(vegetable_dict):
    if not vegetable_dict:
        return pd.DataFrame(columns=['Percentage'], index=[])
    veg_to_people = {v: k for k, v in vegetable_dict.items()}
    veg_counts = defaultdict(int)
    total_count = 0
    for veg in veg_to_people.keys():
        count = random.randint(1, 10)
        veg_counts[veg] += count
        total_count += count
    percentage_dict = {veg: (count / total_count * 100 if total_count else 
        0) for veg, count in veg_counts.items()}
    df = pd.DataFrame.from_dict(percentage_dict, orient='index', columns=[
        'Percentage'])
    return df
",1,,
"import os
import random


def task_func(directory: str, n_files: int) ->str:
    """"""Create specified number of random text files in given directory with random content.""""""
    os.makedirs(directory, exist_ok=True)
    files = {f'file_{i + 1}.txt': (random.choice(
        'abcdefghijklmnopqrstuvwxyz') * random.randint(5, 20)) for i in
        range(n_files)}
    for name, content in files.items():
        path = os.path.join(directory, name)
        with open(path, 'w') as f:
            f.write(content)
            f.seek(0)
    return directory
","import os
import random
import string


def task_func(directory, n_files):
    if not os.path.exists(directory):
        os.makedirs(directory)
    for i in range(n_files):
        file_name = f'file_{i}.txt'
        file_path = os.path.join(directory, file_name)
        with open(file_path, 'w') as f:
            random_string = ''.join(random.choice(string.ascii_letters) for
                _ in range(100))
            f.write(random_string)
    return directory


import unittest
import shutil


class TestCases(unittest.TestCase):

    def setUp(self):
        random.seed(42)

    def tearDown(self):
        shutil.rmtree('./source', ignore_errors=True)
        shutil.rmtree('./src', ignore_errors=True)
        shutil.rmtree('./s', ignore_errors=True)

    def test_case_1(self):
        directory = task_func('./source', 10)
        self.assertTrue(os.path.exists(directory))
        self.assertEqual(len(os.listdir(directory)), 10)
        for file in os.listdir(directory):
            self.assertEqual(file.split('.')[-1], 'txt')

    def test_case_2(self):
        directory = task_func('./src', 1)
        self.assertTrue(os.path.exists(directory))
        self.assertEqual(len(os.listdir(directory)), 1)
        for file in os.listdir(directory):
            self.assertEqual(file.split('.')[-1], 'txt')

    def test_case_3(self):
        directory = task_func('./s', 100)
        self.assertTrue(os.path.exists(directory))
        self.assertEqual(len(os.listdir(directory)), 100)
        for file in os.listdir(directory):
            self.assertEqual(file.split('.')[-1], 'txt')

    def test_case_4(self):
        directory = task_func('./s', 0)
        self.assertTrue(os.path.exists(directory))
        self.assertEqual(len(os.listdir(directory)), 0)
        for file in os.listdir(directory):
            self.assertEqual(file.split('.')[-1], 'txt')

    def test_case_5(self):
        directory = task_func('./source', 1)
        self.assertTrue(os.path.exists(directory))
        self.assertEqual(len(os.listdir(directory)), 1)
        for file in os.listdir(directory):
            self.assertEqual(file.split('.')[-1], 'txt')
",1,,
"import math


def task_func(elements, subset_size):
    """"""Return mean, median, and mode of sums of all subsets of given size.""""""
    sums = []

    def backtrack(start, comb):
        if len(comb) == subset_size:
            sums.append(sum(comb))
            return
        for i in range(start, len(elements)):
            backtrack(i + 1, comb + (elements[i],))
    backtrack(0, ())
    n = len(sums)
    mean_val = sum(sums) / n if n else 0
    sorted_sums = sorted(sums)
    if n % 2:
        median_val = sorted_sums[n // 2]
    else:
        median_val = (sorted_sums[n // 2 - 1] + sorted_sums[n // 2]) / 2
    freq = {}
    for s in sums:
        freq[s] = freq.get(s, 0) + 1
    mode_val = max(freq, key=lambda k: freq[k])
    return {'mean': mean_val, 'median': median_val, 'mode': mode_val}
","import statistics
from collections import Counter


def task_func(elements, subset_size):
    """"""Return mean, median, and mode of sums of all subsets of given size.""""""

    def gen_subsets(idx, current):
        if len(current) == subset_size:
            yield tuple(current)
            return
        if idx == len(elements):
            return
        yield from gen_subsets(idx + 1, current + [elements[idx]])
        yield from gen_subsets(idx + 1, current)
    sums = [sum(sub) for sub in gen_subsets(0, [])]
    mode_val = Counter(sums).most_common(1)[0][0]
    return {'mean': statistics.mean(sums), 'median': statistics.median(sums
        ), 'mode': mode_val}
",1,,
"import pandas as pd


def task_func(list_of_tuples):
    df = pd.DataFrame(list_of_tuples, columns=['numeric_value', 'category'])
    total_sum = df['numeric_value'].sum()
    category_counts = df['category'].value_counts().to_dict()
    return total_sum, category_counts
","from functools import reduce


def task_func(list_of_tuples):
    """"""Compute sum of numeric values and count of categories.""""""
    total = reduce(lambda acc, t: acc + t[0], list_of_tuples, 0)
    categories = {t[1] for t in list_of_tuples}
    counts = {cat: sum(1 for t in list_of_tuples if t[1] == cat) for cat in
        categories}
    return total, counts
",1,,
"import requests
from bs4 import BeautifulSoup


def task_func(url, from_encoding, use_lxml=False):
    try:
        response = requests.get(url, timeout=5, allow_redirects=True)
        response.raise_for_status()
        decoded_content = response.content.decode(from_encoding, errors=
            'ignore')
        parser = 'lxml' if use_lxml else 'html.parser'
        soup = BeautifulSoup(decoded_content, parser=parser)
        return soup
    except requests.exceptions.RequestException as e:
        print(f'Request Error: {e}')
        return None
    except Exception as e:
        print(f'An error occurred: {e}')
        return None
","from bs4 import BeautifulSoup
import requests
from typing import Optional
from urllib.parse import urlparse


def task_func(url: str, encoding: str='utf-8', use_lxml: bool=False
    ) ->Optional[BeautifulSoup]:
    if not url:
        return None
    try:
        response = requests.get(url, timeout=5)
        response.raise_for_status()
        if response.status_code != 200:
            return None
        parsed_url = urlparse(url)
        if not parsed_url.scheme or not parsed_url.netloc:
            return None
        decoded_content: str
        try:
            decoded_content = response.content.decode(encoding)
        except UnicodeDecodeError:
            return None
        parser = 'lxml' if use_lxml else 'html.parser'
        soup = BeautifulSoup(decoded_content, parser)
        return soup
    except requests.exceptions.RequestException as e:
        pass
    except Exception as e:
        pass
    return None
",1,,
"import numpy as np


def task_func(text1: str, text2: str):
    return np.nan, np.nan
","import math
import statistics


def task_func(text1, text2):
    """"""
    Performs a paired t-test on the word counts of two strings.

    Args:
        text1 (str): The first text string.
        text2 (str): The second text string.

    Returns:
        tuple: A tuple containing the t-statistic and p-value.
               Returns (float('nan'), float('nan')) if the strings have
               different lengths.
    """"""
    words1 = len(re.findall('\\W+', text1))
    words2 = len(re.findall('\\W+', text2))
    if words1 != words2:
        return float('nan'), float('nan')
    try:
        t_statistic, p_value = statistics.ttest_rel(words1, words2)
        return t_statistic, p_value
    except Exception as e:
        return float('nan'), float('nan')
",1,,
"import pandas as pd


def task_func(input_df):

    def _clean(val):
        if pd.isna(val):
            return ''
        return ''.join(ch for ch in str(val) if ch.isalnum())
    cleaned = input_df['text'].apply(_clean)
    return pd.DataFrame({'clean_text': cleaned, 'text_length': cleaned.str.
        len()})
","import pandas as pd
import string


def task_func(input_df):
    """"""
    Cleans the text in a DataFrame column by removing special characters and calculates text length.

    Parameters:
        input_df (pd.DataFrame): Input DataFrame with 'text' column to be cleaned.

    Returns:
        pd.DataFrame: DataFrame containing two new columns 'clean_text' and 'text_length'.
    """"""
    remove_chars = str.maketrans('', '', string.punctuation + string.whitespace
        )

    def process_text(text):
        if text is None or isinstance(text, (int, float)):
            return '', 0
        cleaned = text.translate(remove_chars).strip()
        length = len(cleaned)
        return cleaned, length
    result = input_df['text'].apply(lambda x: process_text(x))
    output_df = pd.DataFrame({'clean_text': [item[0] for item in result],
        'text_length': [item[1] for item in result]})
    return output_df
",1,,
"import numpy as np
from sklearn.preprocessing import StandardScaler
import pandas as pd


def task_func(records, random_seed=None):
    if records.ndim != 2 or records.shape[1] != 5:
        raise ValueError('Input array must be a 2D array with 5 columns.')
    if random_seed is not None:
        np.random.seed(random_seed)
    shuffled_indices = np.random.permutation(records.shape[1])
    records = records[:, shuffled_indices]
    scaler = StandardScaler()
    scaled_records = scaler.fit_transform(records)
    df = pd.DataFrame(scaled_records, columns=['f1', 'f2', 'f3', 'f4', 'f5'])
    return df
","import numpy as np
import pandas as pd


def task_func(records, random_seed):
    if not isinstance(records, np.ndarray):
        raise ValueError('Input must be a numpy array')
    if records.ndim != 2:
        raise ValueError('Input array must be 2-dimensional')
    if not np.issubdtype(records.dtype, np.number):
        raise ValueError('Input array must contain numeric data')
    n_samples, n_features = records.shape
    if n_samples == 0 or n_features == 0:
        raise ValueError('Input array must have non-zero dimensions')
    mean = records.mean(axis=0)
    std = records.std(axis=0, ddof=0)
    std_adj = np.where(std == 0, 1, std)
    standardized = (records - mean) / std_adj
    df = pd.DataFrame(standardized, columns=[f'f{i + 1}' for i in range(
        n_features)])
    rng = np.random.default_rng(random_seed)
    perm = rng.permutation(n_features)
    df = df.iloc[:, perm]
    return df
",1,,
"def task_func(letters):
    number_map = {'A': 1, 'B': 2, 'C': 3, 'D': 4, 'E': 5, 'F': 6, 'G': 7,
        'H': 8, 'I': 9, 'J': 10, 'K': 11, 'L': 12, 'M': 13, 'N': 14, 'O': 
        15, 'P': 16, 'Q': 17, 'R': 18, 'S': 19, 'T': 20, 'U': 21, 'V': 22,
        'W': 23, 'X': 24, 'Y': 25, 'Z': 26}
    product = 1
    for letter in letters:
        if letter in number_map:
            product *= number_map[letter]
    return product
","from typing import List


def task_func(letters: List[str]) ->int:
    alphabet = 'ABCDEFGHIJKLMNOPQRSTUVWXYZ'
    numbers = [(alphabet.index(letter) + 1) for letter in letters]
    product = 1
    for number in numbers:
        product *= number
    return product
",1,,
"import math


def task_func(points):
    """"""Return Euclidean distances between consecutive 2D points.""""""
    if not points or len(points) < 2:
        return []
    processed = [((p[0], p[0]) if len(p) == 1 else (p[0], p[1])) for p in
        points]
    return [math.hypot(x2 - x1, y2 - y1) for (x1, y1), (x2, y2) in zip(
        processed, processed[1:])]
","import math
import logging
logging.basicConfig(level=logging.DEBUG)
logger = logging.getLogger(__name__)


def task_func(points):
    if not isinstance(points, (list, tuple)):
        raise TypeError('Input must be a list or tuple of points')
    if len(points) < 2:
        return []
    distances = []
    for idx in range(len(points) - 1):
        p1 = points[idx]
        p2 = points[idx + 1]
        if not isinstance(p1, (list, tuple)) or not isinstance(p2, (list,
            tuple)):
            raise TypeError('Each point must be a list or tuple of numbers')
        if len(p1) == 1:
            x1 = y1 = p1[0]
        elif len(p1) == 2:
            x1, y1 = p1
        else:
            raise ValueError('Point must contain one or two numeric values')
        if len(p2) == 1:
            x2 = y2 = p2[0]
        elif len(p2) == 2:
            x2, y2 = p2
        else:
            raise ValueError('Point must contain one or two numeric values')
        try:
            dx = float(x2) - float(x1)
            dy = float(y2) - float(y1)
        except (TypeError, ValueError) as exc:
            raise TypeError('Point coordinates must be numeric') from exc
        dist = math.hypot(dx, dy)
        distances.append(dist)
        logger.debug('Computed distance between point %s and %s: %f', p1,
            p2, dist)
    return distances
",1,,
"import re
from collections import defaultdict
from nltk.corpus import stopwords


def task_func(text: str) ->dict:
    words = re.findall('\\b\\w+\\b', text)
    stop_words_set = set(stopwords.words('english'))
    word_counts = defaultdict(int)
    for word in words:
        lower_word = word.lower()
        if lower_word not in stop_words_set:
            word_counts[word] += 1
    return dict(word_counts)
","import re
import logging
from collections import Counter
from sklearn.feature_extraction.text import ENGLISH_STOP_WORDS
logging.basicConfig(level=logging.WARNING)
logger = logging.getLogger(__name__)


def task_func(text: str) ->dict:
    if not isinstance(text, str):
        logger.error('Input must be a string, got %s', type(text).__name__)
        raise TypeError('Input must be a string')
    words = re.findall('\\b\\w+\\b', text)
    non_stopwords = [w for w in words if w.lower() not in ENGLISH_STOP_WORDS]
    return dict(Counter(non_stopwords))
",1,,
"import unittest
import numpy as np


class TestCases(unittest.TestCase):

    def test_median_odd_elements(self):
        result = task_func([[1, 2, 3], [4, 5, 6], [7]])
        self.assertEqual(result, 4.0)

    def test_median_even_elements(self):
        result = task_func([[1, 2, 3], [4, 5, 6]])
        self.assertEqual(result, 3.5)

    def test_median_single_element(self):
        result = task_func([[5]])
        self.assertEqual(result, 5.0)

    def test_median_deep_nesting(self):
        result = task_func([1, [2, [3, 4, [5, 6], 7], 8], 9])
        self.assertEqual(result, 5.0)

    def test_median_empty_list(self):
        with self.assertRaises(ValueError):
            task_func([])


def task_func(L):

    def flatten(lst):
        flat_list = []
        for element in lst:
            if isinstance(element, list):
                flat_list.extend(flatten(element))
            elif isinstance(element, (int, float)):
                flat_list.append(element)
        return flat_list
    flattened_list = flatten(L)
    if not flattened_list:
        raise ValueError('List is empty')
    sorted_list = sorted(flattened_list)
    length = len(sorted_list)
    midpoint = length // 2
    if length % 2 == 0:
        return (sorted_list[midpoint - 1] + sorted_list[midpoint]) / 2.0
    else:
        return sorted_list[midpoint]
","import numpy as np


def task_func(L):
    """"""
    Calculate the median of all elements in a nested list L.

    Args:
        L (list): A nested list containing numerical values.

    Returns:
        float: The median of all elements in the nested list.

    Raises:
        ValueError: If the input list is empty or contains no numeric values.
    """"""

    def flatten(lst):
        for el in lst:
            if isinstance(el, list):
                yield from flatten(el)
            else:
                yield el
    elements = list(flatten(L))
    if not elements:
        raise ValueError('List is empty or contains no numeric values.')
    arr = np.array(elements)
    sorted_arr = np.sort(arr)
    length = len(sorted_arr)
    if length % 2 == 1:
        return float(sorted_arr[length // 2])
    else:
        return float((sorted_arr[length // 2 - 1] + sorted_arr[length // 2]
            ) / 2)
",1,,
"import pandas as pd


def task_func(dict1):
    df = pd.DataFrame(list(dict1.items()), columns=['Department', 'Employees'])
    filtered_df = df[df['Department'].str.startswith('EMP$$')]
    result_dict = filtered_df.set_index('Department')['Employees'].apply(lambda
        x: [round(100 * (i + 1) / x) for i in range(x)]).to_dict()
    return result_dict
","from collections import defaultdict


def task_func(dict1):
    employee_data = defaultdict(list)
    for key in dict1:
        if not isinstance(key, str) or not key.startswith('EMP$$'):
            continue
        try:
            num_employees = dict1[key]
            salaries = [x for x in (y for y in range(1, 101)) if x < 200][:
                num_employees]
            employee_data[key].extend(salaries)
        except Exception as e:
            pass
    return dict(employee_data)
",1,,
"import random
from typing import List, Tuple
import pandas as pd


def task_func(cities_list: List[str]) ->pd.DataFrame:
    """"""
    Generates population data for a list of cities with populations rounded to the nearest thousand.

    Args:
        cities_list: A list containing city names

    Returns:
        DataFrame: A pandas DataFrame with 'City' and 'Population' columns
    """"""

    def generate_population() ->int:
        pop = random.randint(1000000, 20000000)
        return (pop // 1000 + (pop % 1000 != 0)) * 1000
    data: List[Tuple[str, int]] = []
    for city in cities_list:
        if not isinstance(city, str):
            continue
        pop = generate_population()
        data.append((city, pop))
    df = pd.DataFrame(data, columns=['City', 'Population'])
    return df
","import pandas as pd
import random


def task_func(cities_list):

    def get_population(city):
        return round(random.uniform(1000000.0, 100000000.0), 0)
    cities = list(cities_list)
    populations = [get_population(city) for city in cities]
    data_dict = {'City': cities, 'Population': populations}
    df = pd.DataFrame(data_dict)
    df['Population'] = df['Population'].apply(lambda x: (x // 1000 + 1) * 1000)
    return df
",1,,
"import pandas as pd
import numpy as np


def task_func(data):
    df = pd.DataFrame(data)
    if df.empty:
        return df
    for col in df.columns:
        numeric_series = pd.to_numeric(df[col], errors='coerce')
        if numeric_series.notna().all():
            mean = numeric_series.mean()
            std = numeric_series.std(ddof=0)
            if std == 0:
                df[col] = 0.0
            else:
                df[col] = (numeric_series - mean) / std
    return df
","import numpy as np
from sklearn.preprocessing import StandardScaler


def task_func(data):
    dataframe = pd.DataFrame(data)
    numeric_columns = [column for column in dataframe.columns if dataframe[
        column].dtype in ['float64', 'int64']]
    for column in numeric_columns:
        try:
            dataframe[column] = StandardScaler().fit_transform(np.array(
                dataframe[column]).reshape(-1, 1))
        except Exception as e:
            print(f'Error scaling column {column}: {str(e)}')
    non_numeric_columns = [column for column in dataframe.columns if column
         not in numeric_columns]
    for column in non_numeric_columns:
        try:
            converted_column = pd.to_numeric(dataframe[column], errors='coerce'
                )
            if not converted_column.isna().all():
                dataframe[column] = StandardScaler().fit_transform(np.array
                    (converted_column).reshape(-1, 1))
        except Exception as e:
            print(f'Error scaling column {column}: {str(e)}')
    return dataframe
",1,,
"import random
import logging
logging.basicConfig(level=logging.WARNING)


def task_func(data_size):
    if not isinstance(data_size, int) or data_size <= 0:
        raise ValueError('data_size must be a positive integer')
    data = [random.gauss(0, 1) for _ in range(data_size)]
    color = random.choice(['blue', 'green', 'red', 'cyan', 'magenta',
        'yellow', 'black'])
    logging.debug(f'Generated {data_size} data points and color {color}')
    return data, color
","import random
import numpy as np
from matplotlib import pyplot as plt


def task_func(data_size):
    colors = ['blue', 'green', 'red', 'cyan', 'magenta', 'yellow', 'black']

    def generate_data(size):
        return np.random.randn(size)

    def select_color():
        return random.choice(colors)
    data = generate_data(data_size)
    color = select_color()
    return data, color


if __name__ == '__main__':
    data, color = task_func(100)
    plt.hist(data, bins=20, color=color, alpha=0.7)
    plt.show()
",1,,
"import subprocess
import platform
from typing import List


def task_func(url: str) ->int:
    """"""
    Open a web page in the default web browser in a background process.

    Args:
        url (str): The URL of the webpage to open.

    Returns:
        int: The return code of the subprocess.
    """"""
    if platform.system() == 'Darwin':
        cmd = ['open']
    elif platform.system() == 'Windows':
        cmd = ['start']
    else:
        cmd = ['xdg-open']
    cmd.append(url)
    process = subprocess.Popen(cmd, stdout=subprocess.PIPE, stderr=
        subprocess.PIPE)
    while True:
        return_code = process.poll()
        if return_code is not None:
            break
    return return_code
","import subprocess
import platform


def task_func(url):
    system = platform.system()
    if system == 'Darwin':
        command = ['open', url]
    elif system == 'Windows':
        command = ['start', url]
    else:
        command = ['xdg-open', url]
    process = subprocess.Popen(command, stdout=subprocess.PIPE, stderr=
        subprocess.PIPE)
    while True:
        return_code = process.poll()
        if return_code is None:
            continue
        break
    return return_code
",1,,
"import pytz
from datetime import datetime
MOON_PHASES_YEARS = [2000, 2001, 2002, 2003, 2004, 2005, 2006]


def task_func(date_str, from_tz, to_tz):
    try:
        date = datetime.strptime(date_str, '%Y-%m-%d %H:%M:%S')
    except ValueError:
        date = datetime.strptime(date_str, '%d %b %Y %H:%M:%S')
    from_tz_obj = pytz.timezone(from_tz)
    to_tz_obj = pytz.timezone(to_tz)
    date_in_from_tz = from_tz_obj.localize(date)
    date_in_to_tz = date_in_from_tz.astimezone(to_tz_obj)
    year = date_in_to_tz.year
    month = date_in_to_tz.month
    day = date_in_to_tz.day
    if year in MOON_PHASES_YEARS:
        key = (year - 2000) % 4
        phase_dates = {(0): [(1, 20), (2, 18), (3, 20), (4, 19), (5, 18), (
            6, 17), (7, 16), (8, 15), (9, 14), (10, 13), (11, 12)], (1): [(
            1, 20), (2, 18), (3, 20), (4, 19), (5, 18), (6, 17), (7, 16), (
            8, 15), (9, 14), (10, 13), (11, 12)], (2): [(1, 20), (2, 18), (
            3, 20), (4, 19), (5, 18), (6, 17), (7, 16), (8, 15), (9, 14), (
            10, 13), (11, 12)], (3): [(1, 20), (2, 18), (3, 20), (4, 19), (
            5, 18), (6, 17), (7, 16), (8, 15), (9, 14), (10, 13), (11, 12)]}
        if key in phase_dates:
            if (month, day) in phase_dates[key]:
                return {(0): 0, (1): 0.25, (2): 0.5, (3): 0.75}[key]
    return 0.5
","import pytz
import numpy as np
from dateutil.parser import parse
MOON_PHASES_YEARS = np.array([1987, 1994, 2001, 2008, 2015, 2022])


def task_func(date_str, from_tz, to_tz):
    from_tz_obj = pytz.timezone(from_tz)
    to_tz_obj = pytz.timezone(to_tz)
    parsed_date = parse(date_str)
    localized_date = parsed_date.astimezone(from_tz_obj)
    year_index = np.argmin(np.abs(MOON_PHASES_YEARS - localized_date.year))
    moon_phase_year = MOON_PHASES_YEARS[year_index]
    time_diff = abs(localized_date.year - moon_phase_year)
    moon_phase = np.sin(np.pi * time_diff / 7)
    return moon_phase
",1,,
"import json, random


def task_func(department_data):
    """"""Generate JSON mapping departments to random employee levels.""""""
    levels = ['Junior', 'Mid', 'Senior']
    result = {dept: [random.choice(levels) for _ in range(count)] for dept,
        count in department_data.items()}
    return json.dumps(result)
","import collections
import random
import json
PREFICES = ['EMP$$', 'MAN$$', 'DEV$$', 'HR$$']
LEVELS = ['Junior', 'Mid', 'Senior']


def task_func(department_data):
    result = {}
    for dept, count in department_data.items():
        if dept not in PREFICES:
            continue
        employees = []
        for _ in range(count):
            level = random.choice(LEVELS)
            employees.append(level)
        result[dept] = employees
    return json.dumps(result)
",1,,
"import re
from collections import defaultdict
import pandas as pd
import numpy as np
import matplotlib.pyplot as plt
from scipy.stats import skew, kurtosis


def task_func(text):
    if not isinstance(text, str):
        raise TypeError('Input must be a string')
    name_pattern = '\\[.*?\\]'
    addresses = re.findall(name_pattern, text)
    parts = re.split(name_pattern, text)
    names = []
    for part in parts:
        if part.strip() != '':
            name = part.strip().split()
            names.append(' '.join(name))
    freqs = defaultdict(int)
    for name in names:
        freqs[name] += 1
    if freqs:
        name_freqs = pd.Series(freqs)
    else:
        name_freqs = pd.Series()
    plot = None
    skewness = None
    kurtosis_val = None
    if not name_freqs.empty:
        try:
            values = name_freqs.values
            mask = np.isnan(values)
            valid_values = values[~mask]
            if len(valid_values) > 0:
                skewness = skew(valid_values)
                kurtosis_val = kurtosis(valid_values)
            else:
                skewness = None
                kurtosis_val = None
            plt.figure(figsize=(10, 6))
            name_freqs.plot(kind='bar', title='Name Frequencies')
            plot = plt.gca()
        except Exception as e:
            print(f'Error generating plot: {e}')
    return name_freqs, plot, skewness, kurtosis_val
","import re
import pandas as pd
from scipy.stats import skew, kurtosis
import math


def task_func(text):
    names = [m.group(1).strip() for m in re.finditer('([^\\[\\]]+?)\\s*\\[',
        text) if m.group(1).strip()]
    freq_series = pd.Series(names).value_counts()
    if not freq_series.empty:
        ax = freq_series.plot(kind='bar', title='Name Frequencies')
        s = skew(freq_series)
        k = kurtosis(freq_series)
        skew_val = None if math.isnan(s) else s
        kurt_val = None if math.isnan(k) else k
    else:
        ax = None
        skew_val = None
        kurt_val = None
    return freq_series, ax, skew_val, kurt_val
",1,,
"import importlib
import sys


def task_func(package_name: str):
    try:
        importlib.import_module(package_name)
    except Exception as exc:
        raise ImportError(f'Package {package_name} not found') from exc
    return []
","import importlib.util
from pathlib import Path


def task_func(package_name: str) ->list:
    """"""
    Adds all modules of a specified package to the system path.

    Args:
        package_name (str): The name of the package whose modules are to be added to the system path.

    Returns:
        list: A list of module names that were added to the system path.
    """"""
    spec = importlib.util.find_spec(package_name)
    if spec is None:
        raise ImportError(f""The package '{package_name}' is not installed!"")
    package_dir = Path(importlib.util.module_from_spec(spec).__file__).parent
    modules = [f for f in (package_dir / '__init__.py').resolve().glob(
        '**/*.py') if f.is_file()]
    added_modules = []
    for module in modules:
        module_path = str(module.parent)
        if module_path not in sys.path:
            sys.path.append(module_path)
            added_modules.append(module.stem)
    return added_modules
",1,,
"import pandas as pd


def task_func(df):
    combos = [tuple(row) for row in df.itertuples(index=False, name=None)]
    df['combination'] = combos
    freq = {}
    for c in combos:
        freq[c] = freq.get(c, 0) + 1
    return freq
","import pandas as pd
from itertools import combinations
from collections import defaultdict


def task_func(df):
    """"""
    Calculate combination frequencies for DataFrame rows.

    Parameters:
        df: pandas.DataFrame with columns 'item1', 'item2', 'item3', 'item4', 'item5'

    Returns:
        dict: Frequency count of each unique combination
    """"""
    comb_dict = defaultdict(int)
    for _, row in df.iterrows():
        items = [item for item in row if pd.notna(item)]
        combo = tuple(sorted(items))
        if len(combo) >= 2:
            comb_dict[combo] += 1
    return dict(comb_dict)
",1,,
"import pandas as pd
import numpy as np
MONTHS = ['Jan', 'Feb', 'Mar', 'Apr', 'May', 'Jun', 'Jul', 'Aug', 'Sep',
    'Oct', 'Nov', 'Dec']
PRODUCTS = ['Product A', 'Product B', 'Product C', 'Product D', 'Product E']


def task_func():
    np.random.seed(0)
    data = np.random.randint(100, 1001, size=(12, 5))
    df = pd.DataFrame(data, index=MONTHS, columns=PRODUCTS)
    return df
","import pandas as pd
import matplotlib.pyplot as plt
import seaborn as sns
MONTHS = ['Jan', 'Feb', 'Mar', 'Apr', 'May', 'Jun', 'Jul', 'Aug', 'Sep',
    'Oct', 'Nov', 'Dec']
PRODUCTS = ['Product A', 'Product B', 'Product C', 'Product D', 'Product E']


def task_func():
    sales_data = {'Jan': {'Product A': 150, 'Product B': 200, 'Product C': 
        300, 'Product D': 250, 'Product E': 220}, 'Feb': {'Product A': 180,
        'Product B': 210, 'Product C': 320, 'Product D': 280, 'Product E': 
        230}, 'Mar': {'Product A': 200, 'Product B': 240, 'Product C': 350,
        'Product D': 310, 'Product E': 250}, 'Apr': {'Product A': 220,
        'Product B': 270, 'Product C': 380, 'Product D': 340, 'Product E': 
        280}, 'May': {'Product A': 240, 'Product B': 300, 'Product C': 410,
        'Product D': 370, 'Product E': 310}, 'Jun': {'Product A': 260,
        'Product B': 330, 'Product C': 440, 'Product D': 400, 'Product E': 
        340}, 'Jul': {'Product A': 280, 'Product B': 360, 'Product C': 470,
        'Product D': 430, 'Product E': 370}, 'Aug': {'Product A': 300,
        'Product B': 390, 'Product C': 500, 'Product D': 460, 'Product E': 
        400}, 'Sep': {'Product A': 320, 'Product B': 420, 'Product C': 530,
        'Product D': 490, 'Product E': 430}, 'Oct': {'Product A': 340,
        'Product B': 450, 'Product C': 560, 'Product D': 520, 'Product E': 
        460}, 'Nov': {'Product A': 360, 'Product B': 480, 'Product C': 590,
        'Product D': 550, 'Product E': 490}, 'Dec': {'Product A': 380,
        'Product B': 510, 'Product C': 620, 'Product D': 580, 'Product E': 520}
        }
    df = pd.DataFrame(sales_data).T
    df.index = MONTHS
    total_sales = df.sum(axis=0)
    plt.figure(figsize=(10, 6))
    sns.lineplot(x=df.columns, y=total_sales.values)
    plt.title('Total Sales per Product')
    plt.xlabel('Product')
    plt.ylabel('Sales')
    plt.figure(figsize=(8, 6))
    sns.heatmap(df, annot=True, cmap='coolwarm', fmt='g')
    plt.title('Monthly Sales Across Products and Months')
    plt.xlabel('Month')
    plt.ylabel('Product')
    return df
",1,,
"import subprocess
import logging
from typing import Optional, Any
from dataclasses import dataclass


@dataclass
class CompilationResult:
    success: bool
    output: str
    error: Optional[Exception] = None


def task_func(filepath: str) ->None:

    def compile_c_file(file_path: str) ->CompilationResult:
        try:
            subprocess.check_call(['g++', file_path, '-o',
                f""{file_path.split('.')[0]}""])
            return CompilationResult(True, 'Successfully compiled')
        except subprocess.CalledProcessError as e:
            return CompilationResult(False, f'Failed to compile: {e}')
        except FileNotFoundError as e:
            return CompilationResult(False,
                f'Compiler not found or file does not exist: {e}')
    result = compile_c_file(filepath)
    if not result.success:
        logging.error(result.output)
    else:
        logging.info('Compilation successful')
","import subprocess
import logging
from typing import NoReturn


def task_func(filepath: str) ->NoReturn:
    """"""
    Attempts to compile an existing C++ file specified by 'filepath'.
    Logs the outcome of the compilation process.
    Does not return anything but provides output through logs.
    """"""
    try:
        subprocess.check_call(['g++', filepath, '-o', os.path.splitext(
            filepath)[0]])
        logging.info('Compilation successful')
    except subprocess.CalledProcessError as e:
        logging.error(f'Compilation failed with error: {str(e)}', exc_info=True
            )
    except FileNotFoundError:
        logging.error(
            'G++ compiler not found. Please install GCC or check your installation.'
            )
    except Exception as e:
        logging.error(f'An unexpected error occurred: {str(e)}', exc_info=True)
",1,,
"import numpy as np
import matplotlib.pyplot as plt
from pandas import DataFrame


def task_func(df: DataFrame, group_col: str, value_col: str, group_name: str):
    filtered_df = df[df[group_col] == group_name]
    if len(filtered_df) == 0:
        raise ValueError(f""Group '{group_name}' not found in DataFrame"")
    fig, ax = plt.subplots(figsize=(8, 6))
    n_bars = len(filtered_df)
    bar_width = 0.35
    index = np.arange(n_bars)
    bars = ax.bar(index, filtered_df[value_col], bar_width, color=COLORS[:
        n_bars])
    ax.set_xlabel(group_col)
    ax.set_ylabel(value_col)
    ax.set_title(f""Bar Chart of {value_col} for Group '{group_name}'"")
    ax.set_xticks(index)
    ax.set_xticklabels(filtered_df[group_col])
    ax.tick_params(axis='both', which='major', labelsize=10)
    ax.grid(True, alpha=0.3)
    return ax
","import pandas as pd
import matplotlib.pyplot as plt


def task_func(df, group_col, value_col, group_name):
    group_data = df[df[group_col] == group_name]
    if group_data.empty:
        raise ValueError
    fig, ax = plt.subplots()
    ax.bar(group_data[group_col], group_data[value_col])
    ax.set_xlabel(group_col)
    ax.set_ylabel(value_col)
    ax.set_title(f'Bar chart of {value_col} for {group_name}')
    ax.set_xticks(group_data[group_col])
    return ax
",1,,
"from typing import Dict, Any
import math


def task_func(nested_dict: Dict[str, Dict[str, float]]) ->Dict[str, float]:

    def aggregate_values(dicts_to_aggregate):
        aggregated = {}
        for d in dicts_to_aggregate:
            for key, value in d.items():
                if key == 'ele':
                    continue
                if key in aggregated:
                    aggregated[key] += value
                else:
                    aggregated[key] = value
        return aggregated

    def compute_sine(values_dict):
        return {k: math.sin(v) for k, v in values_dict.items()}
    try:
        dicts_to_aggregate = nested_dict.values()
        aggregated = aggregate_values(dicts_to_aggregate)
        result = compute_sine(aggregated)
        return result
    except AttributeError:
        raise ValueError('Invalid input: not a dictionary')
    except Exception as e:
        raise RuntimeError(f'An error occurred during processing: {e}')
","import math


def task_func(nested_dict):
    """"""
    Aggregate the values of the same keys from a nested dictionary and remove the ""ele"" key.
    For each remaining key take the sine.

    Args:
        nested_dict (dict): A dictionary with string keys and dictionaries as values.

    Returns:
        dict: A new dictionary where each value is the sine of the corresponding value in the input dictionary.
    """"""
    aggregated_dict = {}
    for sub_dict in nested_dict.values():
        sub_dict.pop('ele', None)
        for k, v in sub_dict.items():
            if k not in aggregated_dict:
                aggregated_dict[k] = 0
            aggregated_dict[k] += v
    return {k: math.sin(v) for k, v in aggregated_dict.items()}
",1,,
"from collections import Counter


def task_func(elements, subset_size):
    n = len(elements)
    if subset_size > n or subset_size <= 0:
        return Counter()
    result = Counter()

    def backtrack(start, current_sum, depth):
        if depth == subset_size:
            result[current_sum] += 1
            return
        for i in range(start, n):
            backtrack(i + 1, current_sum + elements[i], depth + 1)
    backtrack(0, 0, 0)
    return result
","import itertools
from collections import defaultdict


def task_func(elements, subset_size):

    def generate_combinations():
        return list(itertools.combinations(elements, subset_size))

    def calculate_sums(combo_list):
        sums = []
        for combo in combo_list:
            sums.append(sum(combo))
        return sums
    combinations = generate_combinations()
    sum_counts = defaultdict(int)
    for s in calculate_sums(combinations):
        sum_counts[s] += 1
    return dict(sum_counts)
",1,,
"import random
from collections import Counter


def task_func(list_of_lists):
    alphabet = 'abcdefghijklmnopqrstuvwxyz'
    flattened_list = [item for sublist in list_of_lists for item in sublist]
    for i, sublist in enumerate(list_of_lists):
        if not sublist:
            flattened_list += random.choices(alphabet, k=10)
    return Counter(flattened_list)
","import string
import random
from collections import Counter


def task_func(list_of_lists):
    """"""
    Count the frequency of each letter in a list of lists.

    If a list is empty, fill it with a random sample from the alphabet,
    and then count the letters.

    Args:
        list_of_lists (list): A list of lists containing strings.

    Returns:
        Counter: A dictionary-like object containing the frequency of each letter.
    """"""
    alphabet = string.ascii_lowercase
    flattened_list = []
    for lst in list_of_lists:
        if not lst:
            lst = random.choices(alphabet, k=10)
        flattened_list.extend(lst)
    counter = Counter(flattened_list)
    return counter
",1,,
"import http.server
import requests
import json


class TaskFunc:

    def __init__(self):
        self.handler = http.server.BaseHTTPRequestHandler

    def handle_request(self, request):
        try:
            data = json.loads(request.body.decode('utf-8'))
            if 'data' not in data:
                return json.dumps(ERROR_RESPONSE), 400
            return json.dumps(SUCCESS_RESPONSE), 200
        except json.JSONDecodeError:
            return json.dumps(ERROR_RESPONSE), 400
        except Exception:
            return json.dumps(ERROR_RESPONSE), 400
","import json
from http.server import BaseHTTPRequestHandler


class TaskHandler(BaseHTTPRequestHandler):

    def do_POST(self):
        content_length = int(self.headers['Content-Length'])
        data_json = self.rfile.read(content_length).decode('utf-8')
        try:
            data = json.loads(data_json)
            if 'data' in data and data['data']:
                self.send_response(200)
                self.send_header('Content-Type', 'application/json')
                self.wfile.write(json.dumps(SUCCESS_RESPONSE).encode('utf-8'))
            else:
                self.send_error(400, json.dumps(ERROR_RESPONSE))
        except json.JSONDecodeError:
            self.send_error(400, json.dumps(ERROR_RESPONSE))

    def do_GET(self):
        self.send_error(405)
",1,,
"import pandas as pd
import numpy as np
import string
from collections import deque


def task_func(rows=100, columns=3):
    if not isinstance(rows, int) or rows < 0:
        raise ValueError('Number of rows must be a non-negative integer')
    if not isinstance(columns, int) or columns < 0:
        raise ValueError('Number of columns must be a non-negative integer')
    cols = list(string.ascii_lowercase[:columns])
    letters = np.array(list(string.ascii_lowercase))
    data = np.random.choice(letters, size=(rows, columns))
    df = pd.DataFrame(data, columns=cols)
    return df
","import pandas as pd
import numpy as np


def task_func(rows=100, columns=3):
    data = np.random.choice(list('abcdefghijklmnopqrstuvwxyz'), size=(rows,
        columns))
    columns_list = [chr(ord('a') + i) for i in range(columns)]
    return pd.DataFrame(data, columns=columns_list)
",1,,
"import pandas as pd
from sklearn.preprocessing import StandardScaler
from sklearn.decomposition import PCA


def task_func(data, n_components=2):
    scaler = StandardScaler()
    scaled_data = scaler.fit_transform(data)
    pca = PCA(n_components=n_components)
    principal_components = pca.fit_transform(scaled_data)
    return pd.DataFrame(principal_components, columns=[f'PC{i + 1}' for i in
        range(n_components)])
","import pandas as pd
import numpy as np
from sklearn.decomposition import PCA
from sklearn.preprocessing import StandardScaler


def task_func(data, n_components=2):
    if not isinstance(data, pd.DataFrame):
        raise ValueError('Input must be a DataFrame.')
    if len(data.columns) == 0:
        raise ValueError('DataFrame must contain at least one column.')
    try:
        data_numeric = data.apply(pd.to_numeric, errors='raise')
    except ValueError:
        raise ValueError('DataFrame contains non-numeric values.')
    if n_components > len(data.columns):
        raise ValueError('n_components cannot exceed the number of features.')
    scaler = StandardScaler()
    scaled_data = scaler.fit_transform(data_numeric)
    pca = PCA(n_components=n_components, random_state=42)
    principal_components = pca.fit_transform(scaled_data)
    return pd.DataFrame(principal_components, index=data.index)
",1,,
"import datetime
from zoneinfo import ZoneInfo


def task_func(date_str: str, from_tz: str, to_tz: str) ->str:
    try:
        date_obj = datetime.datetime.strptime(date_str, '%Y-%m-%d %H:%M:%S'
            ).replace(tzinfo=ZoneInfo(from_tz))
        converted_date = date_obj.astimezone(ZoneInfo(to_tz))
        return converted_date.strftime('%Y-%m-%d %H:%M:%S')
    except ValueError:
        raise ValueError('Invalid date format provided.')
","from datetime import datetime
import pytz


def task_func(date_str, from_tz, to_tz):
    try:
        date = datetime.strptime(date_str, '%Y-%m-%d %H:%M:%S')
        from_tz_obj = pytz.timezone(from_tz)
        to_tz_obj = pytz.timezone(to_tz)
        converted_date = from_tz_obj.localize(date).astimezone(to_tz_obj)
        return converted_date.strftime('%Y-%m-%d %H:%M:%S')
    except ValueError:
        raise
",1,,
"import numpy as np
from matplotlib import pyplot as plt
from collections import defaultdict


def task_func(data):
    if not isinstance(data, list) or len(data) == 0:
        raise ValueError('Invalid data format')
    fruits = set()
    for d in data:
        if not isinstance(d, dict):
            raise TypeError('Data must be a list of dictionaries')
        fruits.update(d.keys())
    fruit_list = sorted(fruits)
    time_points = len(data)
    sales_matrix = np.zeros((time_points, len(fruit_list)), dtype=np.int64)
    for i, d in enumerate(data):
        for fruit, quantity in d.items():
            if not isinstance(quantity, (int, float)):
                raise TypeError('Sales quantity must be numeric')
            idx = fruit_list.index(fruit)
            sales_matrix[i][idx] = quantity
    fig, ax = plt.subplots(figsize=(10, 6))
    for i, fruit in enumerate(fruit_list):
        line, = ax.plot(sales_matrix[:, i], label=fruit)
    ax.set_title('Fruit Sales over Time')
    ax.set_xlabel('Time')
    ax.set_ylabel('Sales Quantity')
    ax.legend()
    plt.close('all')
    return ax
","import matplotlib.pyplot as plt
import matplotlib.lines


def task_func(data):
    if not isinstance(data, list):
        raise ValueError('Input must be a list')
    if not data:
        raise ValueError('Input list cannot be empty')
    for entry in data:
        if not isinstance(entry, dict):
            raise TypeError('Each entry must be a dictionary')
        for k, v in entry.items():
            if not isinstance(k, str):
                raise TypeError('Dictionary keys must be strings')
            if not isinstance(v, int):
                raise TypeError('Dictionary values must be integers')
    fruits = set()
    for entry in data:
        fruits.update(entry.keys())
    fruits = sorted(fruits)
    y_data = {fruit: [] for fruit in fruits}
    for entry in data:
        for fruit in fruits:
            y_data[fruit].append(entry.get(fruit, 0))
    fig, ax = plt.subplots()
    for fruit in fruits:
        ax.plot(y_data[fruit], label=fruit)
    ax.set_title('Fruit Sales over Time')
    ax.set_xlabel('Time')
    ax.set_ylabel('Sales Quantity')
    return ax
",1,,
"import os
import shutil
from collections import Counter


def task_func(data_dict, source_directory, backup_directory):
    if not os.path.exists(source_directory):
        return data_dict, [], False
    updated_dict = data_dict.copy()
    updated_dict['a'] = 1
    value_frequencies = []
    for key, value in data_dict.items():
        if isinstance(value, str):
            value_frequencies.append((value, 1))
    value_frequencies.append((1, 1))
    try:
        shutil.copy2(os.path.join(source_directory, 'backup.txt'), os.path.
            join(backup_directory, 'backup.txt'))
    except FileNotFoundError:
        pass
    return updated_dict, value_frequencies, True
","import json
import glob
import os
from collections import defaultdict


def task_func(data_dict, source_directory, backup_directory):
    """"""
    Modifies a dictionary by adding a key 'a' with value 1,
    sorts the dictionary by the frequency of its values in descending order,
    and backs up files from the specified source directory to a backup directory.

    Args:
        data_dict (dict): The dictionary to be modified and sorted.
        source_directory (str): Path to the source directory containing files to back up.
        backup_directory (str): Path to the backup directory where files will be copied.

    Returns:
        tuple: Contains:
            - dict: Modified dictionary with added key 'a' and value 1
            - list: List of tuples representing sorted items by their frequency
            - bool: Boolean indicating if backup was successful
    """"""
    data_dict['a'] = 1
    value_counts = defaultdict(int)
    for value in data_dict.values():
        value_counts[value] += 1
    sorted_items = sorted(value_counts.items(), key=lambda x: -x[1])
    backup_success = False
    if os.path.exists(source_directory):
        try:
            for file_path in glob.glob(os.path.join(source_directory, '**',
                '*'), recursive=True):
                relative_path = os.path.relpath(file_path, source_directory)
                target_path = os.path.join(backup_directory, relative_path)
                os.makedirs(os.path.dirname(target_path), exist_ok=True)
                shutil.copy2(file_path, target_path)
            backup_success = True
        except Exception as e:
            print(f'Backup failed: {e}')
    return data_dict, sorted_items, backup_success
",1,,
"import random
from typing import List, Set


def task_func(n_sentences: int) ->str:
    """"""
    Generates a string of random sentences using predefined word lists.

    Args:
        n_sentences: The number of sentences to generate.

    Returns:
        A string containing the generated sentences in lowercase with non-alphanumeric characters removed (except for single periods ending sentences).
    """"""
    words: List[str] = ['hello', 'world', 'apple', 'banana', 'orange',
        'grape', 'melon', 'kiwi', 'pear', 'peach']

    def generate_sentence() ->str:
        num_words: int = random.randint(5, 10)
        selected_words: List[str] = [random.choice(words) for _ in range(
            num_words)]
        sentence: str = ' '.join(selected_words).lower() + '.'
        return sentence
    sentences: List[str] = [generate_sentence() for _ in range(n_sentences)]
    cleaned_sentences: List[str] = []
    for sent in sentences:
        cleaned_sent: str = ''.join([(c if c.isalnum() or c.isspace() or c ==
            '.' else '') for c in sent])
        cleaned_sentences.append(cleaned_sent.strip())
    result: str = ' '.join(cleaned_sentences)
    return result
","import random
import re


def task_func(n_sentences: int) ->str:
    """"""Generate a string of random sentences using predefined words.

    Each sentence ends with exactly one period and contains no other periods.
    Sentences are concatenated into a single string in lowercase with non-alphanumeric 
    characters (except spaces and periods) removed.

    Args:
        n_sentences: Number of sentences to generate

    Returns:
        str: Generated text containing the specified number of sentences
    """"""
    words = ['apple', 'banana', 'cherry', 'date', 'elderberry', 'fig',
        'grape', 'honeydew', 'kiwi', 'lemon', 'mango']

    def generate_sentence():
        sentence = []
        while len(sentence) < 5 or len(sentence) > 10:
            sentence = [random.choice(words) for _ in range(random.randint(
                2, 8))]
        return ' '.join(sentence).lower() + '.'
    sentences = [generate_sentence() for _ in range(n_sentences)]
    cleaned = re.sub('[^\\w\\s.]', '', ' '.join(sentences))
    return cleaned.strip()
",1,,
"import random, math


def task_func(ax):
    colors = 'b', 'g', 'r', 'c', 'm', 'y', 'k'
    color = random.choice(colors)
    theta = [(i * 2 * math.pi / 100) for i in range(100)]
    phase = random.random() * 2 * math.pi
    r = [(math.sin(t + phase) + 1) for t in theta]
    ax.plot(theta, r, color=color)
    pos = random.uniform(0, 360)
    ax.set_rlabel_position(pos)
    return color
","import random
import math
import logging
import matplotlib.axes._axes as _axes
logger = logging.getLogger(__name__)


def task_func(ax):
    """"""
    Plot a random sine wave on a polar subplot and return the chosen color.

    Parameters
    ----------
    ax : matplotlib.axes._axes.Axes
        The polar subplot to draw on.

    Returns
    -------
    str
        The color code used for the plotted line.
    """"""
    if not isinstance(ax, _axes.Axes):
        raise TypeError('ax must be a matplotlib.axes._axes.Axes instance')
    try:
        colors = ['b', 'g', 'r', 'c', 'm', 'y', 'k']
        color = random.choice(colors)
        theta = [(i * 2 * math.pi / 100.0) for i in range(101)]
        amplitude = random.uniform(0.5, 1.5)
        phase = random.uniform(0, 2 * math.pi)
        r = [(amplitude * math.sin(t + phase)) for t in theta]
        ax.plot(theta, r, color=color)
        ax.set_rlabel_position(random.uniform(1.0, 360.0))
        return color
    except Exception as exc:
        logger.exception('Failed to plot sine wave: %s', exc)
        raise
",1,,
"import pandas as pd
from sklearn.preprocessing import StandardScaler


def task_func(df):
    """"""
    Standardize 'age' and 'income' columns for each group by 'id' in a Pandas DataFrame.

    Args:
        df (pd.DataFrame): Input DataFrame with 'id', 'age', and 'income' columns.

    Returns:
        pd.DataFrame: Standardized DataFrame.
    """"""
    if not isinstance(df, pd.DataFrame) or not all(col in df.columns for
        col in ['id', 'age', 'income']):
        raise ValueError('Invalid input DataFrame')
    grouped = df.groupby('id')
    standardized_df = grouped.apply(lambda x: pd.DataFrame(StandardScaler()
        .fit_transform(x[['age', 'income']]), columns=['age', 'income'],
        index=x.index))
    return standardized_df
","import pandas as pd
from sklearn.preprocessing import StandardScaler


def task_func(df):
    required_cols = ['id', 'age', 'income']
    if not set(required_cols).issubset(df.columns):
        raise ValueError(
            ""DataFrame must contain columns ['id', 'age', 'income']"")
    if df.empty:
        return pd.DataFrame(columns=required_cols)
    standardized_df = df.groupby('id', group_keys=False).apply(lambda g: pd
        .DataFrame({'age': StandardScaler().fit_transform(g[['age']]).
        flatten(), 'income': StandardScaler().fit_transform(g[['income']]).
        flatten()}))
    return standardized_df
",1,,
"import numpy as np
import seaborn as sns
import matplotlib.pyplot as plt


def task_func(data):
    try:
        experience = data['Experience']
        salary_strings = data['Salary_String']
        salary = np.array([float(s.replace(',', '')) for s in salary_strings])
        sns.set_style('whitegrid')
        fig, ax = plt.subplots()
        sns.scatterplot(x=experience, y=salary, ax=ax)
        ax.set_title('Normalized Salary vs Experience')
        ax.set_xlabel('Experience')
        ax.set_ylabel('Normalized Salary')
        return ax
    except (KeyError, ValueError) as e:
        raise ValueError(f'Invalid input data: {e}')
    except Exception as e:
        raise RuntimeError(f'An unexpected error occurred: {e}')
","import pandas as pd
from sklearn.preprocessing import MinMaxScaler
import matplotlib.pyplot as plt


def task_func(data):
    required_keys = ['Salary_String', 'Experience']
    missing_keys = [key for key in required_keys if key not in data]
    if len(missing_keys) > 0:
        raise ValueError(f'Missing keys: {missing_keys}')
    df = pd.DataFrame(data)
    if df.empty:
        fig, ax = plt.subplots()
        ax.set_title('Normalized Salary vs Experience')
        ax.set_xlabel('Experience')
        ax.set_ylabel('Normalized Salary')
        return ax
    try:
        df['Salary_Float'] = df['Salary_String'].str.replace(',', '').astype(
            float)
    except ValueError as e:
        raise ValueError('Failed to convert Salary_String to float') from e
    scaler = MinMaxScaler()
    normalized_salary = scaler.fit_transform(df[['Salary_Float']])
    fig, ax = plt.subplots()
    ax.scatter(df['Experience'], normalized_salary)
    ax.set_title('Normalized Salary vs Experience')
    ax.set_xlabel('Experience')
    ax.set_ylabel('Normalized Salary')
    return ax
",1,,
"import pandas as pd
import numpy as np
import matplotlib.pyplot as plt


def task_func(df):
    """"""
    Normalize numeric columns in a DataFrame and draw a box plot for each column.
    Missing values are replaced by column's average.

    Args:
        df (pd.DataFrame): The input DataFrame containing numeric data.

    Returns:
        tuple: A tuple containing the normalized DataFrame and the matplotlib Axes object.
    """"""
    df_copy = df.copy()
    numeric_cols = df.select_dtypes(include=[np.number]).columns
    for col in numeric_cols:
        mean_val = df[col].mean()
        df_copy[col] = df_copy[col].fillna(mean_val)
    for col in numeric_cols:
        min_val = df_copy[col].min()
        max_val = df_copy[col].max()
        if max_val == min_val:
            df_copy[col] = 0.0
        else:
            df_copy[col] = (df_copy[col] - min_val) / (max_val - min_val)
    fig, axes = plt.subplots(len(numeric_cols), 1, figsize=(10, len(
        numeric_cols) * 3))
    for i, col in enumerate(numeric_cols):
        df_copy[col].plot.box(ax=axes[i], title=f'Box plot of {col}')
        axes[i].set_ylabel('')
        axes[i].grid(True)
    plt.tight_layout()
    return df_copy, axes[len(numeric_cols) - 1] if len(numeric_cols
        ) > 0 else None
","import pandas as pd
import numpy as np
from sklearn.preprocessing import MinMaxScaler
import matplotlib.pyplot as plt


def task_func(df):
    """"""
    Normalizes numeric columns in a DataFrame and draws a box plot for each column.
    Missing values are replaced by column's average.
    """"""
    df = df.fillna(df.mean())
    numeric_cols = df.select_dtypes(include=np.number)
    scaler = MinMaxScaler()
    scaled_data = scaler.fit_transform(numeric_cols)
    df[numeric_cols.columns] = scaled_data
    plt.figure(figsize=(10, 5))
    df.boxplot(vert=False, grid=False, fontsize=15)
    ax = plt.gca()
    return df, ax
",1,,
"from sklearn.preprocessing import MinMaxScaler
import pandas as pd


def task_func(data, columns):
    scaler = MinMaxScaler()
    scaled_data = {}
    for column in data:
        if column in columns:
            scaled_data[column] = scaler.fit_transform(pd.Series(data[
                column]).values.reshape(-1, 1)).flatten().tolist()
        else:
            scaled_data[column] = data[column]
    return pd.DataFrame(scaled_data)
","import pandas as pd
from sklearn.preprocessing import MinMaxScaler


def task_func(data, columns):
    df = pd.DataFrame(data)
    if not isinstance(df, pd.DataFrame):
        raise TypeError('Input data must be a DataFrame.')
    if not all(col in df.columns for col in columns):
        raise ValueError(
            f'Columns {set(columns) - set(df.columns)} not found in DataFrame.'
            )
    if len(columns) == 0:
        return df
    df_copy = df.copy()
    scaler = MinMaxScaler()
    try:
        normalized = scaler.fit_transform(df_copy[columns])
        df_copy[columns] = normalized.astype(float)
        return df_copy
    except Exception as e:
        raise
",1,,
"import os
import shutil
from pathlib import Path
from typing import List, Tuple


def task_func(source_path: str, destination_path: str) ->Tuple[str, List[str]]:

    def get_files_in_directory(directory: Path) ->List[Path]:
        files = []
        for entry in directory.iterdir():
            if entry.is_file():
                files.append(entry)
        return files

    def copy_files(files: List[Path], dest: Path):
        for file in files:
            shutil.copy(file, dest)
    source_path_obj = Path(source_path).resolve()
    destination_path_obj = Path(destination_path).resolve()
    if not source_path_obj.exists():
        raise ValueError(f'Source path {source_path} does not exist.')
    if not source_path_obj.is_dir():
        raise NotADirectoryError(
            f'Source path {source_path} is not a directory.')
    if not destination_path_obj.parent.exists():
        raise FileNotFoundError(
            f'Parent of destination path {destination_path} does not exist.')
    os.makedirs(destination_path_obj, exist_ok=True)
    files = get_files_in_directory(source_path_obj)
    copy_files(files, destination_path_obj)
    return source_path_obj.name, [file.name for file in files]
","import os
import shutil
from typing import Tuple, List


def task_func(source_path: str, destination_path: str) ->Tuple[str, List[str]]:
    if not os.path.exists(source_path):
        raise ValueError('Source directory does not exist')
    try:
        os.makedirs(destination_path, exist_ok=True)
    except OSError as e:
        print(f'Error creating destination directory: {e}')
        return None
    source_dir_name = os.path.basename(source_path)
    copied_files = []
    for root, dirs, files in os.walk(source_path):
        if root == source_path:
            for file in files:
                shutil.copy(os.path.join(root, file), destination_path)
                copied_files.append(file)
    return source_dir_name, copied_files
",1,,
"import random
from collections import Counter


def task_func(dict1):
    ages = []
    for department, num_employees in dict1.items():
        if department == 'EMP$$':
            for _ in range(num_employees):
                ages.append(random.randint(22, 60))
    mean_age = sum(ages) / len(ages) if ages else 0
    median_age = sorted(ages)[len(ages) // 2] if ages else 0
    mode_age = [age for age, count in Counter(ages).items() if count == max
        (Counter(ages).values())]
    return mean_age, median_age, mode_age
","import random
from statistics import mean as calc_mean, median as calc_median, multimode as calc_mode


def task_func(employees_dict):
    """"""
    Calculate age stats for employees in 'EMP$$' department.

    Args:
        employees_dict (dict): Mapping of department prefixes to employee counts

    Returns:
        tuple: (mean_age, median_age, mode_ages)
    """"""
    emp_prefix = 'EMP$$'
    ages = []
    for dept, count in employees_dict.items():
        if dept != emp_prefix:
            continue
        ages.extend([random.randint(22, 60) for _ in range(count)])
    if not ages:
        return 0.0, 0.0, []
    mean_age = calc_mean(ages)
    median_age = calc_median(ages)
    mode_ages = calc_mode(ages) or []
    return mean_age, median_age, mode_ages
",1,,
"import pandas as pd
TEAMS = ['Team A', 'Team B', 'Team C', 'Team D', 'Team E']


def task_func(goals, penalties):
    net_scores = {team: (goals.get(team, 0) - penalties.get(team, 0)) for
        team in TEAMS}
    clipped_scores = {team: max(-10, min(10, score)) for team, score in
        net_scores.items()}
    df = pd.DataFrame({'Team': TEAMS, 'Score': [clipped_scores[team] for
        team in TEAMS]})
    return df
","import pandas as pd
from matplotlib import pyplot as plt
TEAMS = ['Team A', 'Team B', 'Team C', 'Team D', 'Team E']
SCORE_RANGE = -10, 10


def task_func(goals, penalties):
    score_dict = {team: (goals.get(team, 0) - penalties.get(team, 0)) for
        team in TEAMS}
    clipped_scores = {team: max(min(score, SCORE_RANGE[1]), SCORE_RANGE[0]) for
        team, score in score_dict.items()}
    scores_df = pd.DataFrame({'Team': TEAMS, 'Score': [clipped_scores[team] for
        team in TEAMS]})
    plt.figure(figsize=(10, 6))
    plt.bar(scores_df['Team'], scores_df['Score'], color='lightblue')
    plt.xlabel('Team', fontsize=12)
    plt.ylabel('Score', fontsize=12)
    plt.title('Adjusted Team Scores', fontsize=14, pad=20)
    plt.grid(True, axis='y', linestyle='--')
    plt.ylim(SCORE_RANGE[0] - 1, SCORE_RANGE[1] + 1)
    return scores_df
",1,,
"import pandas as pd
from sklearn.preprocessing import LabelEncoder
import logging
from typing import Optional, Tuple


def task_func(file_path: str, column_name: str) ->pd.DataFrame:
    try:
        df = pd.read_csv(file_path)
        if column_name not in df.columns:
            raise ValueError(
                f""Column '{column_name}' does not exist in the DataFrame"")
        df[column_name] = df[column_name].apply(lambda x: x.replace('\n',
            '<br>'))
        le = LabelEncoder()
        df[column_name] = le.fit_transform(df[column_name])
        return df
    except Exception as e:
        logging.error(f'An error occurred during processing: {str(e)}')
        raise
","import pandas as pd
from sklearn.preprocessing import LabelEncoder


def task_func(file_path: str, column_name: str) ->pd.DataFrame:
    df = pd.read_csv(file_path)
    df[column_name] = df[column_name].str.replace('\n', '<br>')
    le = LabelEncoder()
    df[column_name] = le.fit_transform(df[column_name])
    return df
",1,,
"import csv
from collections import defaultdict
from typing import List, Dict, Any
import logging


def task_func(product_list: List[str], categories: List[str]) ->Any:
    """"""
    Generate a sales report for products across different categories.

    Args:
        product_list: List of product names
        categories: List of possible categories

    Returns:
        A structured data format containing sales information
    """"""
    sales_data = defaultdict(list)
    try:
        for product in product_list:
            category = random.choice(categories)
            quantity = random.randint(1, 100)
            price = random.randint(10, 100)
            revenue = quantity * price
            report_entry = {'Product': product, 'Category': category,
                'Quantity Sold': quantity, 'Revenue': revenue}
            sales_data[category].append(report_entry)
        df_list = []
        for cat, entries in sales_data.items():
            temp_df = pd.DataFrame(entries)
            df_list.append(temp_df)
        final_df = pd.concat(df_list)
        return final_df
    except Exception as e:
        logging.error(f'Error generating sales report: {str(e)}')
        return None
","import pandas as pd


def task_func(product_list, categories):
    data = []
    for product in product_list:
        category = random.choice(categories)
        quantity_sold = random.randint(1, 100)
        revenue_generated = quantity_sold * 10
        data.append({'Product': product, 'Category': category,
            'Quantity Sold': quantity_sold, 'Revenue Generated':
            revenue_generated})
    report = pd.DataFrame(data)
    return report


import unittest
import random


class TestCases(unittest.TestCase):
    categories = ['Electronics', 'Fashion', 'Home', 'Beauty', 'Sports']
    products = [('Product ' + str(i)) for i in range(1, 101)]

    def test_case_1(self):
        random.seed(0)
        report = task_func(self.products[:5], self.categories)
        self.assertTrue(isinstance(report, pd.DataFrame))
        self.assertEqual(len(report), 5)
        self.assertEqual(set(report['Category'].unique()).issubset(self.
            categories), True)

    def test_case_2(self):
        random.seed(0)
        report = task_func(self.products[5:10], self.categories)
        self.assertTrue(isinstance(report, pd.DataFrame))
        self.assertEqual(len(report), 5)
        self.assertEqual(set(report['Category'].unique()).issubset(self.
            categories), True)

    def test_case_3(self):
        random.seed(0)
        report = task_func([self.products[10]], self.categories)
        self.assertTrue(isinstance(report, pd.DataFrame))
        self.assertEqual(len(report), 1)
        self.assertEqual(set(report['Category'].unique()).issubset(self.
            categories), True)

    def test_case_4(self):
        random.seed(0)
        report = task_func(self.products[10:20], self.categories)
        self.assertTrue(isinstance(report, pd.DataFrame))
        self.assertEqual(len(report), 10)
        self.assertEqual(set(report['Category'].unique()).issubset(self.
            categories), True)

    def test_case_5(self):
        random.seed(0)
        report = task_func(self.products[20:40], self.categories)
        self.assertTrue(isinstance(report, pd.DataFrame))
        self.assertEqual(len(report), 20)
        self.assertEqual(set(report['Category'].unique()).issubset(self.
            categories), True)


if __name__ == '__main__':
    unittest.main()
",1,,
"import pandas as pd
import random


def task_func(list_of_lists):
    """"""Return a list of pandas Series with shuffled unique integers.""""""
    return [pd.Series(data=random.sample(range(1, len(sub) + 1), len(sub)),
        index=tuple(sub)) for sub in list_of_lists]
","import pandas as pd
import random


def task_func(list_of_lists):
    """"""
    Generates a list of pandas Series objects where each Series is indexed by elements from the sub-lists in `list_of_lists`.
    The values in each Series are unique integers starting from 1, shuffled randomly.
    """"""
    series_list = []
    for indices in list_of_lists:
        values = list(range(1, len(indices) + 1))
        random.shuffle(values)
        series = pd.Series(values, index=indices)
        series_list.append(series)
    return series_list
",1,,
"import re
import pandas as pd


def task_func(file_path: str) ->pd.DataFrame:
    LOG_REGEX = (
        '(\\d{4}-\\d{2}-\\d{2} \\d{2}:\\d{2}:\\d{2}\\.\\d{6}) - (\\w+) - (.+)')
    with open(file_path, 'r') as f:
        lines = f.readlines()
    extracted_data = []
    for line in lines:
        match = re.match(LOG_REGEX, line)
        if match:
            timestamp, level, message = match.groups()
            extracted_data.append({'Timestamp': timestamp, 'Level': level,
                'Message': message})
    return pd.DataFrame(extracted_data)
","import os
import pandas as pd
from datetime import datetime
import re


def task_func(file_path: str) ->pd.DataFrame:
    LOG_REGEX = (
        '(\\d{4}-\\d{2}-\\d{2} \\d{2}:\\d{2}:\\d{2}\\.\\d{6}) - (\\w+) - (.+)$'
        )
    if not os.path.exists(file_path):
        raise FileNotFoundError(f'The file {file_path} does not exist.')
    timestamps = []
    levels = []
    messages = []
    with open(file_path, 'r') as f:
        for line in f:
            match = re.match(LOG_REGEX, line.strip())
            if match:
                timestamp_str, level, message = match.groups()
                try:
                    timestamp = datetime.strptime(timestamp_str,
                        '%Y-%m-%d %H:%M:%S.%f')
                except ValueError:
                    continue
                timestamps.append(timestamp)
                levels.append(level.upper())
                messages.append(message)
    df = pd.DataFrame({'Timestamp': timestamps, 'Level': levels, 'Message':
        messages})
    return df
",1,,
"import matplotlib.pyplot as plt
from pandas import DataFrame


def task_func(df, group_col, value_col):
    df_grouped = df.groupby(group_col)[value_col].mean().reset_index()
    ax = df_grouped.plot(kind='bar', x=group_col, y=value_col, figsize=(10,
        6), rot=0)
    plt.title('Bar chart of Value by Group')
    plt.xlabel(group_col)
    plt.ylabel(value_col)
    plt.legend(['Group 1', 'Group 2', 'Group 3'])
    return ax
","import pandas as pd
import matplotlib.pyplot as plt


def task_func(df, group_col, value_col):
    group_means = df.groupby(group_col)[value_col].mean()
    group_stds = df.groupby(group_col)[value_col].std()
    fig, ax = plt.subplots()
    ax.bar(group_means.index, group_means.values, yerr=group_stds.values,
        capsize=4)
    ax.set_xlabel(group_col)
    ax.set_ylabel(value_col)
    ax.set_title(f'Bar chart of {value_col} by {group_col}')
    ax.set_xticks(group_means.index)
    plt.tight_layout()
    return ax
",1,,
"import os
import pandas as pd


def task_func(filename):
    try:
        df = pd.read_csv(filename)
        df_reversed = df.iloc[::-1]
        df_reversed.to_csv(filename, index=False)
    except Exception as e:
        print(f'An error occurred: {e}')
","import pandas as pd
import os


def task_func(filename):
    if os.path.getsize(filename) == 0:
        return
    try:
        df = pd.read_csv(filename)
    except pd.errors.EmptyDataError:
        return
    df = df.iloc[::-1].reset_index(drop=True)
    df.to_csv(filename, index=False)
",1,,
"import pathlib
import stat
import os


def task_func(filename, dest_dir):
    if not isinstance(filename, str) or not isinstance(dest_dir, str):
        raise TypeError('Both filename and dest_dir must be strings')
    file_path = pathlib.Path(filename)
    dest_directory = pathlib.Path(dest_dir)
    if not file_path.exists():
        raise FileNotFoundError(f""File '{filename}' does not exist"")
    if not dest_directory.exists():
        try:
            dest_directory.mkdir(parents=True, exist_ok=False)
        except PermissionError as e:
            raise PermissionError(
                f""Permission denied when creating directory '{dest_dir}'""
                ) from e
    shutil.copy(file_path, dest_directory)
    with open(file_path, 'w', encoding='utf-8') as f:
        pass
    return os.path.abspath(dest_directory / file_path.name)
","import os
from pathlib import Path


def task_func(filename: str, dest_dir: str) ->str:

    def _create_directory(path):
        try:
            os.makedirs(str(path))
        except FileExistsError:
            pass

    def _copy_file(src, dst):
        with open(src, 'rb') as f_in, open(dst, 'wb') as f_out:
            f_out.write(f_in.read())

    def _clear_file_contents(file_path):
        with open(file_path, 'w') as f:
            pass
    dest_dir = Path(dest_dir)
    filename = Path(filename)
    if not dest_dir.exists():
        _create_directory(dest_dir)
    src_path = str(filename.resolve())
    dst_path = os.path.join(str(dest_dir), os.path.basename(src_path))
    if os.path.abspath(src_path) == os.path.abspath(dst_path):
        raise OSError('Source and destination are the same')
    _copy_file(src_path, dst_path)
    _clear_file_contents(src_path)
    return dst_path
",1,,
"import math
import random
from statistics import mean


def task_func(n):
    """"""Calculate average distance of n points within a circle of radius 5.""""""
    RADIUS = 5
    points = [(RADIUS * random.random() ** 0.5 * math.cos(2 * math.pi *
        random.random()), RADIUS * random.random() ** 0.5 * math.sin(2 *
        math.pi * random.random())) for _ in range(n)]
    distances = [math.hypot(x, y) for x, y in points]
    return round(mean(distances), 4)
","import random
import math


def task_func(n):
    """"""
    Generate n random points within a circle of radius 5 and return their average distance from the center.
    """"""
    RADIUS = 5
    total_distance = 0.0
    for _ in range(n):
        r = math.sqrt(random.uniform(0, RADIUS ** 2))
        theta = random.uniform(0, 2 * math.pi)
        distance = r
        total_distance += distance
    avg_distance = total_distance / n if n != 0 else 0.0
    return avg_distance
",1,,
"import numpy as np
from sklearn.linear_model import LinearRegression


def task_func(df):
    X = df['feature'].values.reshape(-1, 1)
    y = df['value'].values.reshape(-1, 1)
    model = LinearRegression()
    model.fit(X, y)
    return {'coefficients': model.coef_.tolist(), 'intercept': model.
        intercept_.tolist()}
","import pandas as pd
import numpy as np


def task_func(df):
    x = df['feature'].values
    y = df['value'].values
    n = len(x)
    sumx = 0.0
    sumy = 0.0
    for i in range(n):
        sumx += x[i]
        sumy += y[i]
    meanx = sumx / n
    meany = sumy / n
    num = 0.0
    den = 0.0
    for i in range(n):
        dx = x[i] - meanx
        dy = y[i] - meany
        num += dx * dy
        den += dx * dx
    if den == 0.0:
        slope = 0.0
    else:
        slope = num / den
    intercept = meany - slope * meanx
    return {'coefficients': [[slope]], 'intercept': [intercept]}
",1,,
"import matplotlib.pyplot as plt
import matplotlib.axes
from datetime import datetime


def task_func(date_str: str):
    try:
        dt = datetime.strptime(date_str, '%Y-%m-%d')
    except Exception:
        raise ValueError('Invalid date format')
    day = dt.day
    fig, ax = plt.subplots()
    x = list(range(1, day + 1))
    y = [0] * day
    ax.plot(x, y)
    return ax
","import random
from datetime import datetime
import matplotlib.pyplot as plt


def task_func(date_str):
    """"""Return Axes object with random integer plot based on day of month.""""""
    day = datetime.strptime(date_str, '%Y-%m-%d').day
    values = tuple(random.randint(1, 100) for _ in range(day))
    fig = plt.figure()
    ax = fig.add_subplot(111)
    ax.plot(values)
    return ax
",1,,
"import base64
import hashlib
import secrets
import math


def task_func(num, from_base, to_base, alphabet):
    """"""
    Converts a number from one base to another, hashes the result,
    encodes the hash in base64 using a custom alphabet, and returns
    the encoded hash and the salt used.
    """"""
    if to_base < 2:
        raise ValueError('to_base must be >= 2.')
    try:
        num_int = int(num, from_base)
    except ValueError:
        raise ValueError('Invalid input number for the given from_base.')
    new_num = ''
    while num_int > 0:
        remainder = num_int % to_base
        new_num = alphabet[remainder] + new_num
        num_int //= to_base
    if not new_num:
        new_num = '0'
    salt = secrets.token_hex(16)
    hashed_num = hashlib.pbkdf2_hmac('sha256', bytes(new_num, 'utf-8'),
        bytes(salt, 'utf-8'), 100000)
    base64_encoded = base64.b64encode(hashed_num).decode('utf-8')
    return base64_encoded, salt
","import hashlib
import base64
import os


def task_func(num, from_base, to_base, alphabet):
    if from_base == 1 or to_base == 1:
        raise ValueError('Invalid from_base or to_base')
    try:
        num_int = int(num, from_base)
    except ValueError:
        raise ValueError('Invalid number format')
    salt_bytes = os.urandom(16)
    salt = salt_bytes.hex()
    hash_input = f'{num_int}{salt}'.encode()
    digest = hashlib.sha256(hash_input).digest()
    encoded_hash = base64.b64encode(digest).decode()
    return encoded_hash, salt
",1,,
"import pandas as pd
import re
import os


def task_func(dir_path: str, pattern: str='^EMP'):
    file_info = {}
    for entry in os.scandir(dir_path):
        if entry.is_file() and re.match(pattern, entry.name):
            file_path = os.path.join(dir_path, entry.name)
            file_info[entry.name] = os.path.getsize(file_path)
    df = pd.DataFrame({'File': list(file_info.keys()), 'Size': list(
        file_info.values())})
    df = df.sort_values('File').reset_index(drop=True)
    return df
","import os
import re
import pandas as pd


def task_func(dir_path: str, pattern: str='^EMP'):
    regex = re.compile(pattern)
    files = {}
    for entry in os.scandir(dir_path):
        if entry.is_file() and regex.match(entry.name):
            files[entry.name] = os.path.getsize(entry.path)
    if not files:
        return pd.DataFrame(columns=['File', 'Size']).astype({'File':
            'object', 'Size': 'object'})
    sorted_names = sorted(files)
    data = {'File': sorted_names, 'Size': [files[name] for name in
        sorted_names]}
    return pd.DataFrame(data)
",1,,
"import datetime
import matplotlib.pyplot as plt


def task_func(time_strings):

    def parse_datetime(s):
        try:
            return datetime.datetime.strptime(s, '%d/%m/%y %H:%M:%S.%f')
        except ValueError:
            raise ValueError(f'Invalid datetime string: {s}')

    def compute_differences(dates):
        differences = []
        for i in range(1, len(dates)):
            diff = dates[i] - dates[i - 1]
            total_sec = diff.total_seconds()
            if total_sec >= 1:
                differences.append(total_sec)
            else:
                differences.append(0)
        return differences
    parsed_dates = [parse_datetime(s) for s in time_strings]
    diffs = compute_differences(parsed_dates)
    fig, ax = plt.subplots()
    ax.bar(range(len(diffs)), diffs)
    ax.set_xticks([])
    ax.set_yticks([])
    return ax
","import datetime
import matplotlib.pyplot as plt
import numpy as np


def task_func(time_strings):
    if not time_strings:
        return plt.axes()
    try:
        times = [datetime.datetime.strptime(s, '%d/%m/%y %H:%M:%S.%f') for
            s in time_strings]
        diffs = [round((t2 - t1).total_seconds()) for t1, t2 in zip(times,
            times[1:])]
        if not diffs:
            return plt.axes()
        x = np.arange(len(diffs))
        fig, ax = plt.subplots()
        ax.bar(x, diffs)
        ax.set_xlabel('Time Index')
        ax.set_ylabel('Difference in Seconds')
        ax.set_title('Time Difference Bar Chart')
        return ax
    except Exception:
        return plt.axes()
",1,,
"from collections import Counter


def task_func(letters, repetitions):
    return dict(Counter(letters * repetitions))
","def task_func(letters: list, repetitions: int) ->dict:
    """"""Count frequency of each letter after repeating the list.""""""
    if not letters or repetitions <= 0:
        return {}
    counts = {}
    for letter in letters:
        repeated_letters = [letter] * repetitions
        for l in repeated_letters:
            counts[l] = counts.get(l, 0) + 1
    return counts
",1,,
"from base64 import b64encode
from json import dumps
from zlib import compress


def task_func(data_dict: dict) ->str:
    """"""Return a base64 string of the zlib-compressed JSON representation of data_dict.""""""
    json_bytes = dumps(data_dict, separators=(',', ':')).encode()
    compressed = compress(json_bytes, 9)
    return b64encode(compressed).decode()
","import json
import zlib
import base64


def task_func(data_dict):
    json_str = json.dumps(data_dict)
    compressed_data = zlib.compress(json_str.encode('utf-8'))
    encoded_data = base64.b64encode(compressed_data)
    return encoded_data.decode('utf-8')
",1,,
"import pandas as pd
import numpy as np


def task_func(df):
    X = df.values
    n_clusters = 3
    n_samples, n_features = X.shape
    centroids = np.random.rand(n_clusters, n_features)
    for _ in range(100):
        distances = np.array([np.sqrt(np.sum((X - centroid) ** 2, axis=1)) for
            centroid in centroids])
        labels = np.argmin(distances, axis=0)
        new_centroids = np.array([X[labels == i].mean(axis=0) for i in
            range(n_clusters)])
        if np.all(centroids == new_centroids):
            break
        centroids = new_centroids
    return labels
","import pandas as pd
from sklearn.cluster import KMeans
from sklearn.preprocessing import StandardScaler


def task_func(df):
    scaler = StandardScaler()
    scaled_data = scaler.fit_transform(df.values)
    df_scaled = pd.DataFrame(scaled_data, columns=df.columns)
    kmeans = KMeans(n_clusters=3, random_state=0, n_init='auto')
    labels = kmeans.fit_predict(df_scaled)
    return labels
",1,,
"import numpy as np
import matplotlib.pyplot as plt


def task_func(arr):
    """"""
    Analyzes the distribution of values in a NumPy array to determine if it is uniform and generates a histogram representing this distribution.

    Args:
        arr (numpy.ndarray): A NumPy array containing the values to be analyzed. The array can contain any hashable data type.

    Returns:
        tuple: A tuple containing two elements:
            - uniform_distribution (bool): A boolean value indicating whether the distribution is uniform.
            - ax (matplotlib.axes.Axes): An Axes object displaying the histogram of the array's value distribution.
    """"""
    unique_values, counts = np.unique(arr, return_counts=True)
    uniform = len(set(counts)) == 1
    fig, ax = plt.subplots()
    ax.hist(unique_values, bins=len(unique_values), weights=counts)
    ax.set_xticks(unique_values)
    ax.set_xticklabels(unique_values)
    return uniform, ax
","import numpy as np
import matplotlib.pyplot as plt
import unittest


def task_func(arr):
    unique_values, counts = np.unique(arr, return_counts=True)
    is_uniform = np.all(counts == np.mean(counts))
    plt.figure()
    plt.hist(arr, bins=np.unique(arr), align='mid')
    plt.title('Value Distribution Histogram')
    plt.xlabel('Value')
    plt.ylabel('Frequency')
    return is_uniform, plt.gca()
",1,,
"def task_func(content: str) ->int:
    """"""
    Counts non-stopwords in a sentence excluding the last word.

    Args:
        content (str): The input sentence to process.

    Returns:
        int: Number of non-stopwords found.
    """"""
    stopwords = {'this', 'is', 'an', 'the', 'of'}
    words = [word.strip('.,;!?') for word in content.split() if word]
    filtered = [word.lower() for word in words[:-1] if word.lower() not in
        stopwords]
    return len(filtered)
","import re


def task_func(content):
    """"""
    Counts the non-stop words in a sentence without the last word.
    """"""
    if not isinstance(content, str):
        raise TypeError('Input must be a string')
    content = content.lower()
    words = re.findall('\\b\\w+\\b', content)
    if not words:
        return 0
    words_without_last = words[:-1]
    count = 0
    stop_words = ['this', 'is', 'an', 'the', 'of']
    for word in words_without_last:
        if word not in stop_words:
            count += 1
    return count
",1,,
"import pandas as pd
import numpy as np
from datetime import datetime, timezone
import logging


def task_func(n_data_points=1000, min_value=0.0, max_value=10.0,
    column_name='Value'):
    if not isinstance(n_data_points, int) or n_data_points < 1:
        raise ValueError('n_data_points must be a positive integer')
    if not (isinstance(min_value, (int, float)) and isinstance(max_value, (
        int, float))):
        raise TypeError('min_value and max_value must be numeric types')
    if min_value > max_value:
        raise ValueError('min_value cannot be greater than max_value')
    rng = np.random.default_rng()
    raw_values = rng.uniform(min_value, max_value, n_data_points)
    truncated_values = np.round(raw_values, 3)
    data_dict = {column_name: truncated_values}
    df = pd.DataFrame(data_dict)
    timestamp = datetime.now(timezone.utc).isoformat()
    df.attrs['generation_time'] = timestamp
    return df
","import pandas as pd
import random


def task_func(n_data_points=1000, min_value=0.0, max_value=10.0,
    column_name='Value'):
    """"""
    Generates a DataFrame containing random floating-point numbers within specified range and precision.

    Args:
        n_data_points (int): Number of data points to generate (default: 1000).
        min_value (float): Minimum value for the generated data (default: 0.0).
        max_value (float): Maximum value for the generated data (default: 10.0).
        column_name (str): Name of the column in the DataFrame (default: 'Value').

    Returns:
        pandas.DataFrame: A DataFrame with the specified column containing the generated data.
    """"""
    data = [round(random.uniform(min_value, max_value), 3) for _ in range(
        n_data_points)]
    df = pd.DataFrame({column_name: data})
    return df
",1,,
"import matplotlib.pyplot as plt
import numpy as np
from scipy.stats import norm


def task_func(x, y, labels):
    fig, axes = plt.subplots(len(x), 1, squeeze=False)
    for idx, (xi, yi, label) in enumerate(zip(x, y, labels)):
        if len(xi) == len(yi):
            mu = np.mean(yi)
            sigma = np.std(yi)
            pdf = norm.pdf(xi, mu, sigma)
            axes[idx, 0].plot(xi, pdf, label=label)
            axes[idx, 0].legend()
    plt.tight_layout()
    return fig
","import numpy as np
import seaborn as sns
import matplotlib.pyplot as plt


def task_func(x, y, labels):
    try:
        if not isinstance(x, list) or not isinstance(y, list
            ) or not isinstance(labels, list):
            raise TypeError('Inputs must be lists.')
        if len(x) != len(y) or len(x) != len(labels):
            raise ValueError('Input lists must have the same length.')
        fig, ax = plt.subplots(figsize=(10, 6))
        for i in range(len(x)):
            sns.lineplot(x=x[i], y=y[i], label=labels[i], ax=ax)
        ax.set_xlabel('X')
        ax.set_ylabel('Y')
        ax.set_title('Normal Distributions')
        ax.legend()
        return fig
    except Exception as e:
        print(f'An error occurred: {e}')
        return None
",1,,
"import numpy as np
import pandas as pd
from sklearn.preprocessing import StandardScaler


def task_func(n_rows, scale_cols, columns=['A', 'B', 'C', 'D', 'E'],
    random_seed=None):
    np.random.seed(random_seed)
    df = pd.DataFrame(np.random.randint(0, 100, size=(n_rows, len(columns))
        ), columns=columns)
    for i in scale_cols:
        scaler = StandardScaler()
        df[columns[i]] = scaler.fit_transform(df[[columns[i]]])
    return df
","import pandas as pd
from sklearn.preprocessing import StandardScaler
import numpy as np


def task_func(n_rows: int, scale_cols: list[int], columns: list[str]=['A',
    'B', 'C', 'D', 'E'], random_seed: int=None) ->pd.DataFrame:
    if not isinstance(n_rows, int) or n_rows < 0:
        raise ValueError('n_rows must be a non-negative integer')
    if not isinstance(scale_cols, list) or any(not isinstance(col, int) for
        col in scale_cols):
        raise ValueError('scale_cols must be a list of integers')
    if not all(0 <= col < len(columns) for col in scale_cols):
        raise ValueError('Columns to scale are out of range')
    df = pd.DataFrame()
    np.random.seed(random_seed)
    data = np.random.randint(0, 100, size=(n_rows, len(columns)))
    df = pd.DataFrame(data, columns=columns)
    for col in scale_cols:
        scaler = StandardScaler()
        df[columns[col]] = scaler.fit_transform(df[[columns[col]]])
    return df
",1,,
"import json
import uuid
import logging
from django.http import HttpResponse
logger = logging.getLogger(__name__)


def task_func(data):
    try:
        json.loads(data)
    except json.JSONDecodeError as exc:
        logger.warning('Invalid JSON input: %s', exc)
        return HttpResponse(json.dumps({'error': 'Invalid JSON'}), status=
            400, content_type='application/json')
    response = HttpResponse(data, content_type='application/json')
    response['UUID'] = str(uuid.uuid4())
    return response
","import json
from django.http import HttpResponse
import uuid
from django.core.exceptions import ValidationError
from django.views.decorators.http import require_http_methods


def task_func(data):
    try:
        if not isinstance(data, str) or len(data.strip()) == 0:
            raise ValueError('Invalid JSON data provided')
        request_id = str(uuid.uuid4())
        response = HttpResponse(content=data, status=200, headers={
            'Content-Type': 'application/json', 'UUID': request_id})
        return response
    except json.JSONDecodeError as e:
        return HttpResponse(content=json.dumps({'error': str(e)}), status=
            400, headers={'Content-Type': 'application/json', 'UUID': str(
            uuid.uuid4())})
    except Exception as e:
        return HttpResponse(content=json.dumps({'error': str(e)}), status=
            500, headers={'Content-Type': 'application/json', 'UUID': str(
            uuid.uuid4())})
",1,,
"import hashlib


def task_func(secret, message):
    key = secret.encode('utf-8')
    message_bytes = message.encode('utf-8')
    hashed = hashlib.sha256(key + message_bytes)
    return hashed.hexdigest()
","import hmac
import hashlib


def task_func(secret: str, message: str) ->str:
    """"""
    Generates an HMAC signature for a given message using a secret key.

    Args:
        secret (str): The secret key used for HMAC generation.
        message (str): The message to be signed.

    Returns:
        str: The hexadecimal representation of the HMAC-SHA256 signature.
    """"""
    h = hmac.new(secret.encode(), message.encode(), hashlib.sha256)
    return h.hexdigest()
",1,,
"import csv
from collections import defaultdict
from typing import List, Dict, Any
import logging


def task_func(product_list: List[str], categories: List[str]) ->Any:
    """"""
    Generate a sales report for products across different categories.

    Args:
        product_list: List of product names
        categories: List of possible categories

    Returns:
        A structured data format containing sales information
    """"""
    sales_data = defaultdict(list)
    try:
        for product in product_list:
            category = random.choice(categories)
            quantity = random.randint(1, 100)
            price = random.randint(10, 100)
            revenue = quantity * price
            report_entry = {'Product': product, 'Category': category,
                'Quantity Sold': quantity, 'Revenue': revenue}
            sales_data[category].append(report_entry)
        df_list = []
        for cat, entries in sales_data.items():
            temp_df = pd.DataFrame(entries)
            df_list.append(temp_df)
        final_df = pd.concat(df_list)
        return final_df
    except Exception as e:
        logging.error(f'Error generating sales report: {str(e)}')
        return None
","import pandas as pd
import random


def task_func(product_list, categories):

    def generate_sales_data(products):
        data = []
        for product in products:
            category = random.choice(categories)
            quantity = random.randint(1, 10)
            price = round(random.uniform(10.99, 99.99), 2)
            revenue = price * quantity
            data.append({'Product': product, 'Category': category,
                'Quantity': quantity, 'Price': price, 'Revenue': revenue})
        return pd.DataFrame(data)

    def validate_input(products, categories):
        if not isinstance(products, list) or not all(isinstance(p, str) for
            p in products):
            raise ValueError(
                'Invalid product data. Products must be a list of strings.')
        if not isinstance(categories, list) or not all(isinstance(c, str) for
            c in categories):
            raise ValueError(
                'Invalid category data. Categories must be a list of strings.')
        if len(products) == 0:
            raise ValueError('Product list cannot be empty.')
    validate_input(product_list, categories)
    return generate_sales_data(product_list)
",1,,
"import pandas as pd
from sklearn.linear_model import LinearRegression
import numpy as np
import random


def task_func(goals: int, penalties: int, rng_seed: int=None) ->tuple:
    """"""
    Simulates football match results with random goals and penalties for multiple teams,
    and trains a linear regression model to predict penalty costs from goals.

    Args:
        goals (int): Maximum number of goals a team can score in a match.
        penalties (int): Maximum number of penalties a team can receive in a match.
        rng_seed (int, optional): Seed for the random number generator. Defaults to None.

    Returns:
        tuple: Contains a DataFrame and a LinearRegression model.
            - pd.DataFrame: Columns are 'Team', 'Goals', and 'Penalty Cost'.
            - LinearRegression: Trained model to predict 'Penalty Cost' based on 'Goals'.
    """"""
    if rng_seed is not None:
        random.seed(rng_seed)
        np.random.seed(rng_seed)
    num_teams = 20
    teams = [f'Team_{i + 1}' for i in range(num_teams)]
    goals_data = []
    penalties_data = []
    for _ in range(num_teams):
        g = random.randint(0, goals)
        p = max(0, min(int(g * np.random.uniform(1.5, 2)), penalties))
        goals_data.append(g)
        penalties_data.append(p)
    df = pd.DataFrame({'Team': teams, 'Goals': goals_data, 'Penalty Cost':
        penalties_data})
    model = LinearRegression()
    X = df[['Goals']].values.reshape(-1, 1)
    y = df['Penalty Cost'].values.reshape(-1, 1)
    model.fit(X, y)
    return df, model
","import numpy as np
from sklearn.linear_model import LinearRegression
from pandas import DataFrame
from random import randint, seed


def task_func(goals: int, penalties: int, rng_seed: int) ->tuple[DataFrame,
    LinearRegression]:
    """"""
    Simulates football match results with random goals and penalties,
    then trains a linear regression model to predict penalty costs.

    Args:
        goals (int): Maximum number of goals per team
        penalties (int): Maximum number of penalties per team
        rng_seed (int): Seed for random number generator

    Returns:
        tuple: Contains a DataFrame with match results and a trained LinearRegression model
    """"""
    if rng_seed is not None:
        seed(rng_seed)
    teams = ['Team A', 'Team B', 'Team C', 'Team D', 'Team E']
    penalty_cost_per_penalty = 1000
    data = []
    for team in teams:
        goals_scored = randint(0, goals)
        penalties_commited = randint(0, penalties)
        cost = penalties_commited * penalty_cost_per_penalty
        data.append((team, goals_scored, cost))
    df = DataFrame(data, columns=['Team', 'Goals', 'Penalty Cost'])
    X = df[['Goals']].values.reshape(-1, 1)
    y = df['Penalty Cost'].values
    model = LinearRegression().fit(X, y)
    return df, model
",1,,
"import matplotlib.pyplot as plt


def task_func(d, keys=None):
    if keys is None:
        keys = ['x', 'y', 'z']
    present_keys = [k for k in keys if any(k in item for item in d)]
    fig, ax = plt.subplots()
    if d and present_keys:
        for k in present_keys:
            values = [item.get(k) for item in d]
            ax.plot(values, label=k)
        ax.legend()
    return ax
","import matplotlib.pyplot as plt


def task_func(d, keys=['x', 'y', 'z']):
    fig = plt.figure()
    ax = fig.add_subplot(111)
    data_dict = {}
    for key in keys:
        if any(key in item for item in d):
            data_dict[key] = [item.get(key) for item in d]
    for key, values in data_dict.items():
        ax.plot(values, label=key)
    if len(data_dict) > 0:
        ax.legend()
    return ax
",1,,
"import pandas as pd


def task_func(obj_list, attr):

    def get_attr_values(objs, attr):
        return [getattr(obj, attr) for obj in objs]

    def count_freq(attr_values):
        freq_count = {}
        for value in attr_values:
            if value not in freq_count:
                freq_count[value] = 1
            else:
                freq_count[value] += 1
        return freq_count

    def create_df(freq_count):
        df_data = []
        for key, value in freq_count.items():
            df_data.append({'attribute': key, 'count': value})
        return pd.DataFrame(df_data)
    attr_values = get_attr_values(obj_list, attr)
    if not attr_values:
        return pd.DataFrame()
    freq_count = count_freq(attr_values)
    df = create_df(freq_count)
    return df
","import collections
import pandas as pd


def task_func(obj_list, attr):
    try:
        counts = collections.Counter([obj.__getattribute__(attr) for obj in
            obj_list])
        result_df = pd.DataFrame({'attribute': list(counts.keys()), 'count':
            list(counts.values())})
        return result_df
    except AttributeError as e:
        print(f'Error: Attribute {attr} not found in object attributes. {e}')
        return pd.DataFrame()
    except Exception as e:
        print(f'An unexpected error occurred: {e}')
        return pd.DataFrame()
",1,,
"import secrets
import re


def task_func(text: str, seed: int) ->str:
    """"""Generates a secure password based on the structure of the input text.""""""
    if not text:
        raise ValueError('Input text cannot be empty.')

    def generate_char(match):
        char = match.group()
        if char.isalpha():
            return secrets.choice('abcdefghijklmnopqrstuvwxyz')
        elif char.isdigit():
            return str(secrets.randbelow(10))
        elif char.isspace():
            return secrets.choice([secrets.choice('0123456789'), secrets.
                choice('abcdefghijklmnopqrstuvwxyz')])
        else:
            return char
    processed = re.sub('(\\w|\\d| |.)', generate_char, text)
    return processed
","import secrets
from typing import Optional


def task_func(text: str, seed: Optional[int]=None) ->str:
    if not text:
        raise ValueError('text cannot be empty.')

    def replace_char(char: str) ->str:
        if char.isalpha():
            return chr(secrets.randbelow(26) + ord('a'))
        elif char.isdigit():
            return str(secrets.randbelow(10))
        elif char == ' ':
            return secrets.choice([chr(secrets.randbelow(26) + ord('a')),
                str(secrets.randbelow(10))])
        else:
            return char
    if seed is not None:
        secrets.SystemRandom().seed(seed)
    password = ''.join(map(replace_char, text))
    return password
",1,,
"import numpy as np
import pandas as pd
from scipy import stats
import matplotlib.pyplot as plt
from sklearn.metrics import pairwise


def task_func(csv_file_path: str, title: str):
    data = pd.read_csv(csv_file_path)
    corr_matrix = np.zeros((data.shape[1], data.shape[1]))
    for i in range(data.shape[1]):
        for j in range(data.shape[1]):
            if i == j:
                corr_matrix[i, j] = 1.0
            else:
                try:
                    corr, _ = stats.pearsonr(data.iloc[:, i], data.iloc[:, j])
                    corr_matrix[i, j] = round(corr, 2)
                except Exception as e:
                    corr_matrix[i, j] = np.nan
    columns = data.columns
    index = columns.copy()
    c = pd.DataFrame(corr_matrix, index=index, columns=columns)
    plt.figure(figsize=(10, 8))
    heatmap = plt.imshow(c, cmap='coolwarm', vmin=-1, vmax=1, interpolation
        ='nearest')
    plt.colorbar(heatmap)
    plt.title(title)
    ax = plt.gca()
    return c, ax
","import pandas as pd
import matplotlib.pyplot as plt
import seaborn as sns


def task_func(csv_file_path, title):
    """"""
    Creates a heatmap of the correlation matrix of a DataFrame built from a CSV file.
    Rounds each correlation to 2 decimals.

    DataFrame: correlation dataframe where each row and each column correspond to a specific column.
    matplotlib.axes.Axes: The Axes object of the plotted data.
    """"""
    df = pd.read_csv(csv_file_path)
    correlation_matrix = df.corr()
    correlation_matrix_rounded = correlation_matrix.round(2)
    fig, ax = plt.subplots()
    sns.heatmap(correlation_matrix_rounded, annot=True, cmap='coolwarm', ax=ax)
    ax.set_title(title)
    return correlation_matrix_rounded, ax
",1,,
"import re
import numpy as np


def task_func(s: str) ->np.ndarray:
    words = re.findall('\\w+', s)
    return np.array([len(words)])
","import re
from sklearn.feature_extraction.text import CountVectorizer
import numpy as np
SENTENCES = ['This is a sentence', 'Another sentence here', 'More sentences']


def task_func(s: str) ->np.ndarray:
    words = re.findall('\\w+', s)
    word_counts = {}
    for word in words:
        if word in word_counts:
            word_counts[word] += 1
        else:
            word_counts[word] = 1
    all_words = set(word_counts.keys())
    for sentence in SENTENCES:
        sentence_words = re.findall('\\w+', sentence)
        for word in sentence_words:
            if word not in word_counts:
                word_counts[word] = 0
    feature_list = list(word_counts.keys())
    features = []
    for word in feature_list:
        features.append(word_counts.get(word, 0))
    return np.array(features)
",1,,
"def task_func(url: str, tag: str) ->str:
    """"""Scrapes a web page for the first occurrence of a specified HTML tag and returns its text content.""""""
    from requests import get
    from bs4 import BeautifulSoup
    response = get(url)
    soup = BeautifulSoup(response.text, 'html.parser')
    tags = soup.find_all(tag)
    if not tags:
        return None
    first_tag = tags[0]
    text_content = getattr(first_tag, 'string', None)
    return text_content
","import requests
import re


def task_func(url, tag):
    """"""
    Scrape the first occurrence of the specified HTML tag from the given URL
    and return its text content. If the tag is not found, empty, or malformed,
    return None. Raises requests.exceptions.RequestException for invalid URLs.
    """"""
    response = requests.get(url)
    pattern = re.compile(f'<{tag}>(.*?)</{tag}>', re.DOTALL | re.IGNORECASE)
    match = pattern.search(response.text)
    if not match:
        return None
    content = match.group(1).strip()
    return content if content else None
",1,,
"import pandas as pd


def task_func(df, tuples, n_plots):
    for t in tuples:
        mask = (df == t).all(axis=1)
        df = df[~mask]
    if df.empty:
        return df, []
    plots = []
    cols = list(df.columns)
    for i in range(min(n_plots, len(cols) * (len(cols) - 1) // 2)):
        j = i // (len(cols) - 1)
        k = i % (len(cols) - 1)
        if k >= j:
            k += 1
        x_col = cols[j]
        y_col = cols[k]


        class Dummy:
            pass
        plot = Dummy()
        plot.x = type('X', (), {'name': x_col})()
        plot.y = type('Y', (), {'name': y_col})()
        plots.append(plot)
    return df, plots
","import pandas as pd
import seaborn as sns
import random


def task_func(df: pd.DataFrame, tuples: list, n_plots: int) ->tuple:
    """"""Remove specified rows and generate joint plots.""""""
    mask = df.apply(tuple, axis=1).isin(tuples)
    df = df[~mask].reset_index(drop=True)
    if df.empty:
        return df, []
    plots = [sns.jointplot(data=df, x=cols[0], y=cols[1]) for cols in (
        random.sample(list(df.columns), 2) for _ in range(n_plots))]
    return df, plots
",1,,
"import pandas as pd


def task_func(dict1):
    df = pd.DataFrame(list(dict1.items()), columns=['Department', 'Employees'])
    filtered_df = df[df['Department'].str.startswith('EMP$$')]
    result_dict = filtered_df.set_index('Department')['Employees'].apply(lambda
        x: [round(100 * (i + 1) / x) for i in range(x)]).to_dict()
    return result_dict
","import pandas as pd


def task_func(dict1: dict) ->dict:
    """"""
    Create a dictionary of employee data for departments starting with 'EMP$$'.

    Args:
        dict1 (dict): A dictionary with department codes as keys and number of employees as values.

    Returns:
        dict: A dictionary with department codes starting with 'EMP$$' as keys and lists of employee salaries as values.
    """"""
    filtered_departments = {k: v for k, v in dict1.items() if k.startswith(
        'EMP$$')}
    result = {}
    for department, num_employees in filtered_departments.items():
        salaries = [round(random.uniform(1, 100), 2) for _ in range(
            num_employees)]
        result[department] = salaries
    return result


import random
",1,,
"import datetime
from zoneinfo import ZoneInfo


def task_func(date_str: str, from_tz: str, to_tz: str) ->str:
    try:
        date_obj = datetime.datetime.strptime(date_str, '%Y-%m-%d %H:%M:%S'
            ).replace(tzinfo=ZoneInfo(from_tz))
        converted_date = date_obj.astimezone(ZoneInfo(to_tz))
        return converted_date.strftime('%Y-%m-%d %H:%M:%S')
    except ValueError:
        raise ValueError('Invalid date format provided.')
","import datetime
from zoneinfo import ZoneInfo


def task_func(date_str, from_tz, to_tz):
    """"""Convert datetime string from one timezone to another.""""""
    fmt = '%Y-%m-%d %H:%M:%S'
    dt = datetime.datetime.strptime(date_str, fmt)
    tz_map = {from_tz: ZoneInfo(from_tz), to_tz: ZoneInfo(to_tz)}
    dt = dt.replace(tzinfo=tz_map[from_tz])
    dt = dt.astimezone(tz_map[to_tz])
    return dt.strftime(fmt)
",1,,
"import pandas as pd
import statsmodels.api as sm


def task_func(df, height, weight, columns):
    """"""Perform OLS regression on filtered DataFrame.""""""
    if df.empty:
        return None
    cols = tuple(columns)
    mask = (df[cols[1]] > height) & (df[cols[2]] < weight)
    sub = df.loc[mask, cols]
    if sub.empty:
        return None
    y = sub[cols[0]]
    X = sub.drop(columns=[cols[0]])
    X = sm.add_constant(X)
    return sm.OLS(y, X).fit()
","import logging
import pandas as pd
import statsmodels.api as sm
logger = logging.getLogger(__name__)


def task_func(df, height, weight, columns):
    """"""Perform OLS regression on a filtered subset of df.

    Parameters
    ----------
    df : pd.DataFrame
        DataFrame containing the data.
    height : int
        Threshold for the second column.
    weight : int
        Threshold for the third column.
    columns : list of str
        List of column names; first is dependent variable, second and third are predictors.

    Returns
    -------
    sm.regression.linear_model.RegressionResultsWrapper or None
        Fitted OLS model or None if no data to fit.
    """"""
    if not isinstance(df, pd.DataFrame):
        logger.error('df is not a pandas DataFrame')
        return None
    if not isinstance(columns, list) or len(columns) != 3:
        logger.error('columns must be a list of three column names')
        return None
    if not all(col in df.columns for col in columns):
        logger.error('Some columns are missing from df')
        return None
    if df.empty:
        logger.debug('DataFrame is empty')
        return None
    try:
        filtered = df[(df[columns[1]] > height) & (df[columns[2]] < weight)]
    except Exception as exc:
        logger.exception('Error during filtering: %s', exc)
        return None
    if filtered.empty:
        logger.debug('No rows match the filtering criteria')
        return None
    y = filtered[columns[0]]
    X = filtered[[columns[1], columns[2]]]
    X = sm.add_constant(X)
    try:
        model = sm.OLS(y, X).fit()
    except Exception as exc:
        logger.exception('Error during OLS fitting: %s', exc)
        return None
    return model
",1,,
"import pandas as pd
import matplotlib.pyplot as plt


def task_func(df, target_value):
    """"""
    Convert input dictionary to DataFrame and search for target value in each cell.
    Count occurrences per column and plot the results.

    Args:
        df (dict): Input dictionary with column names as keys and lists of values.
        target_value (str): Value to search for in the DataFrame.

    Returns:
        tuple: A tuple containing a pandas Series with counts per column
              and a matplotlib Axes object or None if dataframe is empty.
    """"""
    df = pd.DataFrame(df)
    if df.empty:
        return pd.Series(), None
    counts = df.apply(lambda row: row.astype(str).isin([target_value]).sum()
        ).groupby(df.columns).sum()
    ax = None
    if not counts.empty:
        plt.figure(figsize=(10, 6))
        counts.plot(kind='bar', title=f'Count of {target_value} per Column')
        ax = plt.gca()
    return counts, ax
","import pandas as pd


def task_func(df, target_value):
    df_obj = pd.DataFrame(df)
    if df_obj.empty:
        return pd.Series(dtype=int), None
    df_str = df_obj.astype(str)
    col_counts = {}
    for col in df_str.columns:
        cnt = 0
        for val in df_str[col]:
            if val == target_value:
                cnt += 1
        col_counts[col] = cnt
    dup_counts = {}
    for col in df_str.columns:
        dup_counts[col] = col_counts[col]
    counts_series = pd.Series(dup_counts)
    ax = counts_series.plot(kind='bar')
    return counts_series, ax
",1,,
"import shutil
import os
from glob import glob


def task_func(src_dir: str, dst_dir: str) ->str:
    """"""
    Copy files matching specified patterns from source to destination directory.

    Args:
        src_dir: Source directory path
        dst_dir: Destination directory path

    Returns:
        The destination directory path
    """"""
    patterns = '*.txt', '*.docx'
    matching_files = [f for pattern in patterns for f in glob(os.path.join(
        src_dir, pattern))]
    for file_path in matching_files:
        shutil.copy2(file_path, dst_dir)
    return dst_dir
","import os
import shutil
from pathlib import Path


def task_func(src_dir, dst_dir):
    """"""Copy *.txt and *.docx files from src_dir to dst_dir.""""""
    src = Path(src_dir)
    dst = Path(dst_dir)
    dst.mkdir(parents=True, exist_ok=True)
    patterns = {'*.txt', '*.docx'}
    files = {p.name: p for p in src.iterdir() if p.is_file() and any(p.
        match(pat) for pat in patterns)}
    for name, path in files.items():
        shutil.copy2(path, dst / name)
    return str(dst)
",1,,
"import numpy as np
import matplotlib.pyplot as plt
import string


def task_func(word):
    if not all(char in string.ascii_lowercase for char in word):
        raise ValueError(
            'The word should contain only lowercase alphabetic characters.')
    letter_positions = np.array([(string.ascii_lowercase.index(char) + 1) for
        char in word])
    fig, ax = plt.subplots()
    ax.bar(np.arange(len(letter_positions)), letter_positions)
    ax.set_xlabel('Letter Index')
    ax.set_ylabel('Alphabetical Position')
    ax.set_title('Alphabetical Position of Letters in Word')
    return ax
","import numpy as np
import matplotlib.pyplot as plt


def task_func(word):
    ALPHABET = ['a', 'b', 'c', 'd', 'e', 'f', 'g', 'h', 'i', 'j', 'k', 'l',
        'm', 'n', 'o', 'p', 'q', 'r', 's', 't', 'u', 'v', 'w', 'x', 'y', 'z']
    positions = [(ALPHABET.index(char) + 1) for char in word]
    x = np.arange(len(positions))
    fig, ax = plt.subplots()
    bars = ax.bar(x, positions)
    plt.xticks(x, list(word))
    plt.title('Letter Positions in Alphabet')
    plt.xlabel('Letters')
    plt.ylabel('Position')
    return ax
",1,,
"import socket
import json
import threading
SERVER_ADDRESS = 'localhost'
BUFFER_SIZE = 1024


def task_func(client_socket):
    try:
        request_message = client_socket.recv(BUFFER_SIZE).decode()
        if request_message == b'Format request':
            response = json.dumps({'time': '12:00:00', 'greeting': 'Hello'})
        elif request_message == b'JSON request':
            json_data = json.loads(request_message.decode())
            if 'time' in json_data:
                response = json.dumps({'time': '12:00:00', 'greeting': 'Hello'}
                    )
            else:
                response = json.dumps({'time': '12:00:00', 'greeting': 'Hello'}
                    )
        else:
            response = json.dumps({'time': '12:00:00', 'greeting': 'Hello'})
        client_socket.send(response.encode())
    except Exception as e:
        print(f'An error occurred: {e}')
","import json
from datetime import datetime
import socket


def task_func(client_socket: socket.socket) ->None:

    def get_current_time() ->str:
        return datetime.now().isoformat()

    def create_response_greeting(time: str) ->str:
        return f'Hello, the current server time is {time}.'

    def serialize_response(response_dict: dict) ->bytes:
        return json.dumps(response_dict).encode('utf-8')
    try:
        current_time = get_current_time()
        greeting = create_response_greeting(current_time)
        response_dict = {'time': current_time, 'message': greeting}
        client_socket.send(serialize_response(response_dict))
    except Exception:
        pass
",1,,
"import pandas as pd
import matplotlib.pyplot as plt


def task_func(product_dict, product_keys):
    if not product_keys:
        return pd.DataFrame(), None
    quantities = []
    prices = []
    profits = []
    for key in product_keys:
        if key not in product_dict:
            raise KeyError(key)
        quantity, price = product_dict[key]
        quantities.append(quantity)
        prices.append(price)
        profits.append(quantity * price)
    avg_price = sum(prices) / len(prices)
    avg_profit = sum(profits) / len(profits)
    data = {'Product': product_keys, 'Quantity': quantities, 'Price':
        prices, 'Profit': profits, 'Average Price': [avg_price] * len(
        product_keys), 'Average Profit': [avg_profit] * len(product_keys)}
    df = pd.DataFrame(data, columns=['Product', 'Quantity', 'Price',
        'Profit', 'Average Price', 'Average Profit'])
    fig, ax = plt.subplots()
    ax.bar(df['Product'], df['Profit'])
    return df, ax
","import pandas as pd
import numpy as np
import matplotlib.pyplot as plt


def task_func(product_dict, product_keys):
    data = []
    for key in product_keys:
        quantity = product_dict[key][0]
        price = product_dict[key][1]
        profit = quantity * price
        data.append([key, quantity, price, profit])
    df = pd.DataFrame(data, columns=['Product', 'Quantity', 'Price', 'Profit'])
    if not df.empty:
        df['Average Price'] = df['Price'].mean()
        df['Average Profit'] = df['Profit'].mean()
        fig, ax = plt.subplots()
        ax.bar(df['Product'], df['Profit'])
        ax.set_ylabel('Profit')
        ax.set_xlabel('Product')
        ax.set_title('Profit for each product')
        plt.tight_layout()
        return df, ax
    else:
        return df, None
",1,,
"import pandas as pd
from pathlib import Path


def task_func(values, filename):
    if not isinstance(values, list) or not all(isinstance(row, dict) for
        row in values):
        raise ValueError(
            ""Invalid input: 'values' must be a list of dictionaries"")
    if not isinstance(filename, str) or not filename.endswith('.xls'):
        raise ValueError(
            ""Invalid input: 'filename' must be a string ending with '.xls'"")
    df = pd.DataFrame(values)
    path = Path(filename).resolve()
    try:
        df.to_excel(path, index=False)
    except Exception as e:
        print(f'Error writing to Excel file: {e}')
        return None
    return str(path)
","import xlwt
import os
FIELDS = 'ID', 'Name', 'Age'


def task_func(values, filename):
    wb = xlwt.Workbook()
    sheet = wb.add_sheet('Sheet1')
    for idx, col in enumerate(FIELDS):
        sheet.write(0, idx, col)
    row_index = 1
    for row in values:
        for idx, col in enumerate(FIELDS):
            sheet.write(row_index, idx, row.get(col, ''))
        row_index += 1
    wb.save(filename)
    return os.path.abspath(filename)
",1,,
"import random
import logging
import matplotlib.pyplot as plt
logger = logging.getLogger(__name__)
logger.setLevel(logging.INFO)
handler = logging.StreamHandler()
handler.setFormatter(logging.Formatter('%(levelname)s:%(name)s:%(message)s'))
logger.addHandler(handler)


def task_func(L):
    try:
        if not isinstance(L, list):
            raise TypeError('Input must be a list of lists')
        data = [item for sublist in L for item in sublist]
        if not all(isinstance(item, (int, float)) for item in data):
            raise TypeError('All elements must be numeric')
        if len(data) == 0:
            raise ValueError('Input list is empty')
        K = 3
        centroids = random.sample(data, K)
        for _ in range(100):
            labels = []
            for point in data:
                distances = [abs(point - c) for c in centroids]
                min_index = distances.index(min(distances))
                labels.append(min_index)
            new_centroids = []
            for k in range(K):
                cluster_points = [data[i] for i, l in enumerate(labels) if 
                    l == k]
                if cluster_points:
                    new_centroids.append(sum(cluster_points) / len(
                        cluster_points))
                else:
                    new_centroids.append(centroids[k])
            if all(abs(new_centroids[i] - centroids[i]) < 0.0001 for i in
                range(K)):
                break
            centroids = new_centroids
        fig, ax = plt.subplots()
        colors = ['red', 'green', 'blue', 'orange', 'purple', 'brown',
            'pink', 'gray', 'olive', 'cyan']
        for k in range(K):
            cluster_x = [data[i] for i, l in enumerate(labels) if l == k]
            cluster_y = [0] * len(cluster_x)
            ax.scatter(cluster_x, cluster_y, color=colors[k % len(colors)],
                label=f'Cluster {k}')
        ax.legend()
        return ax
    except Exception as e:
        logger.exception('Error in task_func')
        raise
","import matplotlib.pyplot as plt
from sklearn.cluster import KMeans
import numpy as np


def task_func(L):
    data = []
    for sublist in L:
        data.extend(sublist)
    X = np.array(data).reshape(-1, 1)
    kmeans = KMeans(n_clusters=len(L))
    kmeans.fit(X)
    plt.figure(figsize=(10, 8))
    ax = plt.gca()
    colors = ['b', 'g', 'r', 'c', 'm', 'y', 'k']
    for i in range(len(kmeans.cluster_centers_)):
        cluster_data = X[kmeans.labels_ == i]
        ax.scatter(cluster_data, np.zeros_like(cluster_data), color=colors[
            i], label=f'Cluster {i + 1}')
    plt.title('KMeans Clustering')
    plt.xlabel('Value')
    plt.ylabel('Cluster')
    plt.legend()
    return ax
",1,,
"import collections


def task_func(df, letter):
    words = df.get('Word', [])
    filtered = []
    for w in words:
        if w and w[0] == letter:
            filtered.append(w)
    lengths = []
    for w in filtered:
        lengths.append(len(w))
    counts = {}
    for l in lengths:
        if l in counts:
            counts[l] += 1
        else:
            counts[l] = 1
    return counts
","import io
from contextlib import redirect_stdout


def task_func(df, letter):
    f = io.StringIO()
    with redirect_stdout(f):
        import pandas as pd
        df = pd.DataFrame(list(df.values()), index=list(df.keys())).T
        filtered_df = df[df['Word'].str.startswith(letter)]
        word_lengths = filtered_df['Word'].apply(len)
        count_dict = word_lengths.value_counts().to_dict()
    return count_dict
",1,,
"import pandas as pd
import math


def task_func(tuples_list):
    """"""
    Given a list of tuples turn them into a Pandas DataFrame with math.sin applied to each number.

    Args:
        tuples_list (list): The list of tuples.

    Returns:
        df (DataFrame): A pandas DataFrame. Each row of df corresponds to a tuple from tuples_list,
                        with the values being the sine of the original values in the tuple.
    """"""
    data = []
    for t in tuples_list:
        new_t = [math.sin(n) for n in t]
        data.append(new_t)
    columns = ['sin_{}'.format(i) for i in range(len(tuples_list[0]))]
    df = pd.DataFrame(data, columns=columns)
    return df
","import pandas as pd
import math


def task_func(tuples_list):
    return pd.DataFrame([[math.sin(x) for x in tup] for tup in tuples_list])
",1,,
"import binascii
import gzip
from io import BytesIO


def task_func(compressed_hex: str) ->str:
    """"""
    Decompresses a gzipped string from its hexadecimal representation.

    Args:
        compressed_hex (str): The hexadecimal string representing the gzipped content.

    Returns:
        str: The decoded and decompressed string.
    """"""
    try:
        compressed_bytes = binascii.unhexlify(compressed_hex)
        with BytesIO(compressed_bytes) as byte_stream:
            with gzip.GzipFile(fileobj=byte_stream) as gz_file:
                return gz_file.read().decode('utf-8')
    except gzip.BadGzipFile as e:
        raise ValueError(f'Decompression failed: {e}')
","import binascii
import gzip
import io


def task_func(compressed_hex):

    def decompress_bytes(data):
        try:
            with gzip.GzipFile(fileobj=io.BytesIO(data)) as f:
                return f.read()
        except gzip.BadGzipFile as e:
            raise ValueError(f'Error during decompression: {str(e)}')
    hex_to_bytes = binascii.unhexlify(compressed_hex)
    bytes_to_str = decompress_bytes(hex_to_bytes).decode('utf-8')
    return bytes_to_str
",1,,
"import pandas as pd
import numpy as np


def task_func(data):
    df = pd.DataFrame(data)
    if df.empty:
        return df
    for col in df.columns:
        numeric_series = pd.to_numeric(df[col], errors='coerce')
        if numeric_series.notna().all():
            mean = numeric_series.mean()
            std = numeric_series.std(ddof=0)
            if std == 0:
                df[col] = 0.0
            else:
                df[col] = (numeric_series - mean) / std
    return df
","import pandas as pd
from sklearn.preprocessing import StandardScaler


def task_func(data):
    df = pd.DataFrame(data)
    numeric_cols = []
    for col in df.columns:
        try:
            df[col] = df[col].astype(float)
            numeric_cols.append(col)
        except ValueError:
            pass
    if not numeric_cols:
        return df
    scaler = StandardScaler()
    scaled_values = scaler.fit_transform(df[numeric_cols])
    result = df.copy()
    result[numeric_cols] = scaled_values
    return result
",1,,
"import base64
from cryptography.hazmat.primitives import hashes
from cryptography.hazmat.primitives.asymmetric import padding as asym_padding


def task_func(num, from_base, to_base, private_key, alphabet):
    try:
        value = int(num, from_base)
    except ValueError:
        raise ValueError('Invalid number for the given base')
    digits = tuple('0123456789ABCDEFGHIJKLMNOPQRSTUVWXYZ')
    if value == 0:
        converted = '0'
    else:
        parts = []
        while value:
            value, rem = divmod(value, to_base)
            parts.append(digits[rem])
        converted = ''.join(reversed(parts))
    signature = private_key.sign(converted.encode('utf-8'), asym_padding.
        PSS(mgf=asym_padding.MGF1(hashes.SHA256()), salt_length=
        asym_padding.PSS.MAX_LENGTH), hashes.SHA256())
    return base64.b64encode(signature).decode('ascii')
","import base64
from typing import Any
from cryptography.hazmat.primitives.asymmetric import padding
from cryptography.hazmat.primitives import hashes


def task_func(num: str, from_base: int, to_base: int, private_key: Any,
    alphabet: str) ->str:
    """"""Convert a number from one base to another, sign it, and encode the signature in base64 with a custom alphabet.""""""
    value = int(num, from_base)
    digits = '0123456789ABCDEFGHIJKLMNOPQRSTUVWXYZabcdefghijklmnopqrstuvwxyz'
    if to_base > len(digits):
        raise ValueError('Base too large for conversion.')

    def to_base_str(n: int, base: int) ->str:
        if n == 0:
            return '0'
        out = []
        while n:
            n, r = divmod(n, base)
            out.append(digits[r])
        return ''.join(reversed(out))
    converted = to_base_str(value, to_base)
    data = converted.encode('utf-8')
    signature = private_key.sign(data, padding.PSS(mgf=padding.MGF1(hashes.
        SHA256()), salt_length=padding.PSS.MAX_LENGTH), hashes.SHA256())
    std_b64 = base64.b64encode(signature).decode('ascii')
    trans_table = str.maketrans(
        'ABCDEFGHIJKLMNOPQRSTUVWXYZabcdefghijklmnopqrstuvwxyz0123456789+/',
        alphabet)
    return std_b64.translate(trans_table)
",1,,
"import pandas as pd
from dateutil.parser import parse


def task_func(dates_str_list):
    names = ['Monday', 'Tuesday', 'Wednesday', 'Thursday', 'Friday',
        'Saturday', 'Sunday']
    monday = 0
    tuesday = 0
    wednesday = 0
    thursday = 0
    friday = 0
    saturday = 0
    sunday = 0
    for d in dates_str_list:
        try:
            w = parse(d).weekday()
        except:
            continue
        if w == 0:
            monday += 1
        elif w == 1:
            tuesday += 1
        elif w == 2:
            wednesday += 1
        elif w == 3:
            thursday += 1
        elif w == 4:
            friday += 1
        elif w == 5:
            saturday += 1
        elif w == 6:
            sunday += 1
    return pd.Series([monday, tuesday, wednesday, thursday, friday,
        saturday, sunday], index=names)
","import logging
import datetime
import pandas as pd
logging.basicConfig(level=logging.INFO)
logger = logging.getLogger(__name__)
DAYS_OF_WEEK = ['Monday', 'Tuesday', 'Wednesday', 'Thursday', 'Friday',
    'Saturday', 'Sunday']


def task_func(dates_str_list):
    if not isinstance(dates_str_list, list):
        raise TypeError('Input must be a list of date strings.')
    counts = [0] * 7
    for date_str in dates_str_list:
        if not isinstance(date_str, str):
            raise TypeError('All items in the list must be strings.')
        try:
            dt = datetime.datetime.strptime(date_str, '%Y-%m-%d').date()
        except ValueError as e:
            raise ValueError(f'Invalid date format: {date_str}') from e
        weekday_index = dt.weekday()
        counts[weekday_index] += 1
    result_series = pd.Series(counts, index=DAYS_OF_WEEK, dtype=int)
    return result_series
",1,,
"import subprocess
import os


def task_func(process_name: str) ->int:
    pids = subprocess.check_output(['pgrep', '-f', process_name]).decode(
        ).split('\n')[:-1]
    for pid in pids:
        os.kill(int(pid), 0)
    return len(pids)
","import subprocess
import os


def task_func(process_name):
    process_list = subprocess.check_output(['pgrep', '-f', process_name]
        ).decode().split('\n')
    process_count = len([p for p in process_list if p.strip() != ''])
    for pid in process_list:
        if pid.strip() != '':
            os.kill(int(pid), 9)
    return process_count
",1,,
"import difflib
import gzip
from typing import List, Optional


def task_func(file_path1: str, file_path2: str) ->str:

    def read_gzip_file(path: str) ->List[str]:
        try:
            with gzip.open(path, 'rt') as f:
                return list(f)
        except FileNotFoundError:
            raise FileNotFoundError(f'File {path} not found.')
    content1 = read_gzip_file(file_path1)
    content2 = read_gzip_file(file_path2)
    diff = difflib.ndiff(content1, content2)
    filtered_diff = [line for line in diff if line.startswith(('+', '-'))]
    return ''.join(filtered_diff)
","import gzip
from io import StringIO
import difflib


def task_func(file_path1, file_path2):
    with gzip.open(file_path1, 'rt') as f1, gzip.open(file_path2, 'rt') as f2:
        lines1 = [line.strip() for line in f1.readlines()]
        lines2 = [line.strip() for line in f2.readlines()]
    diff = difflib.ndiff(lines1, lines2)
    return '\n'.join([(line[2:] if line.startswith('+ ') else line[:-2] if
        line.startswith('- ') else '') for line in diff])
",1,,
"from collections import defaultdict


def task_func(list_of_menuitems):

    def flatten(nested_list):
        for item in nested_list:
            if isinstance(item, list):
                yield from flatten(item)
            else:
                yield item
    frequency = defaultdict(int)
    for item in flatten(list_of_menuitems):
        frequency[item] += 1
    max_count = max(frequency.values())
    most_common = [item for item, count in frequency.items() if count ==
        max_count]
    return most_common[0]
","def task_func(list_of_menuitems):
    flat_list = list(itertools.chain.from_iterable(list_of_menuitems))
    counts = {}
    for item in flat_list:
        counts[item] = counts.get(item, 0) + 1
    most_common_item = max(counts, key=counts.get)
    return most_common_item


import itertools
",1,,
"import pandas as pd
from sklearn.decomposition import PCA


def task_func(df):

    def perform_pca(dataframe):
        pca = PCA(n_components=2)
        return pca.fit_transform(dataframe)

    def create_result_dataframe(transformed_data):
        return pd.DataFrame(transformed_data, columns=['PC1', 'PC2'])
    original_shape = df.shape
    try:
        transformed_data = perform_pca(df)
        result_df = create_result_dataframe(transformed_data)
        if len(result_df.columns) != 2 or result_df.shape[0] != original_shape[
            0]:
            raise ValueError('Invalid transformation occurred')
        return result_df
    except Exception as e:
        raise RuntimeError(f'PCA transformation failed: {str(e)}')
","import pandas as pd
from sklearn.decomposition import PCA


def task_func(df):
    """"""
    Perform Principal Component Analysis on the DataFrame and return the first two principal components.

    Args:
        df (DataFrame): The input DataFrame containing numerical data.

    Returns:
        DataFrame: A DataFrame with the first two principal components as columns 'PC1' and 'PC2'.
    """"""
    pca = PCA(n_components=2)
    transformed_data = pca.fit_transform(df)
    result_df = pd.DataFrame(data=transformed_data, columns=['PC1', 'PC2'])
    return result_df
",1,,
"import pandas as pd
import numpy as np
import logging
logger = logging.getLogger(__name__)


def task_func(df):
    if not isinstance(df, pd.DataFrame):
        logger.error('Input is not a pandas DataFrame')
        raise TypeError('Input must be a pandas DataFrame')
    if df.empty:
        return pd.DataFrame()
    result = df.copy()
    pattern = '>([0-9]+(?:\\.[0-9]+)?)<'
    for col in result.columns:
        extracted = result[col].astype(str).str.extract(pattern, expand=False)
        result[col] = pd.to_numeric(extracted, errors='coerce')
    return result
","import pandas as pd
import re
import numpy as np


def task_func(df, data_pattern='>\\d+\\.\\d+<'):
    df = df.apply(lambda x: x.astype(str) if isinstance(x, object) else x)
    df = df.map(lambda x: float(re.search(data_pattern, str(x)).group()[1:-
        1]) if re.search(data_pattern, str(x)) else np.nan)
    return df
",1,,
"import matplotlib as mpl
import numpy as np


def task_func(matrix):
    """"""
    Visualize a 2D numeric array (matrix) as a heatmap using matplotlib.

    Args:
        matrix (numpy.ndarray): A 2D numeric array.

    Returns:
        matplotlib.axes.Axes: The axes object containing the heatmap.
    """"""
    if not isinstance(matrix, np.ndarray):
        raise ValueError('Input must be a numpy array')
    if len(matrix.shape) != 2:
        raise ValueError('Input matrix must be 2D')
    fig = mpl.figure.Figure()
    ax = fig.add_subplot(111)
    cmap = mpl.cm.get_cmap('hot')
    interpolation = 'nearest'
    im = ax.imshow(matrix, cmap=cmap, interpolation=interpolation)
    return ax
","import numpy as np
import matplotlib.pyplot as plt


def task_func(matrix):
    """"""
    Visualizes a 2D numeric array (matrix) as a heatmap using matplotlib.

    Args:
        matrix (np.ndarray): The 2D numeric array to visualize.

    Returns:
        matplotlib.axes._axes.Axes: The Axes object with the heatmap.
    """"""
    fig, ax = plt.subplots()
    im = ax.imshow(matrix, cmap='hot', interpolation='nearest')
    fig.colorbar(im)
    return ax
",1,,
"import random
import string
VALID_CHARACTERS = string.ascii_letters + string.digits


def task_func(n_strings, string_length):
    result = {}
    for _ in range(n_strings):
        random_string = ''.join(random.choice(VALID_CHARACTERS) for _ in
            range(string_length))
        for char in random_string:
            if char in result:
                result[char] += 1
            else:
                result[char] = 1
    return result
","import random
import secrets
import itertools
VALID_CHARACTERS = (
    'abcdefghijklmnopqrstuvwxyzABCDEFGHIJKLMNOPQRSTUVWXYZ0123456789')


def task_func(n_strings, string_length):
    """"""
    Generates n random strings of a specified length, counts the frequency of each character across all strings,
    and returns the result as a dictionary.
    """"""
    strings = []
    for _ in range(n_strings):
        strings.append(''.join(secrets.choice(VALID_CHARACTERS) for _ in
            range(string_length)))
    char_counts = {}
    for string in strings:
        for char in string:
            char_counts[char] = char_counts.get(char, 0) + 1
    return char_counts
",1,,
"import random
from typing import List, Optional


def task_func(numbers: Optional[List[int]]=None) ->float:
    if numbers is None:
        numbers = list(range(1, 11))

    def sum_of_abs_diffs(permutation: List[int]) ->int:
        return sum(abs(a - b) for a, b in zip(permutation, permutation[1:]))
    perms = itertools.permutations(numbers)
    shuffled_perms = (tuple(random.sample(p, len(p))) for p in perms)
    total_sum = 0
    count = 0
    for perm in shuffled_perms:
        total_sum += sum_of_abs_diffs(perm)
        count += 1
    return total_sum / count if count > 0 else 0.0
","import random


def task_func(numbers=None):
    """"""Calculates the average of the sums of absolute differences between each pair of consecutive numbers for all permutations of a given list. Each permutation is shuffled before calculating the differences.""""""
    if numbers is None:
        numbers = list(range(1, 11))
    from itertools import permutations
    total_sum = 0.0
    num_permutations = 0
    for perm in permutations(numbers):
        current_sum = sum(abs(perm[i] - perm[i - 1]) for i in range(1, len(
            perm)))
        total_sum += current_sum
        num_permutations += 1
    if num_permutations == 0:
        return 0.0
    else:
        return total_sum / num_permutations
",1,,
"import struct
import gzip
from io import BytesIO


def task_func(newArray):
    packed_data = struct.pack('d' * newArray.size, *newArray)
    compressed_data = gzip.compress(packed_data)
    return compressed_data
","import numpy as np
from lzma import compress
import pickle


def task_func(newArray):
    try:
        array_bytes = pickle.dumps(newArray)
        compressed_data = compress(array_bytes)
        return compressed_data
    except Exception as e:
        print(f'An error occurred: {e}')
        return None
",1,,
"import json
import numpy as np
import matplotlib.pyplot as plt


def task_func(input_file):
    with open(input_file, 'r') as f:
        data = json.load(f)
    keys = set()
    for d in data:
        keys.update(d.keys())
    result = {}
    for k in keys:
        vals = [d[k] for d in data if k in d]
        arr = np.array(vals)
        result[k] = {'mean': float(np.mean(arr)), 'median': float(np.median
            (arr))}
    plots = []
    for k, stats in result.items():
        fig = plt.figure()
        ax = fig.add_subplot(111)
        ax.bar(['mean', 'median'], [stats['mean'], stats['median']])
        ax.set_title(f'Statistics of {k}')
        plots.append(ax)
    return result, plots
","import json
import numpy as np
from matplotlib import pyplot as plt


def task_func(input_file):
    with open(input_file) as f:
        data = json.load(f)
    if not isinstance(data, list) or not all(isinstance(item, dict) for
        item in data):
        raise AttributeError
    keys = {k for item in data for k in item.keys()}
    key_data = {key: [item[key] for item in data if key in item] for key in
        keys}
    stats = {key: {'mean': np.mean(values), 'median': np.median(values)} for
        key, values in key_data.items()}
    plots = []
    for key in stats:
        fig, ax = plt.subplots(figsize=(8, 6))
        x_labels = ['mean', 'median']
        y_values = [stats[key]['mean'], stats[key]['median']]
        ax.bar(x_labels, y_values)
        ax.set_title(f'Statistics for {key}')
        plots.append(ax)
    return stats, plots
",1,,
"from sklearn.preprocessing import MinMaxScaler
import pandas as pd


def task_func(data, columns):
    scaler = MinMaxScaler()
    scaled_data = {}
    for column in data:
        if column in columns:
            scaled_data[column] = scaler.fit_transform(pd.Series(data[
                column]).values.reshape(-1, 1)).flatten().tolist()
        else:
            scaled_data[column] = data[column]
    return pd.DataFrame(scaled_data)
","import pandas as pd
from sklearn.preprocessing import MinMaxScaler
import logging
from copy import deepcopy


def task_func(data, columns):
    logging.basicConfig(level=logging.INFO)
    try:
        df = pd.DataFrame(data)
        missing_cols = [col for col in columns if col not in df.columns]
        if missing_cols:
            raise ValueError(
                f'Columns {missing_cols} do not exist in the DataFrame')
        df_copy = deepcopy(df)
        scaler = MinMaxScaler()
        normalized_data = scaler.fit_transform(df_copy[columns])
        df_copy[columns] = normalized_data
        return df_copy
    except Exception as e:
        logging.error(f'An error occurred during data normalization: {str(e)}')
        raise
",1,,
"import random
import pandas as pd


def task_func(country_dict):
    countries = list(dict.fromkeys(country_dict.values()))
    gdp_values = [random.randint(1000000000, 100000000000) for _ in countries]
    return pd.DataFrame({'GDP': gdp_values}, index=countries)
","import random
from collections import Counter


def task_func(country_dict):
    countries = list(Counter(country_dict.values()).keys())
    gdp_values = {country: random.randint(1000000000, 100000000000) for
        country in countries}
    return pd.DataFrame.from_dict(gdp_values, orient='index', columns=['GDP'])
",1,,
"import os
import glob
import tarfile
from typing import List, Optional, Union


def task_func(directory: str, backup_dir: Optional[str]=None) ->Union[str, str
    ]:
    """"""
    Backup all '.log' files in a specified directory to a tar.gz file and delete the original files after backup.

    Args:
        directory: The directory containing log files to be backed up.
        backup_dir: The directory where the backup will be saved. Defaults to '/path/to/backup'.

    Returns:
        str: Path to the backup file if logs are found, otherwise returns 'No logs found to backup'.
    """"""
    if not os.path.exists(directory):
        raise FileNotFoundError(f""Directory '{directory}' not found."")
    log_files = glob.glob(os.path.join(directory, '*.log'))
    if not log_files:
        return 'No logs found to backup'
    backup_dir = backup_dir or '/path/to/backup'
    if not os.path.exists(backup_dir):
        os.makedirs(backup_dir)
    backup_file = os.path.join(backup_dir, 'logs_backup.tar.gz')
    with tarfile.open(backup_file, 'w:gz') as tar:
        for file in log_files:
            tar.add(file)
    for file in log_files:
        os.remove(file)
    return backup_file
","import os
from pathlib import Path
import tarfile
from typing import Union, List, Optional


def task_func(directory: str, backup_dir: str='/path/to/backup') ->Union[
    str, str]:

    def get_log_files() ->List[Path]:
        dir_path = Path(directory)
        if not dir_path.exists():
            raise FileNotFoundError(f""Directory '{directory}' not found."")
        return list(dir_path.glob('*.log'))

    def create_backup(logs: List[Path]) ->Optional[str]:
        backup_path = Path(backup_dir) / 'logs_backup.tar.gz'
        try:
            with tarfile.open(str(backup_path), 'w:gz') as tar:
                for file in logs:
                    tar.add(file)
            return str(backup_path)
        except Exception as e:
            raise RuntimeError(f'Failed to create backup: {e}')

    def delete_logs(logs: List[Path]) ->None:
        try:
            for file in logs:
                if file.exists():
                    file.unlink()
        except Exception as e:
            raise RuntimeError(f'Failed to delete log files: {e}')
    log_files = get_log_files()
    if not log_files:
        return 'No logs found to backup'
    backup_file = create_backup(log_files)
    delete_logs(log_files)
    return backup_file
",1,,
"import pandas as pd
from typing import Union
import re


def task_func(df: pd.DataFrame) ->int:
    """"""
    Calculate the total number of brackets in each element of a DataFrame and sum them up.

    Args:
        df: A pandas DataFrame containing elements to process.

    Returns:
        int: The total count of all types of brackets across all elements in the DataFrame.
    """"""
    if not isinstance(df, pd.DataFrame):
        raise TypeError('Input must be a pandas DataFrame.')
    bracket_pattern = re.compile('[\\(\\)\\{\\}\\[\\]]')
    total_brackets = 0
    for series in df.columns:
        for value in df[series]:
            matches = bracket_pattern.findall(str(value))
            total_brackets += len(matches)
    return total_brackets
","import pandas as pd


def task_func(df: pd.DataFrame) ->int:
    if not isinstance(df, pd.DataFrame):
        raise TypeError('df should be a DataFrame.')
    brackets = set(['(', ')', '{', '}', '[', ']'])
    return df.applymap(lambda x: sum(1 for c in str(x) if c in brackets)).sum(
        ).sum()
",1,,
"import os


def task_func(csv_content, filename):
    abs_path = os.path.abspath(filename)
    os.makedirs(os.path.dirname(abs_path), exist_ok=True)
    with open(abs_path, 'wb'):
        pass
    return abs_path
","import csv
from openpyxl import Workbook


def task_func(csv_content, filename):
    wb = Workbook()
    ws = wb.active
    rows = csv_content.split('\n')
    for row in rows:
        if not row.strip():
            continue
        values = row.split(',')
        ws.append(values)
    wb.save(filename)
    return filename
",1,,
"import os
import re
from collections import Counter


def task_func(folder_path: str) ->dict:
    """"""Scan .log files in folder_path and count IP addresses.""""""
    ip_pattern = re.compile('\\b(?:[0-9]{1,3}\\.){3}[0-9]{1,3}\\b')
    files = [f for f in os.listdir(folder_path) if f.endswith('.log')]
    counts = Counter()
    for name in files:
        path = os.path.join(folder_path, name)
        with open(path, 'r', encoding='utf-8') as fh:
            for line in fh:
                counts.update(ip_pattern.findall(line))
    return dict(counts)
","import os
from typing import Dict
import re
from collections import defaultdict


def task_func(folder_path: str) ->Dict[str, int]:
    ip_pattern = re.compile('\\b(?:\\d{1,3}\\.){3}\\d{1,3}\\b')
    file_counter: Dict[str, int] = defaultdict(int)

    def is_log_file(filename: str) ->bool:
        return filename.lower().endswith('.log')
    try:
        for root, dirs, files in os.walk(folder_path):
            for file in files:
                if is_log_file(file):
                    with open(os.path.join(root, file), 'r', errors='ignore'
                        ) as f:
                        content = f.read()
                        matches = ip_pattern.findall(content)
                        for match in matches:
                            file_counter[match] += 1
    except Exception as e:
        raise RuntimeError(f'Error processing directory: {e}') from e
    return dict(file_counter)
",1,,
"import pandas as pd
import random


def task_func(person_names, email_domains, num_records):
    """"""
    Generates a DataFrame with specified number of records containing personal names and cleaned emails.

    Args:
        person_names (list): List of personal names to include in the records.
        email_domains (list): List of email domains to use for creating emails.
        num_records (int): Number of records to generate.

    Returns:
        DataFrame: A pandas DataFrame with columns 'Name' and 'Email'.

    Raises:
        ValueError: If person_names or email_domains are empty, or if num_records exceeds the available names/domains.
    """"""
    if not person_names or not email_domains:
        raise ValueError(
            'person_names and email_domains must be non-empty lists')
    if num_records > len(person_names) * len(email_domains):
        raise ValueError(
            'num_records exceeds the possible combinations of names and domains'
            )
    data = []
    for _ in range(num_records):
        name = random.choice(person_names)
        domain = random.choice(email_domains)
        email = f'{name.split()[0]}[at]{domain}'
        data.append({'Name': name, 'Email': email})
    return pd.DataFrame(data)
","import pandas as pd
import random
from typing import List, Tuple


def task_func(person_names: List[str], email_domains: List[str],
    num_records: int) ->pd.DataFrame:
    if len(person_names) < num_records or not email_domains:
        raise ValueError('Insufficient names or empty domains provided.')

    def generate_email(name_part: str, domain: str) ->str:
        return f'{name_part}[at]{domain}'
    selected_names = random.sample(person_names, num_records)
    name_domain_pairs = [(name.split()[0].lower(), random.choice(
        email_domains)) for name in selected_names]
    emails = [generate_email(name, domain) for name, domain in
        name_domain_pairs]
    return pd.DataFrame({'Name': selected_names, 'Email': emails})
",1,,
"import re


def task_func(sentence):
    words = re.findall('\\b\\w+\\b', sentence)
    freq = {}
    for w in words:
        if w in freq:
            freq[w] += 1
        else:
            freq[w] = 1
    freq2 = {}
    for w in words:
        if w in freq2:
            freq2[w] += 1
        else:
            freq2[w] = 1
    for k, v in freq2.items():
        freq[k] = v
    return freq
","import re


def task_func(sentence):
    """"""Count words in a sentence.""""""
    pattern = re.compile('\\b\\w+\\b')
    words = pattern.findall(sentence)
    unique = set(words)
    return {w: sum(1 for x in words if x == w) for w in unique}
",1,,
"import subprocess
from ipaddress import IPv4Network


def task_func(ip_range):

    def ping(ip):
        try:
            subprocess.check_output(f'ping -c 1 {ip}', shell=True)
            return True
        except subprocess.CalledProcessError:
            return False
    return {str(ip): ping(ip) for ip in IPv4Network(ip_range)}
","import ipaddress
import subprocess
import logging
from ipaddress import IPv4Network
logging.basicConfig(level=logging.INFO)


def task_func(ip_range):
    try:
        network = IPv4Network(ip_range, strict=False)
        results = {}
        for ip in network:
            try:
                command = ['ping', '-c', '1', str(ip)]
                result = subprocess.check_output(command, stderr=subprocess
                    .PIPE)
                if result == b'' or 'bytes=' in result.decode():
                    results[str(ip)] = True
                    logging.info(f'IP {ip} is active.')
                else:
                    results[str(ip)] = False
                    logging.info(f'IP {ip} is inactive.')
            except subprocess.CalledProcessError as e:
                results[str(ip)] = False
                logging.error(f'Error pinging {ip}: {e}')
            except Exception as e:
                results[str(ip)] = False
                logging.exception(
                    f'An unexpected error occurred while pinging {ip}: {e}')
        return results
    except ValueError as e:
        logging.error(f'Invalid IP range: {ip_range}. Error: {e}')
        return {}
    except Exception as e:
        logging.exception(f'An unexpected error occurred: {e}')
        return {}
",1,,
"import random
import math


def task_func(T1, max_value=100):
    total = 0
    for sub in T1:
        for s in sub:
            total += int(s)
    rand_list = tuple(random.randint(0, max_value - 1) for _ in range(total))
    n = len(rand_list)
    sorted_list = sorted(rand_list)
    idx25 = int(math.ceil(0.25 * n)) - 1
    p25 = sorted_list[idx25]
    idx50 = int(math.ceil(0.5 * n)) - 1
    p50 = sorted_list[idx50]
    idx75 = int(math.ceil(0.75 * n)) - 1
    p75 = sorted_list[idx75]
    return p25, p50, p75
","import random


def task_func(T1: tuple[tuple[str]], max_value: int=100) ->tuple[int, int, int
    ]:
    """"""
    Calculate percentiles from a list of integers generated based on T1.

    Args:
        T1: Tuple of tuples containing string representations of integers.
        max_value: Upper bound for random number generation (exclusive).

    Returns:
        A tuple containing the 25th, 50th, and 75th percentiles.
    """"""
    integers = []
    for sublist in T1:
        for num_str in sublist:
            integers.append(int(num_str))
    total = sum(integers)
    if total == 0:
        return 0, 0, 0
    random_list = [random.randint(1, max_value - 1) for _ in range(total)]

    def calculate_percentile(lst: list[int], percentile: float) ->int:
        """"""
        Calculate the given percentile of a list.

        Args:
            lst: List of integers.
            percentile: The percentile to calculate (e.g., 25, 50, 75).

        Returns:
            The value at the specified percentile.
        """"""
        n = len(lst)
        if n == 0:
            return 0
        index = (n - 1) * percentile / 100
        return lst[int(index)]
    p25 = calculate_percentile(random_list, 25)
    p50 = calculate_percentile(random_list, 50)
    p75 = calculate_percentile(random_list, 75)
    return p25, p50, p75
",1,,
"import pandas as pd
import matplotlib.pyplot as plt
import logging
logging.basicConfig(level=logging.INFO, format='%(levelname)s:%(message)s')


def task_func(s1, s2):
    """"""Create a swarm-like plot of two Series and count their intersection.""""""
    if not isinstance(s1, pd.Series) or not isinstance(s2, pd.Series):
        raise TypeError('Both inputs must be pandas Series.')
    if s1.name is None or s2.name is None:
        raise ValueError('Both Series must have a name attribute.')
    intersection = set(s1.dropna()).intersection(set(s2.dropna()))
    intersection_count = len(intersection)
    fig, ax = plt.subplots()
    ax.scatter([1] * len(s1), s1, color='blue', label=s1.name, alpha=0.6)
    ax.scatter([2] * len(s2), s2, color='green', label=s2.name, alpha=0.6)
    if intersection_count:
        for val in intersection:
            ax.axhline(val, color='red', linestyle='--', linewidth=0.8)
    ax.set_title(f'Overlap Between {s1.name} and {s2.name}')
    ax.set_xticks([1, 2])
    ax.set_xticklabels([s1.name, s2.name])
    ax.legend()
    return ax, intersection_count
","import pandas as pd
import matplotlib.pyplot as plt
import numpy as np


def task_func(s1, s2):
    """"""
    Visualizes two Series using a swarm plot with a highlight on their intersecting data points.
    This function creates a swarm plot to visually compare two pandas Series.
    It highlights the intersection points between these two series by drawing red dashed lines at the intersecting data points..
    """"""
    ax = plt.gca()
    s1_array = s1.values
    s2_array = s2.values
    ax.plot(s1_array, s2_array, 'o')
    intersection_count = 0
    for i in range(len(s1_array)):
        if s1_array[i
            ] in s2_array and s1.name == 'Series1' and s2.name == 'Series2':
            if s1_array[i] == s2_array[s2_array.tolist().index(s1_array[i])]:
                intersection_count += 1
                ax.plot([s1_array[i], s1_array[i]], [s1_array[i], s1_array[
                    i]], 'r--', alpha=0.5)
    ax.set_title(f'Overlap Between {s1.name} and {s2.name}')
    return ax, intersection_count
",1,,
"import pandas as pd
from matplotlib import pyplot as plt


def task_func(time_strings, time_format='%d/%m/%Y %H:%M:%S.%f'):
    try:
        df = pd.DataFrame({'time': time_strings})
        df['seconds'] = pd.to_datetime(df['time'], format=time_format
            ).dt.second
        ax = df['seconds'].value_counts().plot(kind='bar', figsize=(10, 6))
        return ax
    except ValueError as e:
        print(f'Error parsing time strings: {e}')
        return None
","import matplotlib.pyplot as plt
from datetime import datetime


def task_func(time_strings, time_format='%d/%m/%Y %H:%M:%S.%f'):
    try:
        times = [datetime.strptime(time_string, time_format) for
            time_string in time_strings]
        plt.hist([time.timestamp() for time in times], bins=10)
        ax = plt.gca()
        ax.set_title('')
        ax.set_xlabel('')
        ax.set_ylabel('')
        return ax
    except ValueError:
        return None
",1,,
"import pandas as pd
from collections import defaultdict
from typing import List, Dict


def task_func(list_of_menuitems: List[List[str]]) ->pd.DataFrame:

    def flatten_and_count(menu_items: List[List[str]]) ->Dict[str, int]:
        counts = defaultdict(int)
        for sublist in menu_items:
            for item in sublist:
                counts[item] += 1
        return dict(counts)
    if not isinstance(list_of_menuitems, List):
        raise TypeError('Input must be a list of lists.')
    for sublist in list_of_menuitems:
        if not isinstance(sublist, List):
            raise TypeError('Each element in the input must be a list.')
        for item in sublist:
            if not isinstance(item, str):
                raise ValueError('All menu items must be strings.')
    counts = flatten_and_count(list_of_menuitems)
    df = pd.DataFrame.from_dict(counts, orient='index', columns=['Count'])
    df.index.name = 'MenuItem'
    return df
","import pandas as pd
import itertools


def task_func(list_of_menuitems):
    flat = list(itertools.chain.from_iterable(list_of_menuitems))
    if not flat:
        df = pd.DataFrame(columns=['Count'])
        df.index.name = 'MenuItem'
        return df
    counts = pd.Series(flat).value_counts()
    df = counts.sort_index().rename_axis('MenuItem').to_frame(name='Count')
    return df
",1,,
"import base64, html, textwrap


def task_func(raw_string, line_length):
    """"""Decode, unescape, collapse spaces, strip, and wrap text.""""""
    steps = lambda s: base64.b64decode(s).decode('utf-8'
        ), html.unescape, lambda s: ' '.join(s.split()), lambda s: '\n'.join(
        textwrap.wrap(s, width=line_length))
    result = raw_string
    for step in steps:
        result = step(result)
    return result
","import base64
import re
import html
import textwrap


def task_func(raw_string, line_length):
    steps = {}
    steps['decoded'] = base64.b64decode(raw_string).decode('utf-8')
    steps['unescaped'] = html.unescape(steps['decoded'])
    steps['cleaned'] = re.sub(' +', ' ', steps['unescaped']).strip()
    steps['wrapped'] = textwrap.fill(steps['cleaned'], line_length)
    return steps['wrapped']
",1,,
"import pandas as pd
import matplotlib.pyplot as plt
import logging
logging.basicConfig(level=logging.INFO, format='%(levelname)s:%(message)s')


def task_func(s1, s2):
    """"""Create a swarm-like plot of two Series and count their intersection.""""""
    if not isinstance(s1, pd.Series) or not isinstance(s2, pd.Series):
        raise TypeError('Both inputs must be pandas Series.')
    if s1.name is None or s2.name is None:
        raise ValueError('Both Series must have a name attribute.')
    intersection = set(s1.dropna()).intersection(set(s2.dropna()))
    intersection_count = len(intersection)
    fig, ax = plt.subplots()
    ax.scatter([1] * len(s1), s1, color='blue', label=s1.name, alpha=0.6)
    ax.scatter([2] * len(s2), s2, color='green', label=s2.name, alpha=0.6)
    if intersection_count:
        for val in intersection:
            ax.axhline(val, color='red', linestyle='--', linewidth=0.8)
    ax.set_title(f'Overlap Between {s1.name} and {s2.name}')
    ax.set_xticks([1, 2])
    ax.set_xticklabels([s1.name, s2.name])
    ax.legend()
    return ax, intersection_count
","import numpy as np
from matplotlib import pyplot as plt
from plotly import express as px


def task_func(s1, s2):
    arr1 = np.array(s1)
    arr2 = np.array(s2)
    fig, ax = plt.subplots(figsize=(10, 6))
    ax.scatter(arr1, np.zeros_like(arr1), label=s1.name, marker='o', color=
        'blue')
    ax.scatter(arr2, np.zeros_like(arr2), label=s2.name, marker='o', color=
        'green')
    intersection = set(s1).intersection(set(s2))
    for point in intersection:
        plt.axvline(x=point, color='red', linestyle='--')
    ax.set_title(f'Overlap Between {s1.name} and {s2.name}')
    ax.legend()
    return ax, len(intersection)
",1,,
"import unittest
import random
from matplotlib.axes import Axes
import matplotlib.pyplot as plt


def task_func(n_rows=1000):
    if not isinstance(n_rows, int) or n_rows <= 0:
        raise ValueError('n_rows must be a positive integer.')
    strings = ['abc', 'def', 'ghi', 'jkl', 'mno', 'pqr', 'stu', 'vwx', 'yz'
        ] * (n_rows // 9)
    remaining = n_rows % 9
    for i in range(remaining):
        strings.append(strings[i % 9])
    counts = {}
    for s in strings:
        counts[s] = counts.get(s, 0) + 1
    sorted_counts = sorted(counts.items(), key=lambda item: item[1],
        reverse=True)
    top_30 = sorted_counts[:30]
    fig, ax = plt.subplots()
    ax.bar(range(len(top_30)), [count for _, count in top_30])
    ax.set_xlabel('String Index')
    ax.set_ylabel('Frequency')
    ax.set_title('Top 30 Most Frequent 3-Letter Strings')
    ax.set_xticks(range(len(top_30)))
    ax.set_xticklabels([s[0] for s, _ in top_30])
    return ax
","import random
import string
import matplotlib.pyplot as plt
from matplotlib.axes import Axes


def task_func(n_rows=1000):
    if n_rows <= 0:
        raise ValueError('n_rows must be positive')
    data = _generate_and_count(n_rows)
    top30 = _get_top30(data)
    ax = _plot_histogram(top30)
    return ax


def _generate_and_count(n):
    counts = {}
    for _ in range(n):
        letters = tuple(random.choice(string.ascii_lowercase) for _ in range(3)
            )
        s = ''.join(letters)
        counts[s] = counts.get(s, 0) + 1
    for _ in range(n):
        letters = tuple(random.choice(string.ascii_lowercase) for _ in range(3)
            )
        s = ''.join(letters)
        counts[s] = counts.get(s, 0) + 1
    return counts


def _get_top30(counts):
    sorted_items = sorted(counts.items(), key=lambda kv: kv[1], reverse=True)
    return sorted_items[:30]


def _plot_histogram(top30):
    labels = [item[0] for item in top30]
    values = [item[1] for item in top30]
    fig, ax = plt.subplots()
    ax.bar(labels, values)
    ax.set_xlabel('3-letter string')
    ax.set_ylabel('Frequency')
    ax.set_title('Top 30 most frequent 3-letter strings')
    return ax
",1,,
"import pandas as pd
import numpy as np
import matplotlib.pyplot as plt


def task_func(*args, **kwargs):
    num_samples = args[0] if len(args) > 0 else 100
    num_features = args[1] if len(args) > 1 else 5
    if 'num_samples' in kwargs:
        num_samples = kwargs['num_samples']
    if 'num_features' in kwargs:
        num_features = kwargs['num_features']
    df = pd.DataFrame(np.random.rand(num_samples, num_features))
    correlation_matrix = df.corr()
    plt.figure(figsize=(8, 6))
    plt.imshow(correlation_matrix, cmap='coolwarm', interpolation='nearest')
    plt.colorbar()
    plt.title('Correlation Heatmap')
    plt.xlabel('Features')
    plt.ylabel('Features')
    return df, plt.gca()
","import pandas as pd
import numpy as np
import matplotlib.pyplot as plt
from scipy.stats import pearsonr


def task_func(num_samples=100, num_features=5):
    df = pd.DataFrame(np.random.rand(num_samples, num_features), columns=[
        f'feature_{i}' for i in range(1, num_features + 1)])
    corr_matrix = df.corr()
    plt.imshow(corr_matrix, cmap='coolwarm', interpolation='nearest')
    plt.title('Correlation Matrix')
    plt.colorbar()
    ax = plt.gca()
    return df, ax


import pandas as pd
import numpy as np
import matplotlib.pyplot as plt
from scipy.stats import pearsonr


def task_func(num_samples=100, num_features=5):
    data = np.random.rand(num_samples, num_features)
    df = pd.DataFrame(data, columns=[f'feature_{i}' for i in range(1, 
        num_features + 1)])
    corr_matrix = df.corr()
    plt.imshow(corr_matrix, cmap='coolwarm', interpolation='nearest')
    plt.title('Correlation Matrix')
    plt.colorbar()
    ax = plt.gca()
    return df, ax


import pandas as pd
import numpy as np
from scipy.stats import pearsonr
import matplotlib.pyplot as plt


def task_func(num_samples=100, num_features=5):
    data = np.random.rand(num_samples, num_features)
    df = pd.DataFrame(data, columns=[f'feature_{i}' for i in range(1, 
        num_features + 1)])
    corr_matrix = df.corr()
    fig, ax = plt.subplots(figsize=(10, 8))
    im = ax.imshow(corr_matrix, cmap='coolwarm', interpolation='nearest')
    plt.title('Correlation Matrix')
    plt.colorbar(im)
    return df, ax


import pandas as pd
import numpy as np
from scipy.stats import pearsonr
import matplotlib.pyplot as plt


def task_func(num_samples=100, num_features=5):
    data = np.random.rand(num_samples, num_features)
    df = pd.DataFrame(data, columns=[f'feature_{i}' for i in range(1, 
        num_features + 1)])
    corr_matrix = df.corr()
    fig, ax = plt.subplots(figsize=(10, 8))
    im = ax.imshow(corr_matrix, cmap='coolwarm', interpolation='nearest')
    plt.title('Correlation Matrix')
    plt.colorbar(im)
    return df, ax
",1,,
"import random
from typing import List, Tuple
import pandas as pd


def task_func(cities_list: List[str]) ->pd.DataFrame:
    """"""
    Generates population data for a list of cities with populations rounded to the nearest thousand.

    Args:
        cities_list: A list containing city names

    Returns:
        DataFrame: A pandas DataFrame with 'City' and 'Population' columns
    """"""

    def generate_population() ->int:
        pop = random.randint(1000000, 20000000)
        return (pop // 1000 + (pop % 1000 != 0)) * 1000
    data: List[Tuple[str, int]] = []
    for city in cities_list:
        if not isinstance(city, str):
            continue
        pop = generate_population()
        data.append((city, pop))
    df = pd.DataFrame(data, columns=['City', 'Population'])
    return df
","import pandas as pd
import numpy as np
import math


def task_func(cities_list):
    rng = np.random.default_rng()
    pop_vals = rng.integers(1000000, 20000001, size=len(cities_list))
    pop_rounded = np.ceil(pop_vals / 1000.0) * 1000
    records = list(zip(cities_list, pop_rounded.astype(int)))
    return pd.DataFrame.from_records(records, columns=['City', 'Population'])
",1,,
"import matplotlib.pyplot as plt
import numpy as np
import random


def task_func(rows, cols):
    if cols > 5:
        raise ValueError('Number of columns cannot exceed 5')
    data = np.random.rand(rows, cols)
    fig, ax = plt.subplots()
    if cols == 1:
        ax.bar(np.arange(rows), data.flatten())
    elif cols == 2:
        ax.bar(np.arange(rows), data[:, 0], label='Category 1')
        ax.bar(np.arange(rows), data[:, 1], label='Category 2')
        ax.legend()
    elif cols == 3:
        ax.bar(np.arange(rows), data[:, 0], label='Category 1')
        ax.bar(np.arange(rows), data[:, 1], label='Category 2')
        ax.bar(np.arange(rows), data[:, 2], label='Category 3')
        ax.legend()
    elif cols == 5:
        ax.bar(np.arange(rows), data[:, 0], label='Category 1')
        ax.bar(np.arange(rows), data[:, 1], label='Category 2')
        ax.bar(np.arange(rows), data[:, 2], label='Category 3')
        ax.bar(np.arange(rows), data[:, 3], label='Category 4')
        ax.bar(np.arange(rows), data[:, 4], label='Category 5')
        ax.legend()
    else:
        for i in range(cols):
            ax.bar(np.arange(rows), data[:, i], label=f'Category {i + 1}')
        ax.legend()
    return ax
","import pandas as pd
import numpy as np
from matplotlib import pyplot as plt


def task_func(rows, cols):
    categories = ['A', 'B', 'C', 'D', 'E']
    if cols > len(categories):
        raise ValueError(
            'Number of columns cannot exceed the number of categories.')
    data = []
    for _ in range(rows):
        row_data = {}
        for cat in categories[:cols]:
            row_data[cat] = np.random.rand()
        data.append(row_data)
    df = pd.DataFrame(data)
    fig, ax = plt.subplots(figsize=(10, 6))
    df.plot(kind='bar', stacked=True, ax=ax)
    return ax
",1,,
"import pytz
from datetime import datetime
MOON_PHASES_YEARS = [2000, 2001, 2002, 2003, 2004, 2005, 2006]


def task_func(date_str, from_tz, to_tz):
    try:
        date = datetime.strptime(date_str, '%Y-%m-%d %H:%M:%S')
    except ValueError:
        date = datetime.strptime(date_str, '%d %b %Y %H:%M:%S')
    from_tz_obj = pytz.timezone(from_tz)
    to_tz_obj = pytz.timezone(to_tz)
    date_in_from_tz = from_tz_obj.localize(date)
    date_in_to_tz = date_in_from_tz.astimezone(to_tz_obj)
    year = date_in_to_tz.year
    month = date_in_to_tz.month
    day = date_in_to_tz.day
    if year in MOON_PHASES_YEARS:
        key = (year - 2000) % 4
        phase_dates = {(0): [(1, 20), (2, 18), (3, 20), (4, 19), (5, 18), (
            6, 17), (7, 16), (8, 15), (9, 14), (10, 13), (11, 12)], (1): [(
            1, 20), (2, 18), (3, 20), (4, 19), (5, 18), (6, 17), (7, 16), (
            8, 15), (9, 14), (10, 13), (11, 12)], (2): [(1, 20), (2, 18), (
            3, 20), (4, 19), (5, 18), (6, 17), (7, 16), (8, 15), (9, 14), (
            10, 13), (11, 12)], (3): [(1, 20), (2, 18), (3, 20), (4, 19), (
            5, 18), (6, 17), (7, 16), (8, 15), (9, 14), (10, 13), (11, 12)]}
        if key in phase_dates:
            if (month, day) in phase_dates[key]:
                return {(0): 0, (1): 0.25, (2): 0.5, (3): 0.75}[key]
    return 0.5
","import datetime
import pytz
import math


def task_func(date_str, from_tz, to_tz):
    formats = ['%Y-%m-%d %H:%M:%S', '%d %b %Y %H:%M:%S', '%d %B %Y %H:%M:%S']
    for fmt in formats:
        try:
            date = datetime.datetime.strptime(date_str, fmt)
            break
        except ValueError:
            continue
    date = pytz.timezone(from_tz).localize(date)
    date = date.astimezone(pytz.timezone(to_tz))
    day_of_month = date.day
    fraction_of_month = (day_of_month - 1) / 30.5
    moon_phase = math.sin(fraction_of_month * math.pi)
    return moon_phase if -1 <= moon_phase <= 1 else 0
",1,,
"import dateutil.parser


def task_func(json_data):
    data = json.loads(json_data)
    utc_datetime = dateutil.parser.parse(data['utc_datetime'])
    return utc_datetime.weekday() >= 5
","import json
from datetime import datetime
WEEKEND_DAYS = {5, 6}


def task_func(json_str):
    data = json.loads(json_str)
    dt_str = data['utc_datetime']
    return datetime.strptime(dt_str, '%Y-%m-%dT%H:%M:%S')


def task_func(json_data):
    try:
        dt_obj = parse_datetime(json_data)
    except Exception:
        try:
            data = json.loads(json_data)
            dt_str = data['utc_datetime']
            dt_obj = datetime.strptime(dt_str, '%Y-%m-%dT%H:%M:%S')
        except Exception as e:
            raise e
    weekday = dt_obj.weekday()
    if weekday in WEEKEND_DAYS:
        return True
    else:
        return False
",1,,
"import pandas as pd
from typing import Union
import re


def task_func(df: pd.DataFrame) ->int:
    """"""
    Calculate the total number of brackets in each element of a DataFrame and sum them up.

    Args:
        df: A pandas DataFrame containing elements to process.

    Returns:
        int: The total count of all types of brackets across all elements in the DataFrame.
    """"""
    if not isinstance(df, pd.DataFrame):
        raise TypeError('Input must be a pandas DataFrame.')
    bracket_pattern = re.compile('[\\(\\)\\{\\}\\[\\]]')
    total_brackets = 0
    for series in df.columns:
        for value in df[series]:
            matches = bracket_pattern.findall(str(value))
            total_brackets += len(matches)
    return total_brackets
","import re
import pandas as pd


def task_func(df: pd.DataFrame) ->int:
    if not isinstance(df, pd.DataFrame):
        raise TypeError('df should be a DataFrame.')
    count = 0
    for col in df.columns:
        for value in df[col]:
            count += len(re.findall('[(){}\\[\\]]', str(value)))
    return count
",1,,
"import numpy as np
import matplotlib.pyplot as plt
import logging
logging.basicConfig(level=logging.INFO)
logger = logging.getLogger(__name__)


class SimpleDataFrame:

    def __init__(self, data, columns):
        self._data = np.array(data, dtype=float)
        self._columns = list(columns)

    @property
    def shape(self):
        return self._data.shape

    @property
    def columns(self):
        return self._columns

    def __getitem__(self, key):
        if key not in self._columns:
            raise KeyError(f'Column {key!r} not found')
        idx = self._columns.index(key)
        return self._data[:, idx]

    def __setitem__(self, key, value):
        if key not in self._columns:
            raise KeyError(f'Column {key!r} not found')
        idx = self._columns.index(key)
        self._data[:, idx] = value


def task_func(data):
    if not isinstance(data, np.ndarray):
        raise TypeError('Input must be a NumPy array')
    if data.ndim != 2 or data.shape[1] != 8:
        raise ValueError('Input array must have shape (n, 8)')
    if not np.issubdtype(data.dtype, np.number):
        raise TypeError('Input array must contain numeric values')
    min_vals = data.min(axis=1, keepdims=True)
    max_vals = data.max(axis=1, keepdims=True)
    denom = max_vals - min_vals
    denom[denom == 0] = 1.0
    normalized = (data - min_vals) / denom
    averages = normalized.mean(axis=1)
    combined = np.column_stack((normalized, averages))
    column_names = [f'Col{i + 1}' for i in range(8)] + ['Average']
    df = SimpleDataFrame(combined, column_names)
    fig, ax = plt.subplots()
    ax.plot(averages)
    return df, ax
","import numpy as np
import pandas as pd
import matplotlib.pyplot as plt
import logging


def task_func(data):
    if not isinstance(data, np.ndarray):
        raise ValueError('Input must be a NumPy array.')
    if data.ndim != 2 or data.shape[1] != 8:
        raise ValueError('Input array must have shape (n_samples, 8).')
    if not np.issubdtype(data.dtype, np.number):
        raise ValueError('Input array must contain numeric values.')
    min_vals = data.min(axis=0)
    max_vals = data.max(axis=0)
    denom = max_vals - min_vals
    denom[denom == 0] = 1
    scaled = (data - min_vals) / denom
    avg = scaled.mean(axis=1)
    df = pd.DataFrame(scaled, columns=[f'Feature_{i + 1}' for i in range(8)])
    df['Average'] = avg
    fig, ax = plt.subplots()
    ax.plot(df.index, df['Average'], marker='o')
    return df, ax
",1,,
"import base64
import secrets
from typing import Union


def task_func() ->str:
    """"""
    Generates a random float, converts it to a hexadecimal string,
    and encodes the result in base64.
    Returns the encoded string.
    """"""
    random_float = secrets.randbits(32)
    hex_str = format(random_float, 'x')
    b64_bytes = base64.b64encode(hex_str.encode('utf-8'))
    return b64_bytes.decode('utf-8')
","import random
import base64


def task_func():
    f = random.random()
    hex_str = f.hex()
    return base64.b64encode(hex_str.encode()).decode()
",1,,
"from collections import Counter


def task_func(elements, subset_size):
    n = len(elements)
    if subset_size > n or subset_size <= 0:
        return Counter()
    result = Counter()

    def backtrack(start, current_sum, depth):
        if depth == subset_size:
            result[current_sum] += 1
            return
        for i in range(start, n):
            backtrack(i + 1, current_sum + elements[i], depth + 1)
    backtrack(0, 0, 0)
    return result
","import logging
from collections import Counter
logging.basicConfig(level=logging.WARNING)
logger = logging.getLogger(__name__)


def task_func(elements, subset_size):
    """"""
    Return a Counter mapping each possible sum of all subsets of the given
    size to the number of times that sum occurs.
    """"""
    if not isinstance(elements, tuple):
        logger.error('elements must be a tuple')
        raise TypeError('elements must be a tuple')
    if not isinstance(subset_size, int):
        logger.error('subset_size must be an integer')
        raise TypeError('subset_size must be an integer')
    if subset_size < 0:
        logger.error('subset_size must be non-negative')
        raise ValueError('subset_size must be non-negative')
    n = len(elements)
    if subset_size > n or n == 0:
        return Counter()
    result = Counter()

    def backtrack(start, depth, current_sum):
        if depth == subset_size:
            result[current_sum] += 1
            return
        for i in range(start, n - (subset_size - depth) + 1):
            backtrack(i + 1, depth + 1, current_sum + elements[i])
    backtrack(0, 0, 0)
    return result
",1,,
"import pandas as pd
import numpy as np
from sklearn.preprocessing import MinMaxScaler
import logging
from collections import defaultdict


def task_func(df):
    if not isinstance(df, pd.DataFrame):
        raise TypeError('Input must be a pandas DataFrame')
    required_columns = ['id', 'age', 'income']
    missing_cols = [col for col in required_columns if col not in df.columns]
    if len(missing_cols) > 0:
        raise ValueError(f'Missing columns: {missing_cols}')
    grouped_data = defaultdict(list)
    for _, row in df.iterrows():
        grouped_data[row['id']].append({'age': row['age'], 'income': row[
            'income']})
    scaled_data = []
    scaler = MinMaxScaler(feature_range=(0, 1))
    for id, group in grouped_data.items():
        ages = [item['age'] for item in group]
        incomes = [item['income'] for item in group]
        age_scaled = scaler.fit_transform(np.array(ages).reshape(-1, 1))
        income_scaled = scaler.fit_transform(np.array(incomes).reshape(-1, 1))
        group_df = df[df['id'] == id].copy()
        group_df['age'] = age_scaled.flatten()
        group_df['income'] = income_scaled.flatten()
        scaled_data.append(group_df)
    scaled_df = pd.concat(scaled_data, ignore_index=True)
    income_values = scaled_df['income'].values
    hist, bins = np.histogram(income_values, bins=10)
    return scaled_df, (hist, bins)
","import pandas as pd
from sklearn.preprocessing import MinMaxScaler
import numpy as np


def task_func(df: pd.DataFrame) ->tuple:
    """"""
    Scale 'Age' and 'Income' columns between 0 and 1 for each group by 'id'.
    Create a histogram of the scaled 'Income' column and return both 
    the scaled DataFrame and the histogram data.
    """"""
    if df.empty:
        raise ValueError('Input DataFrame must not be empty')
    required_columns = ['id', 'age', 'income']
    for col in required_columns:
        if col not in df.columns:
            raise KeyError(f""Column '{col}' is missing from DataFrame"")
    scaled_df = df[['id']].copy()
    scaler = MinMaxScaler(feature_range=(0, 1))
    if 'age' in df.columns:
        scaled_age = scaler.fit_transform(df[['age']])
        scaled_df['age'] = scaled_age
    if 'income' in df.columns:
        scaled_income = scaler.fit_transform(df[['income']])
        scaled_df['income'] = scaled_income
    if not scaled_df['income'].empty:
        hist_values, bin_edges = np.histogram(scaled_df['income'], bins=10,
            range=(0, 1))
        income_hist = hist_values, bin_edges
    else:
        income_hist = [], []
    return scaled_df, income_hist
",1,,
"def task_func(input_str):
    cleaned = ''.join(ch.lower() for ch in input_str if ch.isalnum())
    return {ch: cleaned.count(ch) for ch in set(cleaned)}
","import re


def task_func(input_str):
    cleaned = []
    for char in input_str:
        if re.match('[A-Za-z0-9]', char):
            cleaned.append(char.lower())
    freq_dict = {}
    for char in cleaned:
        freq_dict[char] = freq_dict.get(char, 0) + 1
    return freq_dict
",1,,
"import subprocess
import platform
from typing import List


def task_func(url: str) ->int:
    """"""
    Open a web page in the default web browser in a background process.

    Args:
        url (str): The URL of the webpage to open.

    Returns:
        int: The return code of the subprocess.
    """"""
    if platform.system() == 'Darwin':
        cmd = ['open']
    elif platform.system() == 'Windows':
        cmd = ['start']
    else:
        cmd = ['xdg-open']
    cmd.append(url)
    process = subprocess.Popen(cmd, stdout=subprocess.PIPE, stderr=
        subprocess.PIPE)
    while True:
        return_code = process.poll()
        if return_code is not None:
            break
    return return_code
","import subprocess
import platform


def task_func(url):

    def get_browser_command():
        if platform.system() == 'Darwin':
            return 'open'
        elif platform.system() == 'Windows':
            return 'start'
        else:
            return 'xdg-open'
    command = get_browser_command()
    try:
        process = subprocess.Popen([command, url], shell=True)
        while True:
            if process.poll() is not None:
                break
    except Exception as e:
        raise RuntimeError(f'Failed to open URL: {e}')
    return process.returncode
",1,,
"import random
from typing import List, Dict


def task_func(my_dict: Dict[str, int]) ->List[str]:

    def get_most_common(d: Dict[str, int]) ->List[str]:
        counts = {k: v for k, v in d.items()}
        frequencies = [(k, v) for k, v in counts.items()]
        sorted_frequencies = sorted(frequencies, key=lambda x: (-x[1], x[0]))
        return [item[0] for item in sorted_frequencies[:3]]
    if not isinstance(my_dict, dict):
        raise TypeError('my_dict must be a dictionary')
    most_common = get_most_common(my_dict)
    return most_common
","import random


def task_func(my_dict):
    if not my_dict:
        return []
    items = list(my_dict.items())
    sorted_items = sorted(items, key=lambda x: x[1], reverse=True)
    most_common = [item[0] for item in sorted_items[:3]]
    return most_common
",1,,
"import matplotlib.pyplot as plt
import numpy as np


def task_func(mu, sigma):
    samples = np.random.normal(mu, sigma, 1000)
    fig, ax = plt.subplots()
    sc = ax.scatter(samples, np.zeros_like(samples), c=samples, cmap=
        'viridis', s=10)
    fig.colorbar(sc, ax=ax)
    return ax
","import matplotlib.pyplot as plt
import numpy as np
from scipy.stats import gaussian_kde


def task_func(mu, sigma):
    samples = np.random.normal(mu, sigma, 1000)
    fig, ax = plt.subplots()
    kde = gaussian_kde(samples)
    x_eval = np.linspace(samples.min(), samples.max(), 1000)
    y_eval = kde(x_eval)
    points = ax.scatter(x_eval, y_eval, c=y_eval, cmap='viridis')
    fig.colorbar(points, ax=ax)
    return ax
",1,,
"def task_func(content: str) ->int:
    """"""
    Counts non-stopwords in a sentence excluding the last word.

    Args:
        content (str): The input sentence to process.

    Returns:
        int: Number of non-stopwords found.
    """"""
    stopwords = {'this', 'is', 'an', 'the', 'of'}
    words = [word.strip('.,;!?') for word in content.split() if word]
    filtered = [word.lower() for word in words[:-1] if word.lower() not in
        stopwords]
    return len(filtered)
","import nltk
from nltk.corpus import stopwords


def task_func(content):
    stop_words = set(stopwords.words('english'))
    words = content.split()
    non_stop_count = 0
    for word in words[:-1]:
        if word.lower() not in stop_words:
            non_stop_count += 1
    return non_stop_count
",1,,
"import matplotlib as mpl
import numpy as np


def task_func(matrix):
    """"""
    Visualize a 2D numeric array (matrix) as a heatmap using matplotlib.

    Args:
        matrix (numpy.ndarray): A 2D numeric array.

    Returns:
        matplotlib.axes.Axes: The axes object containing the heatmap.
    """"""
    if not isinstance(matrix, np.ndarray):
        raise ValueError('Input must be a numpy array')
    if len(matrix.shape) != 2:
        raise ValueError('Input matrix must be 2D')
    fig = mpl.figure.Figure()
    ax = fig.add_subplot(111)
    cmap = mpl.cm.get_cmap('hot')
    interpolation = 'nearest'
    im = ax.imshow(matrix, cmap=cmap, interpolation=interpolation)
    return ax
","import matplotlib.pyplot as plt


def task_func(matrix):
    params = {'cmap': 'hot', 'interpolation': 'nearest'}
    ax = plt.gca()
    ax.imshow(matrix, **params)
    return ax
",1,,
"import os
import random


def task_func(directory: str, n_files: int) ->str:
    """"""Create specified number of random text files in given directory with random content.""""""
    os.makedirs(directory, exist_ok=True)
    files = {f'file_{i + 1}.txt': (random.choice(
        'abcdefghijklmnopqrstuvwxyz') * random.randint(5, 20)) for i in
        range(n_files)}
    for name, content in files.items():
        path = os.path.join(directory, name)
        with open(path, 'w') as f:
            f.write(content)
            f.seek(0)
    return directory
","import os, random, string


def task_func(directory, n_files):
    os.makedirs(directory, exist_ok=True)
    files = {f'file_{i}.txt': ''.join(random.choices(string.ascii_letters +
        string.digits, k=50)) for i in range(n_files)}
    for name, content in files.items():
        path = os.path.join(directory, name)
        with open(path, 'w') as f:
            f.write(content)
            f.seek(0)
    return directory
",1,,
"import pandas as pd
import numpy as np
import matplotlib.pyplot as plt


def task_func(df, tuples, n_plots):
    if not isinstance(df, pd.DataFrame):
        raise TypeError(""Input 'df' must be a pandas DataFrame."")
    if not isinstance(tuples, list):
        raise TypeError(""Input 'tuples' must be a list."")
    if not isinstance(n_plots, int) or n_plots <= 0:
        raise ValueError(""Input 'n_plots' must be a positive integer."")
    df = df[~df.apply(tuple, axis=1).isin(tuples)]
    plots = []
    remaining_columns = list(df.columns)
    num_columns = len(remaining_columns)
    pairs_seen = set()
    max_pairs = min(n_plots, num_columns * (num_columns - 1) // 2)
    for i in range(max_pairs):
        col1_idx = i % (num_columns - 1)
        col2_idx = (i + 1) % (num_columns - 1)
        col1 = remaining_columns[col1_idx]
        col2 = remaining_columns[col2_idx]
        if (col1, col2) in pairs_seen or (col2, col1) in pairs_seen:
            continue
        pairs_seen.add((col1, col2))
        fig, ax = plt.subplots()
        ax.scatter(df[col1], df[col2])
        ax.set_xlabel(col1)
        ax.set_ylabel(col2)
        ax.set_title(f'{col1} vs {col2}')
        plots.append(((col1, col2), ax))
        plt.close(fig)
    return df, plots
","import pandas as pd
import numpy as np
import matplotlib.pyplot as plt


def task_func(df, tuples, n_plots):
    remaining_df = df[~df.apply(tuple(df.columns), axis=1).isin(tuples)].copy()
    if remaining_df.empty:
        return remaining_df, []
    column_names = list(remaining_df.columns)
    plots = []
    for i in range(min(n_plots, len(column_names))):
        col1 = column_names[i]
        col2 = column_names[i + 1] if i + 1 < len(column_names
            ) else column_names[0]
        fig, ax = plt.subplots()
        ax.scatter(remaining_df[col1], remaining_df[col2])
        ax.set_xlabel(col1)
        ax.set_ylabel(col2)
        ax.set_title(f'{col1} vs {col2}')
        plots.append(((col1, col2), ax))
    return remaining_df, plots
",1,,
"import secrets
from typing import List, Tuple


def task_func(num_strings: int, string_length: int) ->List[Tuple[str, int]]:
    if num_strings < 0 or string_length < 0:
        raise ValueError('Input values must be non-negative')
    ascii_lowercase = 'abcdefghijklmnopqrstuvwxyz'
    random_strings = [(secrets.choice(ascii_lowercase) * string_length) for
        _ in range(num_strings)]
    characters = ''.join(random_strings)
    character_counter = {}
    for char in characters:
        if char in character_counter:
            character_counter[char] += 1
        else:
            character_counter[char] = 1
    sorted_character_counter = sorted(character_counter.items(), key=lambda
        x: x[1], reverse=True)
    return sorted_character_counter
","import random
import string
from collections import Counter


def task_func(num_strings, string_length):

    def generate_strings(n, length):
        return [''.join(random.choices(string.ascii_lowercase, k=length)) for
            _ in range(n)]

    def concatenate_strings(str_list):
        return ''.join(str_list)

    def count_and_sort_chars(s):
        counter = Counter(s)
        return counter.most_common()
    strings = generate_strings(num_strings, string_length)
    concatenated = concatenate_strings(strings)
    most_common = count_and_sort_chars(concatenated)
    return most_common
",1,,
"import os
import pandas as pd
from typing import Optional


def task_func(filename: str) ->Optional[pd.DataFrame]:
    if not os.path.exists(filename):
        raise FileNotFoundError(f'The file {filename} does not exist.')
    try:
        if os.path.getsize(filename) == 0:
            df = pd.DataFrame()
        else:
            df = pd.read_csv(filename)
        with open(filename, 'w') as f:
            f.truncate(0)
        return df
    except FileNotFoundError:
        raise
    except Exception as e:
        raise RuntimeError(f'Error processing the CSV file: {e}')
","import os
import csv
import pandas as pd
import logging
logging.basicConfig(level=logging.INFO)


def task_func(filename: str) ->pd.DataFrame:
    if not os.path.exists(filename):
        raise FileNotFoundError(f""No such file: '{filename}'"")
    try:
        with open(filename, newline='', encoding='utf-8') as f:
            reader = csv.DictReader(f)
            rows = list(reader)
        df = pd.DataFrame(rows)
        os.truncate(filename, 0)
    except Exception as e:
        logging.error(f'Error reading CSV file {filename}: {e}')
        raise
    return df
",1,,
"import numpy as np


def task_func(data, cols, percentage):
    corr_combinations = []
    num_columns = len(cols)
    column_indices = {col: idx for idx, col in enumerate(cols)}
    data_array = np.array(data)
    for i in range(num_columns):
        for j in range(i + 1, num_columns):
            col1 = cols[i]
            col2 = cols[j]
            corr = np.corrcoef(data_array[:, i], data_array[:, j])[0, 1]
            abs_corr = abs(corr)
            if abs_corr > percentage:
                corr_combinations.append((col1, col2))
    return corr_combinations
","import numpy as np


def task_func(data, cols, percentage):
    """"""
    Computes all pairs of columns with absolute correlation above threshold.

    Args:
        data: List of lists containing numerical data.
        cols: List of column names.
        percentage: Threshold for absolute correlation (0-1).

    Returns:
        List of tuples representing column pairs with high correlation.
    """"""
    arr = np.array(data)
    corr_matrix = np.corrcoef(arr.T)
    from itertools import combinations
    col_pairs = list(combinations(cols, 2))
    result = []
    for pair in col_pairs:
        idx1 = cols.index(pair[0])
        idx2 = cols.index(pair[1])
        if abs(corr_matrix[idx1][idx2]) > percentage:
            result.append(pair)
    return result
",1,,
"from base64 import b64encode
from json import dumps
from zlib import compress


def task_func(data_dict: dict) ->str:
    """"""Return a base64 string of the zlib-compressed JSON representation of data_dict.""""""
    json_bytes = dumps(data_dict, separators=(',', ':')).encode()
    compressed = compress(json_bytes, 9)
    return b64encode(compressed).decode()
","import base64
import json
import zlib


def task_func(data_dict):

    def serialize(data):
        return json.dumps(data)

    def compress(data_str):
        return zlib.compress(data_str.encode())

    def encode(compressed_data):
        return base64.b64encode(compressed_data).decode()
    data_json = serialize(data_dict)
    compressed_json = compress(data_json)
    encoded_result = encode(compressed_json)
    return encoded_result
",1,,
"import collections
import random


def task_func(number_teams=5):
    TEAMS = ['Team 1', 'Team 2', 'Team 3', 'Team 4', 'Team 5']
    POINTS = [(10 * i) for i in range(1, number_teams + 1)]
    shuffled_points = list(POINTS)
    random.shuffle(shuffled_points)
    ranking_dict = {team: points for team, points in zip(TEAMS,
        shuffled_points)}
    sorted_ranking = sorted(ranking_dict.items(), key=lambda x: -x[1])
    ordered_result = collections.OrderedDict()
    for item in sorted_ranking:
        ordered_result[item[0]] = item[1]
    return ordered_result
","import collections
import random


def task_func(number_teams=5):
    """"""Generates a sports ranking based on random points and returns it as an OrderedDict.""""""
    teams = ['Team {}'.format(i) for i in range(1, number_teams + 1)]
    points = [random.randint(0, 100) for _ in range(number_teams)]
    team_points = list(zip(teams, points))
    team_points.sort(key=lambda x: (-x[1], x[0]))
    result = collections.OrderedDict()
    for team, point in team_points:
        result[team] = point
    return result
",1,,
"import pandas as pd
from random import choices, seed


def task_func(products, ratings, weights, random_seed=42):
    seed(random_seed)
    product_ratings = [[product, choices(ratings, weights, k=1)[0]] for
        product in products]
    df = pd.DataFrame(product_ratings, columns=['Product', 'Rating'])
    df.sort_values('Rating', ascending=False, inplace=True)
    return df
","import pandas as pd
from random import Random


def task_func(products, ratings, weights, random_seed=42):
    rnd = Random()
    rnd.seed(random_seed)
    data = {'Product': products, 'Rating': [ratings[i] for i in rnd.choices
        (range(len(weights)), weights=weights, k=len(products))]}
    df = pd.DataFrame(data)
    df.sort_values('Rating', ascending=False, inplace=True)
    return df
",1,,
"import datetime
from pytz import timezone


def task_func(unix_timestamp: int, target_timezone: str) ->str:
    tz = timezone(target_timezone)
    dt = datetime.datetime.fromtimestamp(unix_timestamp, tz=tz)
    return dt.strftime('%Y-%m-%d %H:%M:%S')
","import datetime
import pytz


def task_func(unix_timestamp, target_timezone):
    """"""
    Converts a Unix timestamp to a formatted date and time string in a specified timezone.

    Args:
        unix_timestamp (int): The Unix timestamp.
        target_timezone (str): The target timezone.

    Returns:
        str: A string representing the date and time in the target timezone, formatted as '%Y-%m-%d %H:%M:%S'.
    """"""
    utc_datetime = datetime.datetime.utcfromtimestamp(unix_timestamp)
    timezone = pytz.timezone(target_timezone)
    localized_datetime = utc_datetime.replace(tzinfo=pytz.utc).astimezone(
        timezone)
    formatted_datetime = localized_datetime.strftime('%Y-%m-%d %H:%M:%S')
    return formatted_datetime
",1,,
"import re
from collections import Counter
_stopwords = {'the', 'is', 'a', 'of', 'this', 'over', 'and', 'to', 'in',
    'for', 'on', 'with', 'as', 'by', 'at', 'from', 'into', 'about', 'into',
    'into'}


def task_func(text):
    words = re.findall('\\b\\w+\\b', text.lower())
    filtered = [w for w in words if w not in _stopwords]
    bigrams = zip(filtered, filtered[1:])
    return Counter(bigrams)
","import re
from collections import Counter


def task_func(text):
    text = text.lower()
    words = re.findall('\\b\\w+\\b', text)
    stop_words = set(['the', 'is', 'a', 'of', 'to', 'in', 'it', 'this', 'i',
        'that', 'over'])
    words = [word for word in words if word not in stop_words]
    n = 2
    n_grams = []
    for i in range(len(words) - n + 1):
        n_gram = tuple(words[i:i + n])
        n_grams.append(n_gram)
    return Counter(n_grams)
",1,,
"import os
from http import HTTPStatus


def task_func(request: str) ->str:
    request_parts = request.split()
    if len(request_parts) < 3 or request_parts[0] != 'GET':
        return (
            f'HTTP/1.1 {HTTPStatus.BAD_REQUEST.value} BAD REQUEST\r\n\r\nBad Request'
            )
    filename = request_parts[1].strip('/')
    try:
        with open(filename, 'r', encoding='utf-8') as file:
            content = file.read()
            return (
                f'HTTP/1.1 200 OK\r\nContent-Length: {len(content)}\r\n\r\n{content}'
                )
    except FileNotFoundError:
        return (
            f'HTTP/1.1 {HTTPStatus.NOT_FOUND.value} NOT FOUND\r\n\r\nFile Not Found'
            )
    except Exception:
        return (
            f'HTTP/1.1 {HTTPStatus.INTERNAL_SERVER_ERROR.value} INTERNAL SERVER ERROR\r\n\r\nInternal Server Error'
            )
","import os


def task_func(request):

    def build_response(code, reason, body, length=None):
        hdr = f'HTTP/1.1 {code} {reason}\r\n'
        if length is not None:
            hdr += f'Content-Length: {length}\r\n'
        hdr += '\r\n'
        return hdr + body
    parts = request.split()
    if len(parts) != 3 or parts[0] != 'GET' or not parts[1].startswith('/'
        ) or parts[2] != 'HTTP/1.1':
        return build_response('400', 'BAD REQUEST', 'Bad Request')
    path = parts[1][1:]
    if not path:
        return build_response('400', 'BAD REQUEST', 'Bad Request')
    if not os.path.isfile(path):
        return build_response('404', 'NOT FOUND', 'File Not Found')
    try:
        with open(path, 'rb') as f:
            data = f.read()
        return build_response('200', 'OK', data.decode('utf-8'), len(data))
    except Exception:
        return build_response('500', 'INTERNAL SERVER ERROR',
            'Internal Server Error')
",1,,
"import re
import logging
import pandas as pd
logger = logging.getLogger(__name__)


def task_func(date_str: str):
    if not isinstance(date_str, str):
        raise TypeError('date_str must be a string')
    if not re.fullmatch('\\d{4}-\\d{2}-\\d{2}', date_str):
        raise ValueError('date_str must match format YYYY-MM-DD')
    try:
        given_date = pd.to_datetime(date_str, format='%Y-%m-%d', errors='raise'
            )
    except Exception as exc:
        logger.exception('Failed to parse date string: %s', date_str)
        raise ValueError('Invalid date string') from exc
    next_day = given_date + pd.offsets.BusinessDay(1)
    logger.debug('Parsed date: %s, next business day: %s', given_date, next_day
        )
    return next_day.to_pydatetime()
","from datetime import datetime, timedelta
import dateutil.parser


def task_func(date_str):
    """"""
    Get the next business day after a given date string in 'yyyy-mm-dd' format.
    Business days are Monday to Friday.
    """"""
    date_obj = dateutil.parser.parse(date_str)
    current_day = date_obj + timedelta(days=1)
    while True:
        if current_day.weekday() < 5:
            return datetime.combine(current_day.date(), datetime.min.time())
        current_day += timedelta(days=1)
",1,,
"import urllib.request
import os
import re


def task_func(url):
    urllib.request.urlretrieve(url, 'downloaded_file.txt')
    with open('downloaded_file.txt', 'r') as f:
        data = f.read()
    occurrences = len(re.findall('\\bERROR\\b', data))
    os.remove('downloaded_file.txt')
    return occurrences
","import urllib.request


def task_func(url):

    def count_errors():
        try:
            urllib.request.urlretrieve(url, 'temp_file.txt')
            with open('temp_file.txt', 'r') as file:
                content = file.read()
                return content.count('ERROR')
        except Exception as e:
            return 0
        finally:
            import os
            if os.path.exists('temp_file.txt'):
                os.remove('temp_file.txt')
    return count_errors()
",1,,
"import collections


def task_func(df, letter):
    words = df.get('Word', [])
    filtered = []
    for w in words:
        if w and w[0] == letter:
            filtered.append(w)
    lengths = []
    for w in filtered:
        lengths.append(len(w))
    counts = {}
    for l in lengths:
        if l in counts:
            counts[l] += 1
        else:
            counts[l] = 1
    return counts
","import collections


def task_func(df: dict, letter: str) ->dict:
    """"""
    Filters rows in a dictionary of lists based on specified letter and returns word length counts.

    Args:
        df (dict): Dictionary containing 'Word' as the key mapping to a list of strings.
        letter (str): Letter used for filtering words starting with this character.

    Returns:
        dict: Dictionary where keys are word lengths and values are their respective counts.
    """"""
    try:
        df = collections.defaultdict(list, df)
        filtered_words = [word for word in df['Word'] if word.startswith(
            letter)]
        length_counts = collections.defaultdict(int)
        for word in filtered_words:
            length = len(word)
            length_counts[length] += 1
        return dict(length_counts)
    except KeyError:
        raise ValueError(""The 'Word' key is missing from the dictionary."")
    except TypeError:
        raise TypeError('Invalid input types provided.')
",1,,
"import pandas as pd
import matplotlib.pyplot as plt
import numpy as np


def task_func(df):
    """"""Generate statistics and distribution plots for numeric columns.""""""
    df = df.copy()
    df.fillna(df.mean(), inplace=True)
    stats = df.describe()
    numeric_cols = df.select_dtypes(include='number').columns.tolist()
    if len(numeric_cols) == 0:
        return stats, []
    fig, axes = plt.subplots(nrows=len(numeric_cols), figsize=(6, 4 * len(
        numeric_cols)))
    axes = np.atleast_1d(axes)
    for ax, col in zip(axes, numeric_cols):
        ax.hist(df[col], bins=10)
    axes_list = axes.tolist()
    return stats, axes_list
","import pandas as pd
import matplotlib.pyplot as plt
from scipy import stats


def task_func(df):
    numeric_cols = df.select_dtypes(include=['int64', 'float64']).columns
    description = pd.DataFrame(index=['count', 'mean', 'std', 'min', '25%',
        '50%', '75%', 'max'])
    for col in numeric_cols:
        avg = df[col].mean()
        df[col] = df[col].fillna(avg)
        description.loc['count', col] = len(df[col])
        description.loc['mean', col] = df[col].mean()
        description.loc['std', col] = df[col].std()
        description.loc['min', col] = df[col].min()
        description.loc['25%', col] = df[col].quantile(0.25)
        description.loc['50%', col] = df[col].median()
        description.loc['75%', col] = df[col].quantile(0.75)
        description.loc['max', col] = df[col].max()
    plots = []
    for col in numeric_cols:
        fig, ax = plt.subplots(figsize=(8, 6))
        stats.probplot(df[col], plot=ax)
        plots.append(ax)
    return description, plots
",1,,
"import pandas as pd


def task_func(obj_list, attr):

    def get_attr_values(objs, attr):
        return [getattr(obj, attr) for obj in objs]

    def count_freq(attr_values):
        freq_count = {}
        for value in attr_values:
            if value not in freq_count:
                freq_count[value] = 1
            else:
                freq_count[value] += 1
        return freq_count

    def create_df(freq_count):
        df_data = []
        for key, value in freq_count.items():
            df_data.append({'attribute': key, 'count': value})
        return pd.DataFrame(df_data)
    attr_values = get_attr_values(obj_list, attr)
    if not attr_values:
        return pd.DataFrame()
    freq_count = count_freq(attr_values)
    df = create_df(freq_count)
    return df
","import pandas as pd
from collections import Counter


def task_func(obj_list, attr):
    counter = Counter(obj.__dict__[attr] for obj in obj_list if hasattr(obj,
        attr))
    return pd.DataFrame({'attribute': list(counter.keys()), 'count': list(
        counter.values())})
",1,,
"import re
import logging
logger = logging.getLogger(__name__)


def task_func(url):
    if not isinstance(url, str):
        return None
    match = re.search('[?&]q=([^&]+)', url)
    if not match:
        return None
    hex_str = match.group(1)
    try:
        decoded_bytes = bytes.fromhex(hex_str)
        return decoded_bytes.decode('utf-8')
    except (ValueError, UnicodeDecodeError) as e:
        logger.debug('Failed to decode hex string: %s', e)
        return None
","import re
import logging
logging.basicConfig(level=logging.INFO)
logger = logging.getLogger(__name__)


def task_func(url):
    if not isinstance(url, str):
        logger.warning('URL is not a string')
        return None
    query_part = None
    try:
        query_part = re.search('\\?(.*)', url).group(1)
    except AttributeError:
        logger.warning('No query string found')
        return None
    params = {}
    for pair in query_part.split('&'):
        if '=' in pair:
            key, value = pair.split('=', 1)
            params[key] = value
    q_value = params.get('q')
    if not q_value:
        logger.warning(""'q' parameter missing"")
        return None
    try:
        decoded_bytes = bytes.fromhex(q_value)
        decoded_str = decoded_bytes.decode('utf-8')
        return decoded_str
    except (ValueError, UnicodeDecodeError):
        logger.warning('First decoding attempt failed')
    try:
        decoded_bytes = bytes.fromhex(q_value)
        decoded_str = decoded_bytes.decode('utf-8')
        return decoded_str
    except (ValueError, UnicodeDecodeError):
        logger.warning('Second decoding attempt failed')
    return None
",1,,
"import pandas as pd
import random
import string


def task_func(data_list, seed=0):
    if not data_list:
        return pd.DataFrame(columns=['Original String', 'Modified String'])
    random.seed(seed)
    result = []
    for s in data_list:
        words = [word.strip() for word in s.split(',')]
        modified_words = words.copy()
        idx_to_replace = random.randint(0, len(words) - 1)
        original_word = words[idx_to_replace]
        length = len(original_word)
        replacement = ''.join(random.choice(string.ascii_lowercase) for _ in
            range(length))
        modified_words[idx_to_replace] = replacement
        result.append({'Original String': s, 'Modified String': ', '.join(
            modified_words)})
    return pd.DataFrame(result)
","import pandas as pd
import random


def task_func(data_list, seed):
    rng = random.Random(seed)
    modified = []
    for s in data_list:
        if s == '':
            modified.append('')
            continue
        parts = tuple(p.strip() for p in s.split(','))
        idx = rng.randrange(len(parts))
        new_part = ''.join(rng.choice('abcdefghijklmnopqrstuvwxyz') for _ in
            parts[idx])
        new_parts = list(parts)
        new_parts[idx] = new_part
        modified.append(', '.join(new_parts))
    return pd.DataFrame({'Original String': data_list, 'Modified String':
        modified})
",1,,
"import requests
from PIL import Image
import os
import tempfile


def task_func(url: str) ->Image.Image:
    """"""
    Fetches an image from the given URL and returns it as a PIL Image object.

    Args:
        url (str): The URL of the image to download. Must be a valid HTTP or HTTPS URL pointing directly to an image file.

    Returns:
        Image.Image: A PIL Image object representing the downloaded image.
    """"""
    response = requests.get(url)
    temp_dir = tempfile.mkdtemp()
    temp_path = os.path.join(temp_dir, 'downloaded_image')
    try:
        with open(temp_path, 'wb') as f:
            f.write(response.content)
        img = Image.open(temp_path)
        return img
    finally:
        shutil.rmtree(temp_dir, ignore_errors=True)
","from PIL import Image
import requests
from io import BytesIO


def task_func(url: str):
    try:
        response = requests.get(url)
        status = getattr(response, 'status_code', None)
        if isinstance(status, int) and status != 200:
            raise ValueError('Nonexistent URL')
        img = Image.open(BytesIO(response.content))
        return img
    except ValueError as e:
        raise e
",1,,
"import time
from stat import ST_CTIME
from os.path import exists, getctime


def task_func(file_path):
    if not exists(file_path):
        raise FileNotFoundError(f""File '{file_path}' does not exist"")
    file_stats = os.stat(file_path)
    creation_time = file_stats[ST_CTIME]
    formatted_time = time.strftime('%Y-%m-%d %H:%M:%S', time.localtime(
        creation_time))
    return formatted_time
","import os
from typing import Optional
import time


def task_func(file_path: str) ->Optional[str]:
    try:
        creation_time = os.path.getctime(file_path)
        formatted_time = time.strftime('%Y-%m-%d %H:%M:%S', time.localtime(
            creation_time))
        return formatted_time
    except FileNotFoundError:
        raise
",1,,
"import pandas as pd
import requests


def task_func(csv_url: str, sort_by_column: str='title'):
    """"""
    Fetches data from a given CSV URL and returns a pandas DataFrame sorted based on the specified column.

    Parameters:
        csv_url (str): The URL to fetch the CSV data from.
        sort_by_column (str): The column name based on which the data needs to be sorted. Default is ""title"".

    Returns:
        DataFrame: The pandas DataFrame that has been sorted based on the specified column.
    """"""
    response = requests.get(csv_url)
    if response.status_code != 200:
        raise Exception('Failed to fetch CSV data')
    df = pd.read_csv(StringIO(response.content.decode('utf-8')))
    df_sorted = df.sort_values(by=sort_by_column)
    return df_sorted
","import pandas as pd
import requests


def task_func(csv_url, sort_by_column='title'):
    try:
        response = requests.get(csv_url)
        if response.status_code != 200:
            raise Exception('Failed to fetch CSV data')
        df = pd.read_csv(StringIO(response.text))
        df_sorted = df.sort_values(sort_by_column)
        return df_sorted
    except Exception as e:
        raise Exception(f'Error processing CSV: {str(e)}')


class PandasDataFrameSorter:

    def __init__(self, csv_url, sort_by_column='title'):
        self.csv_url = csv_url
        self.sort_by_column = sort_by_column

    def fetch_data(self):
        try:
            response = requests.get(self.csv_url)
            if response.status_code != 200:
                raise Exception('Failed to fetch CSV data')
            return pd.read_csv(StringIO(response.text))
        except Exception as e:
            raise Exception(f'Error fetching data: {str(e)}')

    def sort_data(self, df):
        try:
            return df.sort_values(self.sort_by_column)
        except KeyError as ke:
            raise Exception(
                f""Column '{self.sort_by_column}' not found in DataFrame"")
        except Exception as e:
            raise Exception(f'Error sorting data: {str(e)}')


def task_func(csv_url, sort_by_column='title'):
    sorter = PandasDataFrameSorter(csv_url, sort_by_column)
    df = sorter.fetch_data()
    return sorter.sort_data(df)


def task_func(csv_url, sort_by_column='title'):
    response = requests.get(csv_url)
    if response.status_code != 200:
        raise Exception('Failed to fetch CSV data')
    csv_content = response.text
    if not csv_content:
        return pd.DataFrame()
    df = pd.read_csv(StringIO(csv_content))
    if sort_by_column not in df.columns:
        raise ValueError(f""Column '{sort_by_column}' not found in DataFrame"")
    try:
        df_sorted = df.sort_values(sort_by_column)
        return df_sorted
    except Exception as e:
        raise Exception(f'Error sorting DataFrame: {str(e)}')


def task_func(csv_url, sort_by_column='title'):
    response = requests.get(csv_url)
    if response.status_code != 200:
        raise Exception('Failed to fetch CSV data')
    csv_content = response.text
    if not csv_content:
        return pd.DataFrame()
    df = pd.read_csv(StringIO(csv_content))
    if sort_by_column not in df.columns:
        raise ValueError(f""Column '{sort_by_column}' not found in DataFrame"")
    try:
        df_sorted = df.sort_values(sort_by_column)
        return df_sorted
    except Exception as e:
        raise Exception(f'Error sorting DataFrame: {str(e)}')


def task_func(csv_url, sort_by_column='title'):
    response = requests.get(csv_url)
    if response.status_code != 200:
        raise Exception('Failed to fetch CSV data')
    csv_content = response.text
    if not csv_content:
        return pd.DataFrame()
    df = pd.read_csv(StringIO(csv_content))
    if sort_by_column not in df.columns:
        raise ValueError(f""Column '{sort_by_column}' not found in DataFrame"")
    try:
        df_sorted = df.sort_values(sort_by_column)
        return df_sorted
    except Exception as e:
        raise Exception(f'Error sorting DataFrame: {str(e)}')
",1,,
"import pandas as pd
import numpy as np
import matplotlib.pyplot as plt


def task_func(df):
    """"""
    Normalize numeric columns in a DataFrame and draw a box plot for each column.
    Missing values are replaced by column's average.

    Args:
        df (pd.DataFrame): The input DataFrame containing numeric data.

    Returns:
        tuple: A tuple containing the normalized DataFrame and the matplotlib Axes object.
    """"""
    df_copy = df.copy()
    numeric_cols = df.select_dtypes(include=[np.number]).columns
    for col in numeric_cols:
        mean_val = df[col].mean()
        df_copy[col] = df_copy[col].fillna(mean_val)
    for col in numeric_cols:
        min_val = df_copy[col].min()
        max_val = df_copy[col].max()
        if max_val == min_val:
            df_copy[col] = 0.0
        else:
            df_copy[col] = (df_copy[col] - min_val) / (max_val - min_val)
    fig, axes = plt.subplots(len(numeric_cols), 1, figsize=(10, len(
        numeric_cols) * 3))
    for i, col in enumerate(numeric_cols):
        df_copy[col].plot.box(ax=axes[i], title=f'Box plot of {col}')
        axes[i].set_ylabel('')
        axes[i].grid(True)
    plt.tight_layout()
    return df_copy, axes[len(numeric_cols) - 1] if len(numeric_cols
        ) > 0 else None
","from sklearn.preprocessing import MinMaxScaler
import matplotlib.pyplot as plt
import pandas as pd


def task_func(df):

    def normalize_data(dataframe):
        dataframe = dataframe.copy()
        numeric_cols = dataframe.select_dtypes(include='number').columns
        avg_values = dataframe[numeric_cols].mean()
        dataframe[numeric_cols] = dataframe[numeric_cols].fillna(avg_values)
        scaler = MinMaxScaler()
        normalized_data = pd.DataFrame(scaler.fit_transform(dataframe[
            numeric_cols]), columns=numeric_cols, index=dataframe.index)
        return normalized_data

    def create_box_plot(dataframe):
        fig = plt.figure(figsize=(10, 5))
        ax = fig.add_subplot(111)
        dataframe.boxplot(grid=False, vert=False, fontsize=15, ax=ax)
        return ax
    normalized_df = normalize_data(df)
    box_plot_ax = create_box_plot(normalized_df)
    return normalized_df, box_plot_ax
",1,,
"import numpy as np
import statistics
from bisect import bisect_right
import matplotlib.pyplot as plt


def task_func(data, value):
    data_array = np.array(data)
    if data_array.size == 0:
        above_average = np.array([])
        count_above_value = 0
    else:
        average = np.mean(data_array)
        above_average = data_array[data_array > average]
        sorted_data = np.sort(data_array)
        index = bisect_right(sorted_data, value)
        count_above_value = len(sorted_data) - index
    plt.hist(sorted_data if data_array.size else data_array, bins=10)
    plt.show()
    return above_average, count_above_value
","import numpy as np
from statistics import mean
import matplotlib.pyplot as plt


def task_func(data, value):
    if not data:
        return np.array([]), 0
    data_array = np.array(data)
    avg = mean(data_array)
    greater_avg_mask = data_array > avg
    greater_avg_values = data_array[greater_avg_mask]
    sorted_data = np.sort(data_array)
    count_greater_value = len(sorted_data[sorted_data > value])
    plt.hist(sorted_data, bins=10)
    plt.show()
    return greater_avg_values, count_greater_value
",1,,
"import logging
import secrets
logger = logging.getLogger(__name__)


def task_func(dict1):
    if not isinstance(dict1, dict):
        raise TypeError('Input must be a dictionary')
    employee_ids = []
    for prefix, count in dict1.items():
        if not isinstance(prefix, str):
            raise TypeError('Department code must be a string')
        if not isinstance(count, int) or count < 0:
            raise ValueError(
                'Number of employees must be a non-negative integer')
        for _ in range(count):
            rand_bytes = secrets.token_bytes(5)
            rand_str = ''.join(chr(b % 26 + 65) for b in rand_bytes)
            rand_str_alt = ''
            for _ in range(5):
                rand_str_alt += chr(secrets.randbelow(26) + 65)
            employee_ids.append(prefix + rand_str)
    return employee_ids
","import random
import string


def task_func(dict1):
    ids = set()
    for dept, count in dict1.items():
        for _ in range(count):
            while True:
                suffix = ''.join(random.choices(string.ascii_letters, k=5))
                emp_id = dept + suffix
                if emp_id not in ids:
                    ids.add(emp_id)
                    break
    return list(ids)
",1,,
"import pandas as pd


def task_func(csv_file_path):
    """"""
    Find the best-selling product from a given CSV file with sales data.

    Args:
        csv_file_path (str): The file path to the CSV file containing sales data.

    Returns:
        str: The name of the top-selling product based on the total quantity sold.
    """"""
    try:
        df = pd.read_csv(csv_file_path)
        if df.empty:
            raise ValueError('CSV file is empty')
        df['quantity'] = pd.to_numeric(df['quantity'], errors='coerce')
        df = df.dropna(subset=['quantity'])
        if df.empty:
            raise ValueError('No valid sales data found in the CSV file')
        top_selling_product = df.groupby('product')['quantity'].sum().idxmax()
        return top_selling_product
    except FileNotFoundError:
        raise FileNotFoundError
    except ValueError as e:
        raise ValueError(f'Error processing CSV file: {e}')
    except Exception as e:
        raise Exception(f'An unexpected error occurred: {e}')
","import os
import logging
import pandas as pd
logging.basicConfig(level=logging.INFO, format='%(levelname)s:%(message)s')
logger = logging.getLogger(__name__)


def task_func(csv_file_path):
    """"""Return the name of the top-selling product based on total quantity sold.""""""
    if not isinstance(csv_file_path, str):
        logger.error('csv_file_path must be a string.')
        raise TypeError('csv_file_path must be a string.')
    if not os.path.isfile(csv_file_path):
        logger.error(f'File not found: {csv_file_path}')
        raise FileNotFoundError(f'File not found: {csv_file_path}')
    try:
        df = pd.read_csv(csv_file_path)
    except Exception as e:
        logger.exception('Failed to read CSV file.')
        raise ValueError(f'Failed to read CSV file: {e}') from e
    required_cols = {'product', 'quantity'}
    if not required_cols.issubset(df.columns):
        missing = required_cols - set(df.columns)
        logger.error(f'Missing required columns: {missing}')
        raise ValueError(f'Missing required columns: {missing}')
    if df.empty:
        logger.warning('CSV file is empty.')
        raise ValueError('CSV file is empty.')
    try:
        df['quantity'] = pd.to_numeric(df['quantity'], errors='raise')
    except Exception as e:
        logger.exception('Quantity column must contain numeric values.')
        raise ValueError('Quantity column must contain numeric values.') from e
    totals = df.groupby('product', as_index=False)['quantity'].sum()
    if totals.empty:
        logger.warning('No sales data after grouping.')
        raise ValueError('No sales data after grouping.')
    top_product = totals.loc[totals['quantity'].idxmax(), 'product']
    return top_product
",1,,
"import sys
import subprocess


def task_func(python_version='3.8', path_to_append='/path/to/whatever'):

    def switch_python_version(version):
        return subprocess.run(['pyenv', 'global', version], check=True)

    def append_path(path):
        sys.path.append(path)
        return sys.path
    return {'python_version': python_version, 'sys_path_update':
        append_path(path_to_append), 'subprocess_result':
        switch_python_version(python_version)}
","import subprocess


def task_func(python_version='3.8', path_to_append='/path/to/whatever'):

    def switch_python_version(version):
        command = ['pyenv', 'global', version]
        try:
            subprocess.run(command, check=True)
        except subprocess.CalledProcessError as e:
            raise RuntimeError(f'Failed to switch Python version: {e}')

    def append_path(path):
        sys.path.append(path)
    switch_python_version(python_version)
    append_path(path_to_append)
    return python_version
",1,,
"import pandas as pd
from pandas.api.types import is_numeric_dtype


def task_func(df: pd.DataFrame, age, weight):
    if df.empty:
        raise Exception('Input DataFrame is empty')
    if 'Age' not in df.columns or 'Weight' not in df.columns:
        raise KeyError('Required columns missing')
    if not is_numeric_dtype(df['Age']) or not is_numeric_dtype(df['Weight']):
        raise Exception('Non-numeric values detected')
    filtered = df[(df['Age'] < age) & (df['Weight'] > weight)]
    if filtered.empty:
        return pd.DataFrame(columns=df.columns)
    standardized = filtered.apply(lambda col: (col - col.mean()) / col.std(
        ddof=0))
    return standardized
","import pandas as pd
from sklearn.preprocessing import StandardScaler


def task_func(df, age, weight):
    if df.empty:
        raise Exception('Input DataFrame is empty')
    try:
        age_col = df['Age']
        weight_col = df['Weight']
    except KeyError:
        raise
    if not (age_col.dtype.kind in 'biufc' and weight_col.dtype.kind in 'biufc'
        ):
        raise Exception('Non-numeric values in Age or Weight')
    filtered = df[(age_col < age) & (weight_col > weight)]
    if filtered.empty:
        return filtered
    scaler = StandardScaler()
    scaled = scaler.fit_transform(filtered)
    return pd.DataFrame(scaled, columns=filtered.columns, index=filtered.index)
",1,,
"import os
import shutil
BACKUP_DIR = '/tmp/backup'


def task_func(directory):

    def get_backup_directories():
        if not os.path.exists(BACKUP_DIR):
            return None
        backups = os.listdir(BACKUP_DIR)
        return backups

    def restore_from_backup(backup_dir):
        try:
            shutil.rmtree(directory)
            shutil.copytree(os.path.join(BACKUP_DIR, backup_dir), directory)
            return directory
        except Exception as e:
            raise Exception(str(e))
    backups = get_backup_directories()
    if not backups:
        if os.path.exists(BACKUP_DIR):
            return 'No backups found in /tmp/backup. Cannot rollback update.'
        else:
            return (
                f'Backup directory {BACKUP_DIR} does not exist. Cannot rollback update.'
                )
    try:
        restore_from_backup(backups[0])
        return directory
    except Exception as e:
        raise e
","import shutil
import os
BACKUP_DIR = '/tmp/backup'


def task_func(directory):
    if not os.path.exists(BACKUP_DIR):
        return (
            'Backup directory /tmp/backup does not exist. Cannot rollback update.'
            )
    if not os.listdir(BACKUP_DIR):
        return 'No backups found in /tmp/backup. Cannot rollback update.'
    shutil.rmtree(directory)
    backup_source = os.path.join(BACKUP_DIR, os.listdir(BACKUP_DIR)[0])
    shutil.copytree(backup_source, directory)
    return directory
",1,,
"from collections import Counter


def task_func(list_of_lists):
    """"""
    Generates a list of Counters where each Counter represents a shopping cart.
    Each cart corresponds to a sublist in list_of_lists, with items randomly 
    selected from POSSIBLE_ITEMS and frequencies matching the sublist length.
    """"""
    baskets = []
    for lst in list_of_lists:
        if not lst:
            baskets.append(Counter())
            continue
        item_counts = {}
        total_items = len(lst)
        for _ in range(total_items):
            item = 'item_{}'.format(_ + 1)
            if item in item_counts:
                item_counts[item] += 1
            else:
                item_counts[item] = 1
        baskets.append(Counter(item_counts))
    return baskets


POSSIBLE_ITEMS = ['apple', 'banana', 'orange']
result = task_func([[1], [1, 2], [1, 2, 3]])
print(result)
","import random
from collections import defaultdict
POSSIBLE_ITEMS = ['apple', 'banana', 'orange', 'milk', 'bread']


def task_func(list_of_lists):

    def create_shopping_cart(length):
        cart = defaultdict(int)
        for _ in range(length):
            item = random.choice(POSSIBLE_ITEMS)
            cart[item] += 1
        return cart
    baskets = []
    for basket_list in list_of_lists:
        if not basket_list:
            baskets.append(create_shopping_cart(0))
            continue
        length = len(basket_list)
        baskets.append(create_shopping_cart(length))
    return baskets
",1,,
"import os
import logging
import pandas as pd
logger = logging.getLogger(__name__)


def task_func(df, file_path):
    if not isinstance(df, pd.DataFrame):
        raise TypeError('df must be a pandas DataFrame')
    if not isinstance(file_path, str):
        raise TypeError('file_path must be a string')
    try:
        df.to_pickle(file_path)
        loaded_df = pd.read_pickle(file_path)
    except Exception as exc:
        logger.exception('Failed to write or read pickle file')
        raise
    finally:
        try:
            if os.path.exists(file_path):
                os.remove(file_path)
        except Exception as exc:
            logger.exception('Failed to delete temporary file')
            raise
    return loaded_df
","import pandas as pd
import pickle
import os


def task_func(df, file_name):

    def save_to_file(data, filename):
        with open(filename, 'wb') as f:
            pickle.dump(data, f)

    def load_from_file(filename):
        with open(filename, 'rb') as f:
            return pickle.load(f)

    def remove_file(filename):
        os.remove(filename)
    data = df
    save_to_file(data, file_name)
    loaded_data = load_from_file(file_name)
    remove_file(file_name)
    return loaded_data
",1,,
"import json
import random
import os


def task_func(LETTERS, n):
    if not isinstance(LETTERS, list):
        raise TypeError('LETTERS must be a list')
    if not isinstance(n, int):
        raise TypeError('n must be an integer')
    if n <= 0:
        raise ValueError('n must be a positive integer')
    filename = f'letter_combinations_{random.randint(0, 100)}.json'
    combinations = []

    def generate_combinations(current_combination, length):
        if length == 0:
            combinations.append(current_combination)
            return
        for letter in LETTERS:
            generate_combinations(current_combination + [letter], length - 1)
    generate_combinations([], n)
    letter_counts = {}
    for combination in combinations:
        for letter in combination:
            letter_counts[letter] = letter_counts.get(letter, 0) + 1
    with open(filename, 'w') as f:
        json.dump(letter_counts, f, indent=4)
    return filename
","import random, json


def task_func(LETTERS, n):
    result_counts = {}

    def rec(start, path):
        if len(path) == n:
            for ch in path:
                result_counts[ch] = result_counts.get(ch, 0) + 1
            return
        for i in range(start, len(LETTERS)):
            rec(i + 1, path + (LETTERS[i],))
    rec(0, ())
    filename = f'letter_combinations_{random.randint(0, 100)}.json'
    with open(filename, 'w') as f:
        json.dump(result_counts, f)
    return filename
",1,,
"import datetime as dt
from calendar import day_name


def task_func(days_in_past: int=7) ->str:
    """"""
    Get the weekday of the date 'days_in_past' days ago from today.

    Args:
        days_in_past (int): Number of days to go back from current date. Defaults to 7.

    Returns:
        str: Name of the weekday for the computed date.

    Raises:
        ValueError: If days_in_past is negative or not an integer.
    """"""
    if not isinstance(days_in_past, int) or days_in_past < 0:
        raise ValueError('days_in_past must be a non-negative integer')
    current_date = dt.datetime.utcnow()
    target_date = current_date - dt.timedelta(days=days_in_past)
    return day_name[target_date.weekday()]
","import time


def task_func(days_in_past=7):
    if not isinstance(days_in_past, int):
        raise Exception('days_in_past must be an integer')
    if days_in_past < 0:
        raise Exception('days_in_past cannot be negative')
    epoch_now = time.time()
    epoch_target = epoch_now - days_in_past * 86400
    target_struct = time.gmtime(epoch_target)
    weekday_name = time.strftime('%A', target_struct)
    return weekday_name
",1,,
"from prettytable import PrettyTable
import operator


def task_func(my_dict):
    sorted_items = dict(sorted(my_dict.items(), key=operator.itemgetter(0)))
    table_data = {'Key': [], 'Value': []}
    for key, value in sorted_items.items():
        table_data['Key'].append(key)
        table_data['Value'].append(value)
    table = PrettyTable(table_data.keys())
    for i in range(len(sorted_items)):
        table.add_row([table_data['Key'][i], table_data['Value'][i]])
    return table
","from prettytable import PrettyTable


def task_func(my_dict):
    table = PrettyTable(['Key', 'Value'])
    rows = [(k, my_dict[k]) for k in sorted(my_dict)]
    table.add_rows(rows)
    return table
",1,,
"import unittest
import numpy as np


class TestCases(unittest.TestCase):

    def test_median_odd_elements(self):
        result = task_func([[1, 2, 3], [4, 5, 6], [7]])
        self.assertEqual(result, 4.0)

    def test_median_even_elements(self):
        result = task_func([[1, 2, 3], [4, 5, 6]])
        self.assertEqual(result, 3.5)

    def test_median_single_element(self):
        result = task_func([[5]])
        self.assertEqual(result, 5.0)

    def test_median_deep_nesting(self):
        result = task_func([1, [2, [3, 4, [5, 6], 7], 8], 9])
        self.assertEqual(result, 5.0)

    def test_median_empty_list(self):
        with self.assertRaises(ValueError):
            task_func([])


def task_func(L):

    def flatten(lst):
        flat_list = []
        for element in lst:
            if isinstance(element, list):
                flat_list.extend(flatten(element))
            elif isinstance(element, (int, float)):
                flat_list.append(element)
        return flat_list
    flattened_list = flatten(L)
    if not flattened_list:
        raise ValueError('List is empty')
    sorted_list = sorted(flattened_list)
    length = len(sorted_list)
    midpoint = length // 2
    if length % 2 == 0:
        return (sorted_list[midpoint - 1] + sorted_list[midpoint]) / 2.0
    else:
        return sorted_list[midpoint]
","import logging


def task_func(L):
    if not isinstance(L, list):
        raise TypeError('Input must be a list')

    def _flatten(lst):
        for item in lst:
            if isinstance(item, list):
                yield from _flatten(item)
            else:
                if not isinstance(item, (int, float)):
                    raise TypeError('All elements must be numeric')
                yield item
    flat_list = list(_flatten(L))
    if not flat_list:
        raise ValueError('List is empty')
    flat_list.sort()
    n = len(flat_list)
    mid = n // 2
    if n % 2 == 1:
        median = float(flat_list[mid])
    else:
        median = (flat_list[mid - 1] + flat_list[mid]) / 2.0
    logging.getLogger(__name__).debug('Computed median: %s', median)
    return median
",1,,
"import pandas as pd
import matplotlib.pyplot as plt


def task_func(column, data):
    if column not in ['Product', 'Quantity Sold', 'Total Sales']:
        raise KeyError(f'Invalid column: {column}')
    df = pd.DataFrame(data, columns=['Product Name', 'Quantity Sold',
        'Total Sales'])
    if len(df) == 0:
        raise Exception('Empty data')
    for index, row in df.iterrows():
        if row['Quantity Sold'] < 0 or row['Total Sales'] < 0:
            raise Exception('Negative values found')
    stats = {'sum': df[column].sum(), 'mean': df[column].mean(), 'min': df[
        column].min(), 'max': df[column].max()}
    plt.bar(df['Product Name'], df[column])
    plt.title(f'Bar Chart of {column}')
    return stats, plt.gca()
","import seaborn as sns
from collections import defaultdict
import numpy as np


def task_func(column: str, data: list) ->tuple[dict, any]:
    """"""
    Analyzes sales data and generates statistics and a bar chart.

    Args:
        column (str): The column to analyze (""Total Sales"" or ""Quantity Sold"")
        data (list): List of product data with [Product Name, Quantity, Total Sales]

    Returns:
        tuple: Contains a dictionary of statistics and the bar chart axis

    Raises:
        KeyError: If specified column is not present in data
        ValueError: If data contains negative values
    """"""
    if not data:
        raise ValueError('Data cannot be empty')
    values = []
    try:
        for item in data:
            if column == 'Total Sales':
                values.append(item[2])
            elif column == 'Quantity Sold':
                values.append(item[1])
            else:
                raise KeyError(f'Invalid column: {column}')
    except IndexError:
        raise ValueError('Data format is incorrect')
    if any(v < 0 for v in values):
        raise ValueError('Values must be non-negative')
    stats = {'sum': np.sum(values), 'mean': np.mean(values), 'min': np.min(
        values), 'max': np.max(values)}
    fig, ax = plt.subplots()
    sns.barplot(x=[item[0] for item in data], y=values, palette='viridis',
        ax=ax)
    ax.set_title(f'Bar Chart of {column}')
    ax.set_xlabel('Product')
    ax.set_ylabel(column)
    return stats, ax
",1,,
"import random
from collections import Counter


def task_func(list_of_lists):
    alphabet = 'abcdefghijklmnopqrstuvwxyz'
    flattened_list = [item for sublist in list_of_lists for item in sublist]
    for i, sublist in enumerate(list_of_lists):
        if not sublist:
            flattened_list += random.choices(alphabet, k=10)
    return Counter(flattened_list)
","import random
from collections import Counter
import string


def task_func(list_of_lists, seed=0):
    random.seed(seed)
    all_chars = []
    for sublist in list_of_lists:
        if not sublist:
            random_letters = [random.choice(string.ascii_lowercase) for _ in
                range(10)]
            all_chars.extend(random_letters)
        else:
            all_chars.extend(sublist)
    return Counter(all_chars)
",1,,
"import pandas as pd


def task_func(obj_list, attr):

    def get_attr_values(objs, attr):
        return [getattr(obj, attr) for obj in objs]

    def count_freq(attr_values):
        freq_count = {}
        for value in attr_values:
            if value not in freq_count:
                freq_count[value] = 1
            else:
                freq_count[value] += 1
        return freq_count

    def create_df(freq_count):
        df_data = []
        for key, value in freq_count.items():
            df_data.append({'attribute': key, 'count': value})
        return pd.DataFrame(df_data)
    attr_values = get_attr_values(obj_list, attr)
    if not attr_values:
        return pd.DataFrame()
    freq_count = count_freq(attr_values)
    df = create_df(freq_count)
    return df
","import collections
import pandas as pd


def task_func(obj_list, attr):
    values = []
    i = 0
    while i < len(obj_list):
        obj = obj_list[i]
        try:
            val = getattr(obj, attr)
        except AttributeError:
            val = None
        values.append(val)
        i += 1
    counter = collections.Counter(values)
    if len(counter) == 0:
        return pd.DataFrame()
    data = []
    for key, cnt in counter.items():
        data.append({'attribute': key, 'count': cnt})
    df = pd.DataFrame(data)
    df = df
    return df
",1,,
"import pandas as pd


def task_func(list_of_tuples):
    df = pd.DataFrame(list_of_tuples, columns=['numeric_value', 'category'])
    total_sum = df['numeric_value'].sum()
    category_counts = df['category'].value_counts().to_dict()
    return total_sum, category_counts
","def task_func(list_of_tuples):
    sum_values = 0
    count_values = {}
    for value, category in list_of_tuples:
        sum_values += value
        if category in count_values:
            count_values[category] += 1
        else:
            count_values[category] = 1
    return sum_values, count_values
",1,,
"import itertools
POSSIBLE_NUMBERS = tuple(range(1, 11))


def task_func(list_of_lists):
    return [sum(map(lambda x: x * x, itertools.islice(POSSIBLE_NUMBERS, len
        (sublist)))) for sublist in list_of_lists]
","import math
POSSIBLE_NUMBERS = list(range(1, 11))


def task_func(list_of_lists):
    results = []
    for sublist in list_of_lists:
        sum_of_squares = 0
        for i in range(min(len(sublist), len(POSSIBLE_NUMBERS))):
            sum_of_squares += POSSIBLE_NUMBERS[i] ** 2
        results.append(sum_of_squares)
    return results
",1,,
"import numpy as np
import matplotlib.pyplot as plt


def task_func(L):
    X = np.array(L)
    if len(X.shape) == 1:
        X = X.reshape(-1, 1)
    X_mean = np.mean(X, axis=0)
    X_std = np.std(X, axis=0)
    X_standardized = (X - X_mean) / X_std
    cov_matrix = np.cov(X_standardized, rowvar=False)
    eigen_values, eigen_vectors = np.linalg.eigh(cov_matrix)
    sorted_idx = np.argsort(eigen_values)[::-1]
    eigen_values = eigen_values[sorted_idx]
    eigen_vectors = eigen_vectors[:, sorted_idx]
    pca_result = X_standardized.dot(eigen_vectors[:, :2])
    fig, ax = plt.subplots()
    scatter = ax.scatter(pca_result[:, 0], pca_result[:, 1])
    ax.set_xlabel('Principal Component 1')
    ax.set_ylabel('Principal Component 2')
    return pca_result, ax
","import numpy as np
from matplotlib import pyplot as plt
from sklearn.decomposition import PCA
from sklearn.preprocessing import StandardScaler


def task_func(L):
    """"""
    Convert list of lists to 2D array, apply PCA, and return result with scatter plot.

    Args:
        L (list of lists): Input data

    Returns:
        tuple: Contains numpy array of PCA results and matplotlib Axes object
    """"""
    X = np.array(L)
    scaler = StandardScaler()
    X_std = scaler.fit_transform(X)
    pca = PCA(n_components=2)
    principal_components = pca.fit_transform(X_std)
    plt.figure(figsize=(8, 6))
    scatter = plt.scatter(principal_components[:, 0], principal_components[
        :, 1])
    return principal_components, plt.gca()
",1,,
"import random
import logging
logging.basicConfig(level=logging.INFO)
logger = logging.getLogger(__name__)


class SeriesLike:

    def __init__(self, data):
        self._data = data

    def __len__(self):
        return len(self._data)

    def __iter__(self):
        return iter(self._data)

    @property
    def empty(self):
        return len(self._data) == 0


def task_func(l):
    if l is None:
        raise ValueError('Input list cannot be None')
    if not isinstance(l, list):
        raise TypeError('Input must be a list')
    if not l:
        logger.info('Empty input list received')
        return SeriesLike([])
    shuffled = l[:]
    random.shuffle(shuffled)
    result = []
    n_groups = 5
    for element in shuffled:
        for _ in range(n_groups):
            if len(element) > n_groups:
                shifted = element[n_groups:] + element[:n_groups]
            else:
                shifted = element
            result.append(shifted)
    return SeriesLike(result)
","from random import shuffle, randint
import pandas as pd


def task_func(l):
    if not l:
        return pd.Series()
    temp = l.copy()
    shuffle(temp)

    def modify_element(s):
        if len(s) <= 1:
            return s
        start = randint(0, len(s) - 1)
        end = (start + randint(1, max(1, len(s) - 1))) % len(s)
        return s[start:] + s[:end]
    result = []
    for _ in range(N_GROUPS):
        for element in temp:
            result.append(modify_element(element))
    return pd.Series(result)
",1,,
"import pandas as pd
import numpy as np
import logging
logger = logging.getLogger(__name__)


def task_func(students, subjects, **kwargs):
    if not isinstance(students, (list, tuple)):
        raise TypeError('students must be a list or tuple')
    if not isinstance(subjects, (list, tuple)):
        raise TypeError('subjects must be a list or tuple')
    for s in students:
        if not isinstance(s, str):
            raise TypeError('each student name must be a string')
    for subj in subjects:
        if not isinstance(subj, str):
            raise TypeError('each subject name must be a string')
    seed = kwargs.get('seed')
    if seed is not None and not isinstance(seed, (int, np.integer)):
        raise TypeError('seed must be an integer or None')
    rng = np.random.default_rng(seed)
    data = []
    for student in students:
        grades = rng.integers(0, 101, size=len(subjects))
        avg = grades.mean()
        row = [student] + grades.tolist() + [avg]
        data.append(row)
    columns = ['Student'] + list(subjects) + ['Average Grade']
    df = pd.DataFrame(data, columns=columns)
    return df
","import pandas as pd
import numpy as np


def task_func(students, subjects, seed=None):
    """"""
    Generates a grade report for students across various subjects with average grades.

    Args:
        students: List of student names
        subjects: List of subject names
        seed: Optional seed for random number generator

    Returns:
        DataFrame containing each student's grades and their average grade
    """"""
    np.random.seed(seed)
    all_grades = []
    for student in students:
        student_data = {'Student': student}
        grades = np.random.randint(50, 100, len(subjects))
        for i in range(len(subjects)):
            student_data[subjects[i]] = grades[i]
        student_data['Average Grade'] = np.mean(grades)
        all_grades.append(student_data)
    report = pd.DataFrame(all_grades)
    return report
",1,,
"import math
import pandas as pd


def task_func(data, target, k):
    if not isinstance(k, int) or k < 0:
        raise ValueError('k must be a non-negative integer')
    distances = []
    for index, row in data.iterrows():
        lat1, lon1 = row['Latitude'], row['Longitude']
        lat2, lon2 = target[0], target[1]
        distance = math.sqrt((lat1 - lat2) ** 2 + (lon1 - lon2) ** 2)
        distances.append((distance, index))
    distances.sort()
    nearest_neighbors = []
    for i in range(min(k, len(distances))):
        nearest_neighbors.append([data.iloc[distances[i][1]]['Latitude'],
            data.iloc[distances[i][1]]['Longitude']])
    return nearest_neighbors
","import math
from pandas import DataFrame


def task_func(data: DataFrame, target: list, k: int) ->list:
    """"""
    Calculate the 'k' nearest neighbors based on geographic coordinates.

    Args:
        data: DataFrame containing geographical coordinates with columns ['Latitude', 'Longitude']
        target: Target data point as [Latitude, Longitude]
        k: Number of nearest neighbors to return (non-negative integer)

    Returns:
        List of the 'k' nearest neighbors sorted by ascending distance from the target.

    Raises:
        ValueError: If k is negative or not an integer
    """"""
    if not isinstance(k, int) or k < 0:
        raise ValueError('k must be a non-negative integer')
    coordinates = data[['Latitude', 'Longitude']].values

    def haversine(lat1, lon1, lat2, lon2):
        R = 6371
        phi1 = math.radians(lat1)
        phi2 = math.radians(lat2)
        delta_phi = math.radians(lat2 - lat1)
        delta_lambda = math.radians(lon2 - lon1)
        a = math.sin(delta_phi / 2) ** 2 + math.cos(phi1) * math.cos(phi2
            ) * math.sin(delta_lambda / 2) ** 2
        c = 2 * math.atan2(math.sqrt(a), math.sqrt(1 - a))
        distance = R * c
        return distance
    distances = []
    for point in coordinates:
        lat, lon = point[0], point[1]
        dist = haversine(target[0], target[1], lat, lon)
        distances.append((dist, [lat, lon]))
    sorted_neighbors = sorted(distances, key=lambda x: x[0])
    result = [item[1] for item in sorted_neighbors[:k]]
    return result
",1,,
"import pandas as pd
import string


def task_func(word):
    alphabet = string.ascii_lowercase
    positions = [(alphabet.index(char) + 1) for char in word]
    df = pd.DataFrame({'Letter': list(word), 'Position': positions})
    return df
","import pandas as pd


def task_func(word: str) ->pd.DataFrame:

    def get_position(char: str) ->int:
        return ord(char) - ord('a') + 1

    def validate_input(w: str) ->None:
        if w and not w.isalpha():
            raise ValueError('Input word must be alphabetic characters only.')
        if w and not w.islower():
            raise ValueError('Input word must be in lowercase letters.')

    def process_word(w: str):
        letters = list(w)
        positions = [get_position(c) for c in letters]
        return letters, positions
    validate_input(word)
    letters, positions = process_word(word)
    return pd.DataFrame({'Letter': letters, 'Position': positions})
",1,,
"import base64
import hashlib
import os


def task_func(password, salt_length=8):
    salt = os.urandom(salt_length)
    hashed_password = hashlib.sha256((password + str(salt)).encode()).digest()
    return base64.b64encode(hashed_password + salt).decode()
","import hashlib
import random
import base64


def task_func(password: str, **kwargs):
    salt_len = kwargs.get('salt_length', 8)
    salt_bytes = bytes([random.getrandbits(8) for _ in range(salt_len)])
    hash_obj = hashlib.sha256()
    hash_obj.update(password.encode('utf-8'))
    hash_obj.update(salt_bytes)
    digest = hash_obj.digest()
    temp = {'salt': salt_bytes, 'hash': digest}
    combined = temp['salt'] + temp['hash']
    encoded = base64.b64encode(combined)
    hash_obj2 = hashlib.sha256()
    hash_obj2.update(password.encode('utf-8'))
    hash_obj2.update(salt_bytes)
    digest2 = hash_obj2.digest()
    encoded_dup = base64.b64encode(combined)
    return encoded.decode('utf-8')
",1,,
"import numpy as np
from scipy import stats


def task_func(list_of_lists):
    """"""
    Merges a list of lists into a single list and calculates the mode and its count.

    Args:
        list_of_lists (list): The list of lists to be merged.

    Returns:
        tuple: The mode and count of the mode in the merged array.
               mode_value (np.array): The value that appears most frequently in the merged array.
               mode_count (int): The frequency count of the mode_value within the merged array.
    """"""
    merged_list = []
    for sublist in list_of_lists:
        merged_list.extend(sublist)
    if not merged_list:
        return np.array([]), 0
    mode_value, mode_count = stats.mode(np.array(merged_list))
    return mode_value, mode_count
","def task_func(list_of_lists):
    merged_list = [item for sublist in list_of_lists for item in sublist]
    counts = {}
    for item in merged_list:
        counts[item] = counts.get(item, 0) + 1
    mode_value = None
    mode_count = 0
    for item, count in counts.items():
        if count > mode_count:
            mode_value = item
            mode_count = count
    return mode_value, mode_count
",1,,
"def task_func(num, list_length, min_value, max_value):
    random_list = []
    for _ in range(list_length):
        random_list.append(random.randint(min_value, max_value))
    random_list.sort()
    new_list = random_list[:]
    new_list.append(num)
    new_list.sort()
    return random_list, new_list
","import random


def task_func(num, list_length, min_value, max_value):
    orig_tuple = tuple(random.randint(min_value, max_value) for _ in range(
        list_length))
    orig_list = list(orig_tuple)
    sorted_list = []
    inserted = False
    for x in orig_list:
        if not inserted and num < x:
            sorted_list.append(num)
            inserted = True
        sorted_list.append(x)
    if not inserted:
        sorted_list.append(num)
    temp = []
    for y in sorted_list:
        temp.append(y)
    return orig_list, sorted_list
",1,,
"import mechanize
from urllib.parse import urljoin
from html.parser import HTMLParser
import logging


class LinkExtractor(HTMLParser):

    def __init__(self, base_url):
        super().__init__()
        self.base_url = base_url
        self.links = []

    def handle_starttag(self, tag, attrs):
        if tag == 'a':
            for key, value in attrs:
                if key == 'href':
                    absolute_url = urljoin(self.base_url, value)
                    self.links.append(absolute_url)
                    break


def task_func(url):
    try:
        br = mechanize.Browser()
        response = br.open(url)
        parser = LinkExtractor(url)
        parser.feed(response.read())
        return parser.links
    except mechanize.URLError as e:
        logging.error(f'URL Error: {e}')
        raise
    except Exception as e:
        logging.error(f'Unexpected error: {e}')
        raise
","import mechanize
from bs4 import BeautifulSoup
from urllib.parse import urljoin


def task_func(url):
    browser = mechanize.Browser()
    try:
        response = browser.open(url)
        html_content = response.read()
        soup = BeautifulSoup(html_content, 'html.parser')
        links = []
        for link in soup.find_all('a', href=True):
            full_url = urljoin(url, link['href'])
            links.append(full_url)
        return links
    except mechanize.URLError as e:
        raise e
",1,,
"import json, os


def task_func(filename, data):
    try:
        json_str = json.dumps(data, ensure_ascii=False)
        with open(filename, 'w', encoding='utf-8') as f:
            f.write(json_str)
        if not os.path.isfile(filename):
            return False, {}
        with open(filename, 'r', encoding='utf-8') as f:
            content = json.load(f)
        return True, content
    except Exception:
        return False, {}
","import json
import os
import logging


def task_func(filename, data):
    """"""Write dictionary to JSON file and verify content.""""""
    logging.basicConfig(level=logging.INFO)
    try:
        with open(filename, 'w') as f:
            json.dump(data, f, indent=4)
            logging.info(f'Data written to {filename}')
        if not os.path.exists(filename):
            logging.error('File does not exist after writing')
            return False, None
        with open(filename, 'r') as f:
            read_data = json.load(f)
            logging.info('Successfully read data from file')
        if read_data != data:
            logging.error('Data mismatch between original and stored JSON')
            return False, None
        return True, read_data
    except json.JSONDecodeError as e:
        logging.error(f'JSON decoding error: {str(e)}')
        return False, None
    except Exception as e:
        logging.error(f'Unexpected error: {str(e)}')
        return False, None
",1,,
"import pandas as pd
import numpy as np
import matplotlib.pyplot as plt


def task_func(a, b):
    """"""
    Calculate Pearson correlation coefficient and generate scatter plot with regression line.

    Args:
        a (list): List of numbers representing one variable.
        b (list): List of numbers representing the other variable.

    Returns:
        tuple: Contains two elements:
            float: The Pearson correlation coefficient.
            matplotlib.axes.Axes: The Axes object of the plotted scatter plot with a regression line.
    """"""
    mean_a = np.mean(a)
    mean_b = np.mean(b)
    numerator = sum((x - mean_a) * (y - mean_b) for x, y in zip(a, b))
    denominator = np.sqrt(sum((x - mean_a) ** 2 for x in a)) * np.sqrt(sum(
        (y - mean_b) ** 2 for y in b))
    if denominator == 0:
        correlation = float('nan')
    else:
        correlation = numerator / denominator
    df = pd.DataFrame({'x': a, 'y': b})
    fig, ax = plt.subplots()
    df.plot.scatter(x='x', y='y', ax=ax)
    slope = numerator / denominator
    intercept = mean_b - slope * mean_a
    x_vals = np.array(a)
    y_vals = slope * x_vals + intercept
    ax.plot(x_vals, y_vals, color='red')
    return correlation, ax
","import matplotlib.pyplot as plt
import pandas as pd
from scipy.stats import pearsonr
import numpy as np


def task_func(a, b):
    """"""
    Calculate the Pearson correlation coefficient of two lists,
    generate a Pandas DataFrame from these lists, and then draw a scatter plot with a regression line.

    Args:
        a (list): A list of numbers.
        b (list): Another list of numbers.

    Returns:
        tuple: Contains two elements:
            float: The Pearson correlation coefficient.
            matplotlib.axes.Axes: The Axes object of the plotted scatter plot with a regression line.
    """"""
    corr_coef, _ = pearsonr(a, b)
    df = pd.DataFrame({'A': a, 'B': b})
    fig, ax = plt.subplots()
    ax.scatter(df['A'], df['B'])
    z = np.polyfit(df['A'], df['B'], 1)
    p = np.poly1d(z)
    ax.plot(np.unique(df['A']), p(np.unique(df['A'])), color='red')
    return corr_coef, ax
",1,,
"from collections import Counter


def task_func(list_of_lists):
    """"""
    Generates a list of Counters where each Counter represents a shopping cart.
    Each cart corresponds to a sublist in list_of_lists, with items randomly 
    selected from POSSIBLE_ITEMS and frequencies matching the sublist length.
    """"""
    baskets = []
    for lst in list_of_lists:
        if not lst:
            baskets.append(Counter())
            continue
        item_counts = {}
        total_items = len(lst)
        for _ in range(total_items):
            item = 'item_{}'.format(_ + 1)
            if item in item_counts:
                item_counts[item] += 1
            else:
                item_counts[item] = 1
        baskets.append(Counter(item_counts))
    return baskets


POSSIBLE_ITEMS = ['apple', 'banana', 'orange']
result = task_func([[1], [1, 2], [1, 2, 3]])
print(result)
","import random
from collections import Counter
POSSIBLE_ITEMS = ['apple', 'banana', 'cherry', 'date', 'elderberry']


def task_func(list_of_lists):
    return [Counter(random.choices(POSSIBLE_ITEMS, k=len(sublist))) for
        sublist in list_of_lists]
",1,,
"import json
import uuid
import logging
from django.http import HttpResponse
logger = logging.getLogger(__name__)


def task_func(data):
    try:
        json.loads(data)
    except json.JSONDecodeError as exc:
        logger.warning('Invalid JSON input: %s', exc)
        return HttpResponse(json.dumps({'error': 'Invalid JSON'}), status=
            400, content_type='application/json')
    response = HttpResponse(data, content_type='application/json')
    response['UUID'] = str(uuid.uuid4())
    return response
","import json
from django.http import HttpResponse
import uuid
import logging


def task_func(data):
    try:
        data = json.loads(data)
    except ValueError as e:
        logging.error(f'Invalid JSON: {e}')
        return HttpResponse('Invalid JSON', status=400)
    response = HttpResponse(json.dumps(data), content_type='application/json')
    request_uuid = uuid.uuid4()
    response['UUID'] = str(request_uuid)
    return response
",1,,
"import re
import random
import string


def task_func(n, pattern):
    if n == 0:
        return ''
    m = re.search('\\[([^\\]]+)\\]', pattern)
    if m:
        char_class = m.group(1)
        allowed = ''
        i = 0
        while i < len(char_class):
            if i + 2 < len(char_class) and char_class[i + 1] == '-':
                start = char_class[i]
                end = char_class[i + 2]
                allowed += ''.join(chr(c) for c in range(ord(start), ord(
                    end) + 1))
                i += 3
            else:
                allowed += char_class[i]
                i += 1
    else:
        allowed = string.ascii_letters
    result = ''.join(random.choice(allowed) for _ in range(n))
    if re.match(pattern, result):
        return result
    for _ in range(10):
        result = ''.join(random.choice(allowed) for _ in range(n))
        if re.match(pattern, result):
            return result
    return ''
","import re
import string
from random import choices


def task_func(n, pattern):
    """"""Generates a random string of length n that matches the given regex pattern.""""""
    while True:
        s = ''.join(choices(string.ascii_letters, k=n))
        if re.fullmatch(pattern, s):
            return s
",1,,
"import pandas as pd


def task_func(dataframe):
    if not isinstance(dataframe, pd.DataFrame):
        raise TypeError
    if 'UnicodeString' not in dataframe.columns:
        raise KeyError
    if dataframe.empty:
        return dataframe.copy()
    if not dataframe['UnicodeString'].apply(lambda x: isinstance(x, str)).all(
        ):
        raise Exception
    decoded = dataframe['UnicodeString'].apply(lambda s: s.encode('utf-8').
        decode('unicode_escape'))
    result = dataframe.copy()
    result['UnicodeString'] = decoded
    return result


def task_func_alt_dict(dataframe):
    if not isinstance(dataframe, pd.DataFrame):
        raise TypeError
    if 'UnicodeString' not in dataframe.columns:
        raise KeyError
    if dataframe.empty:
        return dataframe.copy()
    records = dataframe.to_dict(orient='records')
    for rec in records:
        val = rec.get('UnicodeString')
        if not isinstance(val, str):
            raise Exception
        rec['UnicodeString'] = val.encode('utf-8').decode('unicode_escape')
    return pd.DataFrame(records, columns=dataframe.columns)


def _decode_unicode(s):
    return s.encode('utf-8').decode('unicode_escape')


def task_func_bad_smell(dataframe):
    if not isinstance(dataframe, pd.DataFrame):
        raise TypeError
    if 'UnicodeString' not in dataframe.columns:
        raise KeyError
    if dataframe.empty:
        return dataframe.copy()
    if not dataframe['UnicodeString'].apply(lambda x: isinstance(x, str)).all(
        ):
        raise Exception
    decoded_list = []
    for idx, val in dataframe['UnicodeString'].iteritems():
        if not isinstance(val, str):
            raise Exception
        decoded_val = val.encode('utf-8').decode('unicode_escape')
        decoded_list.append(decoded_val)
    dataframe['UnicodeString'] = decoded_list
    return dataframe
","import pandas as pd
import unicodedata


def task_func(dataframe):
    if not isinstance(dataframe, pd.DataFrame):
        raise TypeError('Input must be a DataFrame')
    if 'UnicodeString' not in dataframe.columns:
        raise KeyError(""DataFrame does not contain the column 'UnicodeString'"")

    def decode_unicode_string(s):
        try:
            return unicodedata.normalize('NFC', s)
        except Exception as e:
            raise ValueError(f'Failed to decode Unicode string: {e}')
    decoded_strings = []
    for s in dataframe['UnicodeString']:
        if isinstance(s, str):
            decoded_strings.append(decode_unicode_string(s))
        else:
            raise TypeError(""All elements in 'UnicodeString' must be strings"")
    new_df = dataframe.copy()
    new_df['UnicodeString'] = decoded_strings
    return new_df
",1,,
"import csv
import random


def task_func(file_path: str, num_rows: int, gender: list[str]=None,
    countries: list[str]=None, seed: int=None) ->str:
    """"""
    Generates a CSV file with random data for the fields ['Name', 'Age', 'Gender', 'Country'].

    Args:
        file_path (str): The path where the CSV file will be saved.
        num_rows (int): The number of rows to generate.
        gender (list of str, optional): List of genders to sample from. Defaults to ['Male', 'Female', 'Non-Binary'].
        countries (list of str, optional): List of countries to sample from. Defaults to ['USA', 'UK', 'Canada', 'Australia', 'India'].
        seed (int, optional): Seed for random number generation. Defaults to None.

    Returns:
        str: The file path of the generated CSV file.
    """"""
    if num_rows <= 0:
        with open(file_path, 'w', newline='') as csv_file:
            writer = csv.DictWriter(csv_file, fieldnames=['Name', 'Age',
                'Gender', 'Country'])
            writer.writeheader()
        return file_path
    FIELDS = ['Name', 'Age', 'Gender', 'Country']
    if seed is not None:
        random.seed(seed)
    with open(file_path, 'w', newline='') as csv_file:
        writer = csv.DictWriter(csv_file, fieldnames=FIELDS)
        writer.writeheader()
        for _ in range(num_rows):
            name = ''.join(random.choices('ABCDEFGHIJKLMNOPQRSTUVWXYZ', k=5))
            age = random.randint(20, 60)
            selected_gender = random.choice(gender if gender else ['Male',
                'Female', 'Non-Binary'])
            selected_country = random.choice(countries if countries else [
                'USA', 'UK', 'Canada', 'Australia', 'India'])
            writer.writerow({'Name': name, 'Age': age, 'Gender':
                selected_gender, 'Country': selected_country})
    return file_path
","import csv
import random


def task_func(file_path, num_rows, gender=['Male', 'Female', 'Non-Binary'],
    countries=['USA', 'UK', 'Canada', 'Australia', 'India'], seed=None):
    FIELDS = ['Name', 'Age', 'Gender', 'Country']
    if seed is not None:
        random.seed(seed)
    data = []
    for _ in range(num_rows):
        name = ''.join(random.choices('ABCDEFGHIJKLMNOPQRSTUVWXYZ', k=5))
        age = random.randint(20, 60)
        selected_gender = random.choice(gender)
        selected_country = random.choice(countries)
        data.append({'Name': name, 'Age': age, 'Gender': selected_gender,
            'Country': selected_country})
    with open(file_path, 'w', newline='') as csv_file:
        writer = csv.DictWriter(csv_file, fieldnames=FIELDS)
        writer.writeheader()
        writer.writerows(data)
    return file_path
",1,,
"import pandas as pd
import random
from typing import Dict, Any
CATEGORIES = ['A', 'B', 'C', 'D', 'E']


def task_func(value_range: (tuple[int, int] | None)=None) ->pd.DataFrame:
    """"""
    Generates a DataFrame showing the distribution of categories with counts within a specified range.

    Args:
        value_range: A tuple specifying the minimum and maximum values for the count. If not provided,
                     defaults to (0, 100).

    Returns:
        A DataFrame with columns 'Category' and 'Count'.
    """"""
    if value_range is None:
        value_range = 0, 100
    if not isinstance(value_range, tuple) or len(value_range) != 2:
        raise ValueError('value_range must be a tuple of two integers')
    if not all(isinstance(v, int) for v in value_range):
        raise TypeError('Both elements of value_range must be integers')
    category_counts: Dict[str, int] = {}
    for category in CATEGORIES:
        category_counts[category] = random.randint(value_range[0],
            value_range[1])
    df = pd.DataFrame({'Category': list(category_counts.keys()), 'Count':
        list(category_counts.values())})
    return df
","import pandas as pd
import random
CATEGORIES = ['A', 'B', 'C', 'D', 'E']


def task_func(value_range=(0, 100)):
    counts = {}
    for category in CATEGORIES:
        counts[category] = random.randint(value_range[0], value_range[1])
    df = pd.DataFrame(list(counts.items()), columns=['Category', 'Count'])
    return df
",1,,
"import re
import logging
logger = logging.getLogger(__name__)


def task_func(url):
    if not isinstance(url, str):
        return None
    match = re.search('[?&]q=([^&]+)', url)
    if not match:
        return None
    hex_str = match.group(1)
    try:
        decoded_bytes = bytes.fromhex(hex_str)
        return decoded_bytes.decode('utf-8')
    except (ValueError, UnicodeDecodeError) as e:
        logger.debug('Failed to decode hex string: %s', e)
        return None
","import re
import logging
from urllib.parse import urlparse
import binascii
logger = logging.getLogger(__name__)


def task_func(url):
    try:
        parsed_url = urlparse(url)
        query = parsed_url.query
        if not query:
            return None
        match = re.search('q=([a-f0-9]+)', query)
        if not match:
            return None
        hex_string = match.group(1)
        try:
            decoded_string = binascii.unhexlify(hex_string).decode('utf-8')
            return decoded_string
        except (binascii.Error, UnicodeDecodeError):
            return None
    except Exception as e:
        logger.exception('An unexpected error occurred: %s', e)
        return None
",1,,
"import os
import sys
from pathlib import Path


def task_func(path_to_append):
    if not isinstance(path_to_append, str):
        raise TypeError('path_to_append must be a string')
    path = os.path.abspath(os.path.expanduser(path_to_append))
    if not os.path.exists(path):
        os.makedirs(path)
    sys.path.append(path)
    return path
","import sys
from pathlib import Path


class DirectoryManager:

    def __init__(self, path):
        self.path = path

    def create_directory(self):
        return Path(self.path).mkdir(parents=True, exist_ok=True)

    def add_to_sys_path(self):
        sys.path.append(self.path)
        return self.path in sys.path


def task_func(path_to_append):
    directory_manager = DirectoryManager(path_to_append)
    directory_manager.create_directory()
    result = directory_manager.add_to_sys_path()
    return path_to_append
",1,,
"import os


def task_func(csv_content, filename):
    abs_path = os.path.abspath(filename)
    os.makedirs(os.path.dirname(abs_path), exist_ok=True)
    with open(abs_path, 'wb'):
        pass
    return abs_path
","import csv
import os
from xlwt import Workbook


def task_func(csv_content: str, filename: str) ->str:
    """"""Convert CSV content to Excel file and return absolute path.""""""
    wb = Workbook()
    ws = wb.add_sheet('Sheet1')
    csv_data = csv.reader(csv_content.splitlines())
    for row_idx, row in enumerate(csv_data):
        for col_idx, value in enumerate(row):
            ws.write(row_idx, col_idx, value)
    wb.save(filename)
    return os.path.abspath(filename)
",1,,
"import random
import matplotlib.pyplot as plt
from pandas import DataFrame
import numpy as np
RANGE = 100
SIZE = 1000


def task_func():
    x_values = [random.randint(0, RANGE - 1) for _ in range(SIZE)]
    y_values = [random.randint(0, RANGE - 1) for _ in range(SIZE)]
    df = DataFrame({'X': x_values, 'Y': y_values})
    plt.scatter(df['X'], df['Y'])
    plt.xlabel('X')
    plt.ylabel('Y')
    plt.title('Scatter Plot of X vs Y')
    plt.show()
    return df
","import numpy as np
import pandas as pd
import seaborn as sns
import matplotlib.pyplot as plt
RANGE = 100
SIZE = 1000


def task_func():
    x = np.random.randint(0, RANGE, SIZE)
    y = np.random.randint(0, RANGE, SIZE)
    df = pd.DataFrame({'X': x, 'Y': y})
    sns.scatterplot(data=df, x='X', y='Y')
    plt.show()
    return df
",1,,
"import base64, html, textwrap


def task_func(raw_string, line_length):
    """"""Decode, unescape, collapse spaces, strip, and wrap text.""""""
    steps = lambda s: base64.b64decode(s).decode('utf-8'
        ), html.unescape, lambda s: ' '.join(s.split()), lambda s: '\n'.join(
        textwrap.wrap(s, width=line_length))
    result = raw_string
    for step in steps:
        result = step(result)
    return result
","import base64
from html import unescape
import re
import textwrap


def task_func(raw_string: str, line_length: int) ->str:
    """"""
    Decode a raw string from base64, decouple HTML entities, replace multiple spaces with a single space,
    strip leading and subsequent spaces, and wrap text to a certain line length.

    Args:
        raw_string (str): The base64 encoded string.
        line_length (int): The maximum length of a line.

    Returns:
        str: The cleaned and formatted string.
    """"""
    decoded_bytes = base64.b64decode(raw_string)
    decoded_string = decoded_bytes.decode('utf-8')
    unescaped_string = unescape(decoded_string)
    cleaned_string = re.sub('\\s+', ' ', unescaped_string)
    cleaned_string = cleaned_string.strip()
    wrapped_text = textwrap.fill(cleaned_string, line_length)
    return wrapped_text
",1,,
"import re
from collections import Counter


def task_func(word):
    sanitized_word = re.sub('[^A-Za-z]', '', word)
    letter_pairs = [''.join(pair) for pair in zip(sanitized_word,
        sanitized_word[1:])]
    occurrences = Counter(letter_pairs)
    return occurrences
","import collections


def task_func(word: str):
    sanitized = ''.join(ch for ch in word if ch.isalpha())
    occ = collections.defaultdict(int)
    i = 0
    n = len(sanitized)
    while i < n - 1:
        pair = sanitized[i:i + 2]
        occ[pair] += 1
        i += 1
    return occ
",1,,
"import time
from stat import ST_CTIME
from os.path import exists, getctime


def task_func(file_path):
    if not exists(file_path):
        raise FileNotFoundError(f""File '{file_path}' does not exist"")
    file_stats = os.stat(file_path)
    creation_time = file_stats[ST_CTIME]
    formatted_time = time.strftime('%Y-%m-%d %H:%M:%S', time.localtime(
        creation_time))
    return formatted_time
","from datetime import datetime
import os
import pathlib


def task_func(file_path):
    creation_time = os.path.getctime(pathlib.Path(file_path))
    dt_object = datetime.fromtimestamp(creation_time)
    return dt_object.strftime('%Y-%m-%d %H:%M:%S')
",1,,
"import json


def task_func(data_list, json_file_name):
    positions = {}
    for item in data_list:
        pos_index = 0
        while pos_index < len(item) - 1:
            if pos_index + 1 not in positions:
                positions[pos_index + 1] = []
            positions[pos_index + 1].append(item[pos_index + 1])
            pos_index += 1
    mean_values = {}
    for pos, values in positions.items():
        mean = sum(values) / len(values)
        mean_values[f'Position {pos}'] = mean
    with open(json_file_name, 'w') as f:
        json.dump(mean_values, f)
    return mean_values
","import json


def task_func(data_list, json_file_name):
    numeric_parts = [tuple(item[1:]) for item in data_list]
    if not numeric_parts:
        result = {}
    else:
        sums = [0] * len(numeric_parts[0])
        for part in numeric_parts:
            for i, val in enumerate(part):
                sums[i] += val
        result = {}
        for i, total in enumerate(sums):
            result[f'Position {i + 1}'] = total / len(numeric_parts)
    with open(json_file_name, 'w') as f:
        json.dump(result, f)
    return result
",1,,
"import pandas as pd
import numpy as np
import random
from itertools import product
PLANETS = ['Mercury', 'Venus', 'Earth', 'Mars', 'Jupiter', 'Saturn',
    'Uranus', 'Neptune']
ELEMENTS = ['Hydrogen', 'Helium', 'Oxygen', 'Carbon', 'Nitrogen',
    'Magnesium', 'Silicon', 'Iron', 'Nickel']


def task_func():
    pairs = [f'{planet}:{element}' for planet, element in product(PLANETS,
        ELEMENTS)]
    random.shuffle(pairs)
    data = np.array(pairs).reshape(len(PLANETS), len(ELEMENTS))
    df = pd.DataFrame(data, columns=ELEMENTS)
    return df
","import pandas as pd
from typing import List, Tuple
PLANETS = ['Mercury', 'Venus', 'Earth', 'Mars']
ELEMENTS = ['Hydrogen', 'Helium', 'Oxygen']


def task_func() ->pd.DataFrame:
    planet_element_pairs: List[Tuple[str, str]] = list(itertools.product(
        PLANETS, ELEMENTS))
    df = pd.DataFrame({e: [f'{p}:{e}' for p in PLANETS] for e in ELEMENTS})
    return df
",1,,
"import pandas as pd
import numpy as np
from datetime import datetime, timezone
import logging


def task_func(n_data_points=1000, min_value=0.0, max_value=10.0,
    column_name='Value'):
    if not isinstance(n_data_points, int) or n_data_points < 1:
        raise ValueError('n_data_points must be a positive integer')
    if not (isinstance(min_value, (int, float)) and isinstance(max_value, (
        int, float))):
        raise TypeError('min_value and max_value must be numeric types')
    if min_value > max_value:
        raise ValueError('min_value cannot be greater than max_value')
    rng = np.random.default_rng()
    raw_values = rng.uniform(min_value, max_value, n_data_points)
    truncated_values = np.round(raw_values, 3)
    data_dict = {column_name: truncated_values}
    df = pd.DataFrame(data_dict)
    timestamp = datetime.now(timezone.utc).isoformat()
    df.attrs['generation_time'] = timestamp
    return df
","import numpy as np
from pandas import DataFrame
import decimal
import pandas as pd


def task_func(n_data_points=1000, min_value=0.0, max_value=10.0,
    column_name='Value'):
    decimal.getcontext().rounding = decimal.ROUND_DOWN
    data = []
    for _ in range(n_data_points):
        value = np.random.uniform(min_value, max_value)
        truncated_value = decimal.Decimal(value).quantize(decimal.Decimal(
            '0.000'), rounding=decimal.ROUND_DOWN)
        data.append(float(truncated_value))
    df = DataFrame({column_name: data})
    return df
",1,,
"from typing import Dict, Any
import math


def task_func(nested_dict: Dict[str, Dict[str, float]]) ->Dict[str, float]:

    def aggregate_values(dicts_to_aggregate):
        aggregated = {}
        for d in dicts_to_aggregate:
            for key, value in d.items():
                if key == 'ele':
                    continue
                if key in aggregated:
                    aggregated[key] += value
                else:
                    aggregated[key] = value
        return aggregated

    def compute_sine(values_dict):
        return {k: math.sin(v) for k, v in values_dict.items()}
    try:
        dicts_to_aggregate = nested_dict.values()
        aggregated = aggregate_values(dicts_to_aggregate)
        result = compute_sine(aggregated)
        return result
    except AttributeError:
        raise ValueError('Invalid input: not a dictionary')
    except Exception as e:
        raise RuntimeError(f'An error occurred during processing: {e}')
","import math


def task_func(nested_dict):
    aggregated = {}
    for key, sub_dict in nested_dict.items():
        for inner_key, value in sub_dict.items():
            if inner_key == 'ele':
                continue
            if inner_key in aggregated:
                aggregated[inner_key] += value
            else:
                aggregated[inner_key] = value
    result = {}
    for k, v in aggregated.items():
        result[k] = math.sin(v)
    return result
",1,,
"import pandas as pd
from scipy.stats import norm
import matplotlib.pyplot as plt
import logging


def task_func(mu, sigma, num_samples=None, seed=None):
    if num_samples is None:
        num_samples = 1000
    if seed is None:
        seed = 77
    if not isinstance(mu, (int, float)):
        raise TypeError('mu must be a number')
    if not isinstance(sigma, (int, float)) or sigma <= 0:
        raise ValueError('sigma must be a positive number')
    if num_samples < 1:
        raise ValueError('num_samples must be a positive integer')
    pd.set_option('display.max_rows', None)
    pd.set_option('display.max_columns', None)
    logging.basicConfig(level=logging.INFO)
    samples = norm.rvs(loc=mu, scale=sigma, size=num_samples, random_state=seed
        )
    fig, axs = plt.subplots(1, 2, figsize=(12, 6))
    axs[0].hist(samples, bins=30, density=True, alpha=0.6, color='g')
    axs[0].set_title('Histogram of Normal Distribution')
    axs[1].plot(norm.ppf(pd.Series(samples).sort_values().index / len(
        samples), loc=mu, scale=sigma), samples)
    axs[1].set_title('Q-Q Plot of Normal Distribution')
    return fig
","import numpy as np
import matplotlib.pyplot as plt
from scipy.stats import norm


def task_func(mu, sigma, num_samples=1000, seed=77):
    np.random.seed(seed)
    data = norm.rvs(loc=mu, scale=sigma, size=num_samples)
    fig = plt.figure(figsize=(12, 6))
    ax1 = fig.add_subplot(1, 2, 1)
    ax1.hist(data, bins=30, color='g')
    ax1.set_title('Histogram of Normal Distribution')
    ax2 = fig.add_subplot(1, 2, 2)
    norm_dist = norm(loc=mu, scale=sigma)
    x = np.linspace(mu - 4 * sigma, mu + 4 * sigma)
    plt.plot(x, norm_dist.pdf(x), 'r-', lw=2, label='Theoretical PDF')
    plt.hist(data, bins=30, color='g', alpha=0.5)
    plt.title('Q-Q Plot of Normal Distribution')
    plt.legend()
    return fig
",1,,
"import csv
from collections import defaultdict
import math
from statistics import mean, stdev
import logging
from io import StringIO
import matplotlib.pyplot as plt


def task_func(L):
    """"""
    Convert a list of lists into a single list of integers, standardize the integers,
    and plot the standardized values.

    Args:
        L (list of lists): A list of lists where each sublist contains integers.

    Returns:
        matplotlib.axes._axes.Axes: A plot displaying the standardized values.
    """"""
    try:
        flattened = [num for sublist in L for num in sublist]
        if len(flattened) == 0:
            raise ValueError('Empty input')
        mean_val = mean(flattened)
        std_dev = stdev(flattened)
        standardized = [((x - mean_val) / std_dev) for x in flattened]
        fig, ax = plt.subplots()
        ax.plot(standardized)
        plt.close(fig)
        return ax
    except Exception as e:
        logging.error(f'Error processing input: {e}')
        raise
","import numpy as np
import matplotlib.pyplot as plt


def task_func(L):
    """"""Flatten, standardize, and plot a list of integer lists.""""""
    flat = [x for sub in L for x in sub]
    arr = np.array(flat, dtype=float)
    mean = arr.mean()
    std = arr.std(ddof=0)
    standardized = (arr - mean) / std if std != 0 else arr - mean
    fig, ax = plt.subplots()
    ax.plot(standardized)
    plt.close(fig)
    return ax
",1,,
"import os


def task_func(csv_content, filename):
    abs_path = os.path.abspath(filename)
    os.makedirs(os.path.dirname(abs_path), exist_ok=True)
    with open(abs_path, 'wb'):
        pass
    return abs_path
","import csv
from tempfile import TemporaryFile
import os
import xlwt


def task_func(csv_content, filename):
    """"""
    Converts CSV content into an Excel file and saves it with the given filename.

    Args:
        csv_content (str): The CSV content as a string, where rows are separated by newlines and columns by commas.
        filename (str): The name of the Excel file to be created, including the .xls extension.

    Returns:
        str: The absolute path of the created Excel file.
    """"""
    wb = xlwt.Workbook()
    ws = wb.add_sheet('Sheet1')
    rows = csv_content.split('\n')
    for i, row in enumerate(rows):
        if not row.strip():
            continue
        cells = row.split(',')
        for j, cell in enumerate(cells):
            ws.write(i, j, cell)
    wb.save(filename)
    return os.path.abspath(filename)
",1,,
"import blake3
import hashlib
import json


def task_func(req_data):
    return blake3.blake3(json.dumps(req_data).encode('utf-8')).hexdigest(
        ), hashlib.md5(blake3.blake3(json.dumps(req_data).encode('utf-8')).
        hexdigest().encode('utf-8')).hexdigest()
","import json, hashlib, blake3


def task_func(req_data):

    def _to_json(d):
        return json.dumps(d)

    def _blake3_hex(s):
        return blake3.blake3(s.encode('utf-8')).hexdigest()

    def _md5_hex(h):
        return hashlib.md5(h.encode('utf-8')).hexdigest()
    json_str = _to_json(req_data)
    b_hex = _blake3_hex(json_str)
    m_hex = _md5_hex(b_hex)
    res = {'b': b_hex, 'm': m_hex}
    return res['b'], res['m']
",1,,
"import pathlib
import re


def task_func(dir_path: str) ->dict:
    """"""Search for the word 'error' in all .txt files under dir_path.

    Returns a dictionary mapping relative file paths to the count of
    occurrences of the word 'error', case‑insensitively.
    """"""
    base = pathlib.Path(dir_path)
    if not base.is_dir():
        raise ValueError('Specified directory does not exist.')

    def _read_file(path: pathlib.Path) ->str:
        with path.open('r', encoding='utf-8', errors='ignore') as f:
            return f.read()

    def _count_error(text: str) ->int:
        return len(re.findall('\\berror\\b', text, re.IGNORECASE))
    result = {p.relative_to(base).as_posix(): _count_error(_read_file(p)) for
        p in base.rglob('*.txt')}
    return result
","import os
import re


def task_func(dir_path):
    if not os.path.isdir(dir_path):
        raise ValueError
    pattern = re.compile('\\berror\\b', re.IGNORECASE)

    def _scan(path):
        for entry in os.scandir(path):
            if entry.is_dir():
                yield from _scan(entry.path)
            elif entry.is_file() and entry.name.lower().endswith('.txt'):
                yield entry.path
    files = list(_scan(dir_path))
    return {os.path.normpath(os.path.relpath(f, dir_path)): sum(1 for _ in
        pattern.finditer(open(f, encoding='utf-8', errors='ignore').read())
        ) for f in files}
",1,,
"import pandas as pd
import random


def task_func(colors, states):
    combos = [f'{c}:{s}' for c in colors for s in states]
    if not combos:
        return pd.DataFrame()
    random.shuffle(combos)
    return pd.DataFrame({'Color:State 1': combos})
","import pandas as pd
from itertools import product


def task_func(colors, states):
    if not colors or not states:
        return pd.DataFrame({'Color:State 1': []})
    combinations = list(product(colors, states))
    random.shuffle(combinations)
    num_columns = min(len(colors), len(states))
    df_data = {}
    for i in range(num_columns):
        column_name = f'Color:State {i + 1}'
        df_data[column_name] = []
    for combination in combinations:
        color, state = combination
        key = f'{color}:{state}'
        column_index = random.randint(0, num_columns - 1)
        column_name = f'Color:State {column_index + 1}'
        df_data[column_name].append(key)
    return pd.DataFrame(df_data)
",1,,
"import pandas as pd


def task_func(df, tuples, n_plots):
    for t in tuples:
        mask = (df == t).all(axis=1)
        df = df[~mask]
    if df.empty:
        return df, []
    plots = []
    cols = list(df.columns)
    for i in range(min(n_plots, len(cols) * (len(cols) - 1) // 2)):
        j = i // (len(cols) - 1)
        k = i % (len(cols) - 1)
        if k >= j:
            k += 1
        x_col = cols[j]
        y_col = cols[k]


        class Dummy:
            pass
        plot = Dummy()
        plot.x = type('X', (), {'name': x_col})()
        plot.y = type('Y', (), {'name': y_col})()
        plots.append(plot)
    return df, plots
","import pandas as pd
import seaborn as sns
import random


def task_func(df, tuples, n_plots):
    rows_to_keep = df.apply(lambda r: tuple(r) not in set(tuples), axis=1)
    df = df[rows_to_keep]
    plots = []
    if not df.empty:
        cols = list(df.columns)
        for _ in range(n_plots):
            x, y = random.sample(cols, 2)
            plot = sns.jointplot(data=df, x=x, y=y)
            plots.append(plot)
    return df, plots
",1,,
"import pandas as pd
from sklearn.preprocessing import LabelEncoder


def task_func(data):
    le = LabelEncoder()
    encoded_data = le.fit_transform(data)
    return pd.DataFrame({'Category': data, 'Encoded': encoded_data})


class TaskFuncAlternative:

    def __init__(self, data):
        self.data = data

    def encode(self):
        le = LabelEncoder()
        encoded_data = le.fit_transform(self.data)
        return pd.DataFrame({'Category': self.data, 'Encoded': encoded_data})


def task_func_comprehension(data):
    le = LabelEncoder()
    encoded_data = le.fit_transform(data)
    return pd.DataFrame({c: [d[c] for d in zip(data, encoded_data)] for c in
        ['Category', 'Encoded']})


import io
import pandas as pd


class TaskFuncIsolated:

    def __init__(self):
        self.data = None

    def load_data(self, data):
        self.data = data

    def encode(self):
        if self.data is not None:
            le = LabelEncoder()
            encoded_data = le.fit_transform(self.data)
            return pd.DataFrame({'Category': self.data, 'Encoded':
                encoded_data})
        else:
            return pd.DataFrame({'Category': [], 'Encoded': []})


def task_func_isolated(data):
    df = TaskFuncIsolated()
    df.load_data(data)
    return df.encode()
","import numpy as np


def task_func(data):
    """"""
    Transforms categorical data into a numerical format suitable for machine learning algorithms.

    Args:
        data (list): A list of categorical values to be encoded.

    Returns:
        pd.DataFrame: A DataFrame that pairs original categorical values with their numerical encodings.
    """"""
    if not isinstance(data, list):
        raise TypeError('Input must be a list')
    if len(data) == 0:
        return pd.DataFrame({'Category': [], 'Encoded': []})
    unique_categories = sorted(set(data))
    category_map = {category: i for i, category in enumerate(unique_categories)
        }
    encoded_data = np.array([category_map[category] for category in data])
    df = pd.DataFrame({'Category': data, 'Encoded': encoded_data})
    return df
",1,,
"import json
import urllib.request
import gzip


def task_func(url_str, file_path):
    """"""Fetches JSON data from a given URL and compresses it into a gzip file.""""""
    try:
        response = urllib.request.urlopen(url_str)
        data_bytes = response.read()
        decoded_data = data_bytes.decode('utf-8')
        json_object = json.loads(decoded_data)
        with gzip.open(file_path, 'wb') as output_file:
            encoded_json = json.dumps(json_object).encode('utf-8')
            output_file.write(encoded_json)
        return file_path
    except urllib.error.URLError as e:
        raise e
","import gzip
import json
import urllib.request


def task_func(url_str, file_path):
    data = urllib.request.urlopen(url_str).read()
    decoded_data = json.loads(data.decode('utf-8'))
    with gzip.open(file_path, 'wb') as f:
        f.write(json.dumps(decoded_data).encode('utf-8'))
    return file_path
",1,,
"import unittest
import random
from matplotlib.axes import Axes
import matplotlib.pyplot as plt


def task_func(n_rows=1000):
    if not isinstance(n_rows, int) or n_rows <= 0:
        raise ValueError('n_rows must be a positive integer.')
    strings = ['abc', 'def', 'ghi', 'jkl', 'mno', 'pqr', 'stu', 'vwx', 'yz'
        ] * (n_rows // 9)
    remaining = n_rows % 9
    for i in range(remaining):
        strings.append(strings[i % 9])
    counts = {}
    for s in strings:
        counts[s] = counts.get(s, 0) + 1
    sorted_counts = sorted(counts.items(), key=lambda item: item[1],
        reverse=True)
    top_30 = sorted_counts[:30]
    fig, ax = plt.subplots()
    ax.bar(range(len(top_30)), [count for _, count in top_30])
    ax.set_xlabel('String Index')
    ax.set_ylabel('Frequency')
    ax.set_title('Top 30 Most Frequent 3-Letter Strings')
    ax.set_xticks(range(len(top_30)))
    ax.set_xticklabels([s[0] for s, _ in top_30])
    return ax
","import random
from collections import Counter
import matplotlib.pyplot as plt
from matplotlib.axes import Axes


def task_func(*args):
    if len(args) == 0:
        n_rows = 1000
    else:
        n_rows = args[0]
    if not isinstance(n_rows, int) or n_rows <= 0:
        raise ValueError('n_rows must be a positive integer')
    letters = 'abcdefghijklmnopqrstuvwxyz'
    strings = [''.join(random.choices(letters, k=3)) for _ in range(n_rows)]
    freq = Counter(strings)
    top30 = freq.most_common(30)
    labels, counts = zip(*top30) if top30 else ([], [])
    fig, ax = plt.subplots()
    ax.bar(labels, counts)
    ax.set_xlabel('3-letter string')
    ax.set_ylabel('Frequency')
    ax.set_title('Top 30 most frequent 3-letter strings')
    return ax
",1,,
"import numpy as np
from sklearn.metrics import mean_squared_error


def task_func(data):
    df = pd.DataFrame(data)
    if len(df) == 0:
        return np.nan
    try:
        scores = pd.to_numeric(df['Score_String'], errors='raise')
    except ValueError:
        raise ValueError('Invalid score format in Score_String column')
    grades = df['Grade'].unique()
    if len(grades) == 0:
        return np.nan
    if len(df['Score_String']) != len(df['Grade']):
        raise ValueError('Mismatched lengths of Score_String and Grade columns'
            )
    grade_order = sorted(grades)
    grade_mapping = {grade: (i + 1) for i, grade in enumerate(grade_order)}
    encoded_grades = df['Grade'].map(grade_mapping)

    def pearson_correlation(x, y):
        n = len(x)
        sum_x = np.sum(x)
        sum_y = np.sum(y)
        sum_xy = np.sum(x * y)
        sum_x2 = np.sum(x ** 2)
        sum_y2 = np.sum(y ** 2)
        numerator = sum_xy * n - sum_x * sum_y
        denominator = np.sqrt((sum_x2 * n - sum_x ** 2) * (sum_y2 * n - 
            sum_y ** 2))
        if denominator == 0:
            return 0.0
        else:
            return numerator / denominator
    correlation = pearson_correlation(scores, encoded_grades)
    return correlation
","import math


def task_func(data):
    s = data['Score_String']
    g = data['Grade']
    if len(s) < 2:
        return float('nan')
    if len(s) != len(g):
        raise ValueError('Mismatched lengths of scores and grades')
    try:
        scores = [float(x) for x in s]
    except ValueError:
        raise ValueError('Invalid score format')
    uniq_grades = set(g)
    mapping = {grade: idx for idx, grade in enumerate(sorted(uniq_grades))}
    grades = [mapping[grade] for grade in g]
    n = len(scores)
    sum_s = sum(scores)
    mean_s = sum_s / n
    sum_g = sum(grades)
    mean_g = sum_g / n
    numerator = sum((scores[i] - mean_s) * (grades[i] - mean_g) for i in
        range(n))
    sum_s_squared = sum((val - mean_s) ** 2 for val in scores)
    sum_g_squared = sum((val - mean_g) ** 2 for val in grades)
    if sum_s_squared == 0 or sum_g_squared == 0:
        return float('nan')
    denominator = math.sqrt(sum_s_squared * sum_g_squared)
    corr = numerator / denominator if denominator != 0 else float('nan')
    return corr
",1,,
"import csv
from random import randint, seed
import os
from typing import List, Optional, Union


def task_func(csv_file: str='names.csv', latin_names: List[str]=['Sopetón',
    'Méndez', 'Gómez', 'Pérez', 'Muñoz'], names: List[str]=['Smith',
    'Johnson', 'Williams', 'Brown', 'Jones'], encoding: str='latin-1',
    rng_seed: Optional[int]=None) ->str:
    if rng_seed is not None:
        seed(rng_seed)
    total_names = 100
    latin_count = len(latin_names)
    english_count = len(names)
    all_names: List[str] = []
    if latin_count > 0:
        from faker import Faker
        fake = Faker()
        for _ in range(total_names // 2):
            name = fake.first_name() if not latin_names else latin_names[
                randint(0, len(latin_names) - 1)]
            age = randint(20, 50)
            all_names.append((name, age))
    if english_count > 0:
        for _ in range(total_names // 2):
            name = names[randint(0, len(names) - 1)] if names else ''
            age = randint(20, 50)
            all_names.append((name, age))
    headers = ['Name', 'Age']
    with open(csv_file, 'w', newline='', encoding=encoding) as csvfile:
        writer = csv.writer(csvfile)
        writer.writerow(headers)
        for name, age in all_names:
            writer.writerow([name, str(age)])
    return csv_file
","import csv
import random
import os


def task_func(*args, **kwargs):
    if args:
        raise Exception('Only keyword arguments are allowed')
    csv_file = kwargs.get('csv_file', 'names.csv')
    latin_names = kwargs.get('latin_names', ['Sopetón', 'Méndez', 'Gómez',
        'Pérez', 'Muñoz'])
    names = kwargs.get('names', ['Smith', 'Johnson', 'Williams', 'Brown',
        'Jones'])
    encoding = kwargs.get('encoding', 'latin-1')
    rng_seed = kwargs.get('rng_seed', None)
    if not isinstance(csv_file, str):
        raise Exception('csv_file must be a string')
    if not isinstance(latin_names, list):
        raise Exception('latin_names must be a list')
    if not isinstance(names, list):
        raise Exception('names must be a list')
    if not isinstance(encoding, str):
        raise Exception('encoding must be a string')
    if rng_seed is not None and not isinstance(rng_seed, int):
        raise Exception('rng_seed must be an integer')
    rng = random.Random(rng_seed)
    rows = [['Name', 'Age']]
    if latin_names or names:
        latin_count = len(latin_names)
        english_count = len(names)
        if latin_count and english_count:
            latin_part = [rng.choice(latin_names) for _ in range(50)]
            english_part = [rng.choice(names) for _ in range(50)]
            combined = latin_part + english_part
        elif latin_count:
            combined = [rng.choice(latin_names) for _ in range(100)]
        else:
            combined = [rng.choice(names) for _ in range(100)]
        for name in combined:
            age = rng.randint(20, 50)
            rows.append([name, str(age)])
    with open(csv_file, 'w', newline='', encoding=encoding) as f:
        writer = csv.writer(f)
        writer.writerows(rows)
    return csv_file
",1,,
"import os
import pathlib
import shutil


def task_func(directory_path):
    new_filenames = []
    try:
        for filename in pathlib.Path(directory_path).glob('*'):
            name = filename.name
            parts = name.split('.')
            reversed_parts = parts[::-1]
            new_name = '.'.join(reversed_parts)
            old_path = str(filename)
            new_path = os.path.join(directory_path, new_name)
            shutil.move(old_path, new_path)
            new_filenames.append(new_name)
    except Exception as e:
        print(f'An error occurred: {e}')
        return []
    return new_filenames
","import os
from glob import glob as gl


def task_func(directory_path: str) ->list[str]:
    """"""Renames files in directory by reversing their word order separated by periods.""""""
    new_names = []
    for file in gl(os.path.join(directory_path, '*')):
        base = os.path.basename(file)
        parts = base.split('.')
        reversed_parts = parts[::-1]
        new_base = '.'.join(reversed_parts)
        new_path = os.path.join(directory_path, new_base)
        os.rename(file, new_path)
        new_names.append(new_base)
    return new_names
",1,,
"import pandas as pd


def task_func(csv_file_path):
    """"""
    Find the best-selling product from a given CSV file with sales data.

    Args:
        csv_file_path (str): The file path to the CSV file containing sales data.

    Returns:
        str: The name of the top-selling product based on the total quantity sold.
    """"""
    try:
        df = pd.read_csv(csv_file_path)
        if df.empty:
            raise ValueError('CSV file is empty')
        df['quantity'] = pd.to_numeric(df['quantity'], errors='coerce')
        df = df.dropna(subset=['quantity'])
        if df.empty:
            raise ValueError('No valid sales data found in the CSV file')
        top_selling_product = df.groupby('product')['quantity'].sum().idxmax()
        return top_selling_product
    except FileNotFoundError:
        raise FileNotFoundError
    except ValueError as e:
        raise ValueError(f'Error processing CSV file: {e}')
    except Exception as e:
        raise Exception(f'An unexpected error occurred: {e}')
","import csv
import os


def task_func(csv_file_path):
    try:
        with open(csv_file_path, 'r', newline='') as file:
            reader = csv.DictReader(file)
            data = list(reader)
        if not data:
            raise ValueError('No data rows found')
        product_sales = {}
        for row in data:
            try:
                product = row['product']
                quantity = int(row['quantity'])
                product_sales[product] = product_sales.get(product, 0
                    ) + quantity
            except ValueError:
                raise ValueError(f""Invalid quantity value: {row['quantity']}"")
        if not product_sales:
            raise ValueError('No product sales data')
        top_product = max(product_sales, key=product_sales.get)
        return top_product
    except FileNotFoundError:
        raise
    except Exception as e:
        raise ValueError from e
",1,,
"import numpy as np
import matplotlib.pyplot as plt
import scipy.stats as stats


def task_func(array=None):
    arr = array if array is not None else ARRAY
    indices = np.where(arr[:, 0] == '332')[0]
    if indices.size == 0:
        return 'N/A', 'N/A', 'N/A', 'N/A'
    mean_val = float(np.mean(indices))
    if indices.size < 2:
        plt.hist(indices, bins='auto')
        plt.show()
        return mean_val, 'N/A', 'N/A', 'N/A'
    var_val = float(np.var(indices))
    skew_val = float(stats.skew(indices))
    kurt_val = float(stats.kurtosis(indices))
    plt.hist(indices, bins='auto')
    plt.show()
    return mean_val, var_val, skew_val, kurt_val
","import numpy as np


def task_func(target_value='332', array=None):
    if array is None:
        array = globals().get('ARRAY', np.array([]))
    indices = np.where(array == target_value)[0]
    if len(indices) == 0:
        return 'N/A', 'N/A', 'N/A', 'N/A'
    mean = float(np.mean(indices))
    if len(indices) < 2:
        variance = 'N/A'
    else:
        variance = float(np.var(indices, ddof=0))
    if len(indices) < 3:
        skewness = 'N/A'
    else:
        n = len(indices)
        m = np.mean(indices)
        s = np.std(indices, ddof=0)
        skewness = float(np.sum((indices - m) ** 3) / n / s ** 3)
    if len(indices) < 4:
        kurtosis = 'N/A'
    else:
        n = len(indices)
        m = np.mean(indices)
        s = np.std(indices, ddof=0)
        kurtosis = float(np.sum((indices - m) ** 4) / n / s ** 4 - 3)
    return mean, variance, skewness, kurtosis
",1,,
"import unittest


def task_func(x, n):
    sorted_letters = sorted(x, key=x.get, reverse=True)
    return sorted_letters[:n]


class TestCases(unittest.TestCase):

    def test_case_1(self):
        self.assertEqual(task_func({'a': 1, 'b': 2, 'c': 3}, 2), ['c', 'b'])

    def test_case_2(self):
        self.assertEqual(task_func({'a': 1, 'b': 2, 'c': 3}, 1), ['c'])

    def test_case_3(self):
        self.assertEqual(task_func({'a': 1, 'b': 2, 'c': 3}, 3), ['c', 'b',
            'a'])

    def test_case_4(self):
        self.assertEqual(task_func({'a': 1, 'b': 2, 'c': 3}, 0), [])

    def test_case_5(self):
        self.assertEqual(task_func({'a': 1, 'b': 2, 'c': 3}, 4), ['c', 'b',
            'a'])
","import operator


def task_func(x, n):
    items = list(x.items())
    sorted_items = sorted(items, key=operator.itemgetter(1), reverse=True)
    most_common = [item[0] for item in sorted_items]
    return most_common[:n]
",1,,
"import sqlite3 as db
import pandas as pd
import os


def task_func(db_name: str, table_name: str, csv_path: str='data.csv') ->str:
    """"""Read SQLite table and export to CSV.

    Args:
        db_name: Path to SQLite database
        table_name: Name of the table to export
        csv_path: Path where CSV file will be saved

    Returns:
        Absolute path of the exported CSV file
    """"""
    with db.connect(db_name) as conn:
        df = pd.read_sql(f'SELECT * FROM {table_name}', conn)
        df.to_csv(csv_path, index=False)
    return os.path.abspath(csv_path)
","import sqlite3
import pandas as pd
import os


def task_func(db_name, table_name, csv_path='data.csv'):
    conn = sqlite3.connect(db_name)
    query = f'SELECT * FROM {table_name}'
    df = pd.read_sql_query(query, conn)
    df.to_csv(csv_path, index=False)
    abs_path = os.path.abspath(csv_path)
    conn.close()
    return abs_path
",1,,
"import numpy as np


def task_func(l1, l2):
    """"""
    Alternates elements from two numeric lists, calculates the absolute difference of each element from a predefined threshold,
    and returns the element closest to this threshold.

    Args:
        l1 (list): The first list of numbers.
        l2 (list): The second list of numbers.

    Returns:
        float: The number in either list that is closest to the threshold.

    Raises:
        ValueError: If both lists are empty.
    """"""
    if not l1 and not l2:
        raise ValueError('Both lists cannot be empty')
    combined = np.concatenate((l1, l2))
    differences = np.abs(combined - 0.5)
    return combined[np.argmin(differences)]
","import itertools
import math
import logging
logging.basicConfig(level=logging.WARNING)
logger = logging.getLogger(__name__)


def task_func(l1, l2, *args):
    """"""
    Return the element from the alternated combination of l1 and l2 that is
    closest to the given threshold. If the threshold is not supplied,
    0.5 is used.
    """"""
    THRESHOLD = args[0] if args else 0.5
    if not isinstance(l1, list) or not isinstance(l2, list):
        raise TypeError('l1 and l2 must be lists')
    if not all(isinstance(x, (int, float)) for x in l1):
        raise TypeError('All elements of l1 must be numeric')
    if not all(isinstance(x, (int, float)) for x in l2):
        raise TypeError('All elements of l2 must be numeric')
    if not isinstance(THRESHOLD, (int, float)):
        raise TypeError('THRESHOLD must be numeric')
    if not l1 and not l2:
        raise ValueError('Both input lists are empty')
    combined = list(itertools.chain.from_iterable(zip(l1, l2) if len(l1) <=
        len(l2) else zip(l2, l1)))
    if len(l1) > len(l2):
        combined.extend(l1[len(l2):])
    elif len(l2) > len(l1):
        combined.extend(l2[len(l1):])
    best = min(combined, key=lambda x: math.fabs(x - THRESHOLD))
    return best
",1,,
"import numpy as np
import pandas as pd


def task_func(tuples_list, num_components):
    """"""
    Performs Principal Component Analysis (PCA) on a list of tuples.

    Args:
        tuples_list (list): The list of tuples.
        num_components (int): The number of principal components to retain.

    Returns:
        transformed_data (ndarray): The transformed data.
    """"""
    df = pd.DataFrame(tuples_list)
    transformed_data = df.iloc[:, :num_components].values
    return transformed_data
","import pandas as pd
import numpy as np
from sklearn.preprocessing import StandardScaler
from sklearn.decomposition import FactorAnalysis


def task_func(tuples_list, n_components):
    try:
        df = pd.DataFrame(tuples_list)
        scaler = StandardScaler()
        scaled_data = scaler.fit_transform(df)
        fa = FactorAnalysis(n_components=n_components)
        transformed_data = fa.fit_transform(scaled_data)
        return transformed_data
    except Exception as e:
        print(f'An error occurred: {e}')
        return None
",1,,
"import collections


def task_func(df, letter):
    words = df.get('Word', [])
    filtered = []
    for w in words:
        if w and w[0] == letter:
            filtered.append(w)
    lengths = []
    for w in filtered:
        lengths.append(len(w))
    counts = {}
    for l in lengths:
        if l in counts:
            counts[l] += 1
        else:
            counts[l] = 1
    return counts
","import pandas as pd


def task_func(df: dict, letter: str) ->dict:
    """"""
    Filters rows in a dictionary of lists where the values of the 'Word' column begin with a specified letter.

    Args:
        df (dict): A dictionary where the key 'Word' maps to a list of strings.
        letter (str): The letter to filter the 'Word' column by.

    Returns:
        dict: A dictionary of word lengths and their counts.
    """"""
    df = pd.DataFrame(df)
    filtered_df = df[df['Word'].str.startswith(letter)]
    word_lengths = filtered_df['Word'].apply(len)
    count_dict = word_lengths.value_counts().to_dict()
    return count_dict
",1,,
"import json
from collections import Counter
import ast


def task_func(file_pointer):
    """"""
    Processes a JSON file to count key frequencies across all dictionaries.

    Args:
        file_pointer: An open file object in read mode containing JSON data.

    Returns:
        A Counter object with keys as elements and their frequencies as counts.
    """"""
    json_data = json.load(file_pointer)
    key_counts = Counter()

    def process_item(item):
        try:
            if isinstance(item, str):
                return ast.literal_eval(item)
            return item if isinstance(item, dict) else None
        except (ValueError, TypeError):
            return None
    for item in json_data:
        processed = process_item(item)
        if isinstance(processed, dict):
            key_counts.update(processed.keys())
    return key_counts
","import json
from collections import Counter
import ast


def task_func(file_pointer):
    """"""Reads JSON data from file pointer and counts key frequencies.""""""
    data = json.load(file_pointer)
    key_counter = Counter()

    def process_item(item):
        nonlocal key_counter
        try:
            if isinstance(item, str):
                evaluated = ast.literal_eval(item)
                if isinstance(evaluated, dict):
                    key_counter.update(evaluated.keys())
            elif isinstance(item, dict):
                key_counter.update(item.keys())
        except (ValueError, TypeError):
            pass
    for item in data:
        process_item(item)
    return key_counter
",1,,
"import math
import yaml
from typing import Dict, Any
from pathlib import Path
import logging


def task_func(yaml_path: str, key: str) ->Dict[str, Any]:
    try:
        file_path = Path(yaml_path)
        if not file_path.exists():
            raise FileNotFoundError(f""YAML file '{yaml_path}' does not exist."")
        with open(file_path, 'r') as f:
            data = yaml.safe_load(f)
        if key not in data:
            raise KeyError(f""Key '{key}' not found in the YAML data."")
        data[key] = math.cos(data[key])
        with open(file_path, 'w') as f:
            yaml.safe_dump(data, f)
        return data
    except Exception as e:
        logging.error(f'An error occurred: {str(e)}')
        raise
","import math
import yaml
from pathlib import Path


def task_func(yaml_path, key):

    def apply_cos(data, k):
        if k in data:
            data[k] = math.cos(data[k])
        return data
    path = Path(yaml_path)
    with path.open('r') as f:
        content = yaml.safe_load(f)
    updated = apply_cos(content, key)
    with path.open('w') as f:
        yaml.safe_dump(updated, f)
    return updated
",1,,
"import numpy as np
import pandas as pd


def task_func(df, column_name):
    try:
        column = df[column_name].values
        unique_values = np.unique(column)
        mapping = {value: i for i, value in enumerate(unique_values)}
        encoded_column = np.array([mapping[x] for x in column])
        df[column_name] = encoded_column
        return df
    except KeyError:
        raise KeyError(f""Column '{column_name}' not found in DataFrame."")
    except Exception as e:
        raise RuntimeError(f'An error occurred during encoding: {e}')
","import pandas as pd
from collections import defaultdict


def task_func(df: pd.DataFrame, column_name: str) ->pd.DataFrame:
    """"""Encrypt categorical data in a DataFrame column using a custom encoder.""""""
    label_dict = defaultdict(int)
    unique_values = sorted(df[column_name].unique())
    for idx, value in enumerate(unique_values):
        label_dict[value] = idx
    df[column_name] = df[column_name].apply(lambda x: label_dict[x])
    return df
",1,,
"import numpy as np
from itertools import combinations
import logging


def task_func(matrix):
    try:
        if not isinstance(matrix, np.ndarray) or matrix.ndim != 2:
            raise ValueError('Input must be a 2D numpy array.')
        sorted_array = np.sort(matrix.ravel())
        comb = list(combinations(sorted_array, 2))
        return sorted_array, comb
    except Exception as e:
        logging.error(f'An error occurred: {e}')
        raise
","import numpy as np
import logging
logger = logging.getLogger(__name__)


def task_func(matrix):
    if not isinstance(matrix, np.ndarray):
        raise TypeError('Input must be a numpy.ndarray')
    if matrix.ndim != 2:
        raise ValueError('Input array must be two-dimensional')
    sorted_array = np.sort(matrix, axis=None)
    n = sorted_array.size
    combinations = []
    for i in range(n):
        for j in range(i + 1, n):
            combinations.append((sorted_array[i], sorted_array[j]))
    logger.debug('Sorted array: %s', sorted_array)
    logger.debug('Generated %d combinations', len(combinations))
    return sorted_array, combinations
",1,,
"def task_func(seq, letter_weight_dict):
    return ''.join(filter(lambda c: letter_weight_dict.get(c, 0) > 0, seq))
","from itertools import combinations


def task_func(seq: str, letter_weight_dict: dict) ->str:
    """"""
    Finds the subsequence in a string with the maximum total weight based on given character weights.
    Returns the subsequence as a string.
    """"""
    max_subseq = ''
    max_total = -float('inf')
    for length in range(len(seq), 0, -1):
        for indices in combinations(range(len(seq)), length):
            current_seq = [seq[i] for i in indices]
            total = sum(letter_weight_dict[c] for c in current_seq)
            if total > max_total:
                max_total = total
                max_subseq = ''.join(current_seq)
    return max_subseq
",1,,
"import matplotlib.pyplot as plt
import numpy as np


def task_func(myList):
    plt.hist(myList, bins=np.arange(min(myList), max(myList) + 1, 0.5),
        edgecolor='black')
    plt.xlabel('Value')
    plt.ylabel('Frequency')
    plt.title('Histogram of Values')
    return plt.gca()
","import seaborn as sns
from matplotlib import pyplot as plt


def task_func(myList):
    """"""
    Creates a histogram plot of values in a list with specified styling and returns the axes object.

    Args:
        myList: List of numerical values to visualize

    Returns:
        ax: Matplotlib Axes object containing the histogram plot
    """"""
    figure, ax = plt.subplots(figsize=(10, 6))
    sns.histplot(myList, bins=np.arange(min(myList), max(myList) + 2) - 0.5,
        edgecolor='black', linewidth=1, ax=ax)
    ax.set_xlabel('Value', fontsize=12)
    ax.set_ylabel('Frequency', fontsize=12)
    ax.set_title('Histogram of Values', fontsize=14, pad=20)
    plt.tight_layout()
    return ax
",1,,
"import numpy as np
from scipy.stats import randint
import pandas as pd


def task_func():
    """"""
    Generates a DataFrame with two columns: a string field and a float field.

    The string field contains randomly generated strings of 10 ASCII letters.
    The float field contains randomly generated numbers between 0 and 10000,
    formatted with two decimal places and a comma as the thousands separator.

    Returns:
        pd.DataFrame: A DataFrame containing the random data
    """"""
    string_data = np.array([''.join(np.random.choice([chr(i) for i in range
        (97, 123)], size=10)) for _ in range(NUM_SAMPLES)])
    float_data = np.round(np.random.uniform(0, 10000, NUM_SAMPLES), decimals=2)
    formatted_float_data = [f'{x:,.2f}' for x in float_data]
    df = pd.DataFrame({'String Field': string_data, 'Float Field':
        formatted_float_data})
    return df


NUM_SAMPLES = 1000
","import pandas as pd
import random
import string
NUM_SAMPLES = 1000


def task_func():

    def gen_str():
        return ''.join(random.choice(string.ascii_letters) for _ in range(10))

    def gen_float():
        return f'{random.uniform(0, 10000):,.2f}'
    data = {}
    for i in range(NUM_SAMPLES):
        data[i] = gen_str(), gen_float()
    df = pd.DataFrame.from_dict(data, orient='index', columns=[
        'String Field', 'Float Field'])
    return df
",1,,
"import re
from collections import Counter


def task_func(word):
    sanitized_word = re.sub('[^A-Za-z]', '', word)
    letter_pairs = [''.join(pair) for pair in zip(sanitized_word,
        sanitized_word[1:])]
    occurrences = Counter(letter_pairs)
    return occurrences
","from collections import defaultdict


def task_func(word: str) ->dict:
    sanitized_word = ''.join(filter(str.isalpha, word))
    occurrences = defaultdict(int)
    for i in range(len(sanitized_word) - 1):
        pair = sanitized_word[i:i + 2]
        occurrences[pair] += 1
    return dict(occurrences)
",1,,
"import pandas as pd


def task_func(df):
    combos = [tuple(row) for row in df.itertuples(index=False, name=None)]
    df['combination'] = combos
    freq = {}
    for c in combos:
        freq[c] = freq.get(c, 0) + 1
    return freq
","import pandas as pd
from collections import defaultdict


def task_func(df):
    freq = defaultdict(int)
    df['combination'] = list(map(tuple, df[['item1', 'item2', 'item3',
        'item4', 'item5']].values))
    for combination in df['combination']:
        freq[combination] += 1
    return dict(freq)


import pandas as pd


def task_func(df):
    freq = {}
    for i in range(len(df)):
        combination = tuple(df.iloc[i][['item1', 'item2', 'item3', 'item4',
            'item5']])
        if combination not in freq:
            freq[combination] = 0
        freq[combination] += 1
    return freq


import pandas as pd


def task_func(df):
    freq = {}
    for i in range(len(df)):
        combination = tuple(df.iloc[i][['item1', 'item2', 'item3', 'item4',
            'item5']])
        if combination not in freq:
            freq[combination] = 0
        freq[combination] += 1
    return dict(freq)


import pandas as pd


def task_func(df):
    freq = {}
    for i in range(len(df)):
        combination = tuple(df.iloc[i][['item1', 'item2', 'item3', 'item4',
            'item5']])
        if combination not in freq:
            freq[combination] = 0
        freq[combination] += 1
    return dict(freq)
",1,,
"import datetime
from dateutil import tz
import math


def task_func(date_str, from_tz, to_tz):
    try:
        given_date = datetime.datetime.strptime(date_str, '%Y-%m-%d %H:%M:%S')
        given_date = given_date.replace(tzinfo=tz.gettz(from_tz))
        converted_date = given_date.astimezone(tz.gettz(to_tz))
        solar_cycle_years = [1986, 1996, 2008, 2019]
        years_since_solar_cycle_year = abs(converted_date.year - min(
            solar_cycle_years, key=lambda x: abs(x - converted_date.year)))
        solar_activity = math.cos(math.pi * years_since_solar_cycle_year / 11)
        return solar_activity
    except Exception as e:
        print(f'An error occurred: {e}')
        return None
","import pytz
from dateutil.parser import parse
import math
import numpy as np
SOLAR_CYCLE_YEARS = np.array([1986, 1996, 2008, 2019])


def task_func(date_str, from_tz, to_tz):

    def calculate_solar_activity(converted_date):
        solar_cycle_year = SOLAR_CYCLE_YEARS[np.argmin(np.abs(
            SOLAR_CYCLE_YEARS - converted_date.year))]
        years_since = abs(converted_date.year - solar_cycle_year)
        return math.cos(math.pi * years_since / 11)

    def convert_timezone(date_str, from_tz, to_tz):
        given_date = parse(date_str).replace(tzinfo=pytz.timezone(from_tz))
        converted_date = given_date.astimezone(pytz.timezone(to_tz))
        return converted_date
    converted_date = convert_timezone(date_str, from_tz, to_tz)
    return calculate_solar_activity(converted_date)
",1,,
"import pathlib
import stat
import os


def task_func(filename, dest_dir):
    if not isinstance(filename, str) or not isinstance(dest_dir, str):
        raise TypeError('Both filename and dest_dir must be strings')
    file_path = pathlib.Path(filename)
    dest_directory = pathlib.Path(dest_dir)
    if not file_path.exists():
        raise FileNotFoundError(f""File '{filename}' does not exist"")
    if not dest_directory.exists():
        try:
            dest_directory.mkdir(parents=True, exist_ok=False)
        except PermissionError as e:
            raise PermissionError(
                f""Permission denied when creating directory '{dest_dir}'""
                ) from e
    shutil.copy(file_path, dest_directory)
    with open(file_path, 'w', encoding='utf-8') as f:
        pass
    return os.path.abspath(dest_directory / file_path.name)
","import os
import shutil
from pathlib import Path


def task_func(filename, dest_dir):

    def create_directory(path):
        return os.makedirs(path, exist_ok=True)

    def copy_file(src, dst):
        return shutil.copy(src, dst)

    def clear_file(file_path):
        with open(file_path, 'w') as f:
            return f.truncate(0)
    dest_dir = Path(dest_dir).resolve()
    filename = Path(filename).resolve()
    create_directory(dest_dir)
    copied_file = copy_file(filename, dest_dir)
    clear_file(filename)
    return os.path.abspath(copied_file)
",1,,
"import numpy as np
from sklearn.decomposition import PCA
import matplotlib.pyplot as plt


def task_func(x, y, labels):
    """"""
    Perform Principal Component Analysis (PCA) on given x and y data points 
    and generate a scatter plot of the results with provided labels.

    Args:
        x: List of numpy arrays representing x-values of data points.
        y: List of numpy arrays representing y-values of data points.
        labels: List of strings representing chemical compound labels.

    Returns:
        fig: Matplotlib figure object containing the PCA plot.
    """"""
    combined_data = []
    for xi, yi in zip(x, y):
        combined_data.append(np.concatenate((xi.reshape(-1, 1), yi.reshape(
            -1, 1)), axis=1))
    flattened_data = np.vstack(combined_data)
    pca = PCA(n_components=2)
    principal_components = pca.fit_transform(flattened_data)
    fig, ax = plt.subplots(figsize=(10, 8))
    scatter = ax.scatter(principal_components[:, 0], principal_components[:,
        1], c='blue', marker='o')
    for label, (x_val, y_val) in zip(labels, zip(x, y)):
        ax.text(x_val[0], y_val[0], label, fontsize=8)
    ax.set_title('PCA Analysis of Chemical Compounds')
    ax.set_xlabel('Principal Component 1')
    ax.set_ylabel('Principal Component 2')
    return fig
","import numpy as np
import matplotlib.pyplot as plt


def task_func(x, y, labels):
    data_dict = {labels[i]: (x[i], y[i]) for i in range(len(labels))}
    all_points = []
    for lbl in labels:
        xi, yi = data_dict[lbl]
        pts = np.column_stack((xi, yi))
        all_points.append(pts)
    X = np.vstack(all_points)
    X_mean = X.mean(axis=0)
    X_centered = X - X_mean
    cov = np.cov(X_centered, rowvar=False)
    eig_vals, eig_vecs = np.linalg.eigh(cov)
    idx = np.argsort(eig_vals)[::-1]
    eig_vecs = eig_vecs[:, idx]
    components = eig_vecs[:, :2]
    X_proj = X_centered @ components
    fig = plt.figure()
    ax = fig.add_subplot(111)
    for i in range(len(labels)):
        lbl = labels[i]
        xi, yi = data_dict[lbl]
        pts = np.column_stack((xi, yi))
        pts_centered = pts - X_mean
        proj = pts_centered @ components
        ax.plot(proj[:, 0], proj[:, 1], label=lbl)
    ax.legend()
    return fig
",1,,
"import numpy as np
from scipy.stats import norm
import matplotlib.pyplot as plt


def task_func(mean, std_dev, n):
    """"""Generates samples from a normal distribution and visualizes them.""""""
    if not isinstance(n, int) or n < 0:
        raise TypeError('n must be an integer >= 0')
    if std_dev <= 0:
        raise ValueError('std_dev must be positive')
    samples = norm.rvs(mean, std_dev, size=n)
    fig, ax = plt.subplots(figsize=(10, 6))
    bins = 30
    counts, edges, _ = ax.hist(samples, bins=bins, density=True, alpha=0.6,
        color='g')
    x_min, x_max = edges.min(), edges.max()
    x = np.linspace(x_min, x_max, 100)
    pdf_values = norm.pdf(x, mean, std_dev)
    ax.plot(x, pdf_values, 'k', linewidth=2)
    ax.set_title(f'Normal Distribution: μ={mean}, σ={std_dev}')
    ax.set_xlabel('Value')
    ax.set_ylabel('Density')
    plt.show()
    return samples
","import numpy as np
import random
import logging
import numbers
logging.basicConfig(level=logging.INFO)
logger = logging.getLogger(__name__)


def task_func(mean, std_dev, n):
    """"""
    Generate `n` samples from a normal distribution with the specified mean and standard deviation.
    The function validates inputs, logs key steps, and returns a NumPy array of samples.
    """"""
    if not isinstance(mean, numbers.Number):
        logger.error('Mean must be numeric, got %r', mean)
        raise TypeError('mean must be a numeric value')
    if not isinstance(std_dev, numbers.Number):
        logger.error('Standard deviation must be numeric, got %r', std_dev)
        raise TypeError('std_dev must be a numeric value')
    if not isinstance(n, int):
        logger.error('Number of samples must be an integer, got %r', n)
        raise TypeError('n must be an integer')
    if std_dev < 0:
        logger.error('Standard deviation cannot be negative, got %f', std_dev)
        raise ValueError('std_dev must be non-negative')
    if n < 0:
        logger.error('Number of samples cannot be negative, got %d', n)
        raise ValueError('n must be non-negative')
    if n == 0:
        samples = np.array([], dtype=float)
    else:
        samples = [random.gauss(mean, std_dev) for _ in range(n)]
        samples = np.array(samples, dtype=float)
    logger.info('Generated %d samples from N(%f, %f^2)', n, mean, std_dev)
    return samples
",1,,
"import scipy.stats as stats
import numpy as np


def task_func(df, column, alpha):
    return stats.shapiro(df[column].values).pvalue > alpha
","import pandas as pd
import numpy as np
from scipy import stats


def task_func(df, column, alpha):
    np_column = np.array(df[column])
    mean_val = np.mean(np_column)
    df[column] = df[column] - mean_val
    try:
        statistic, p_value = stats.shapiro(df[column])
    except ValueError:
        return False
    return p_value > alpha
",1,,
"import math


def task_func(x):
    items = list(x.items())
    all_pairs = []
    for i in range(len(items)):
        for j in range(i + 1, len(items)):
            pair = items[i][0], items[j][0]
            sum_cos = math.cos(items[i][1]) + math.cos(items[j][1])
            all_pairs.append((pair, sum_cos))
    max_sum = max([s for p, s in all_pairs])
    candidate_pairs = [p for p, s in all_pairs if s == max_sum]
    return tuple(sorted(candidate_pairs[0]))
","import math


def task_func(x):
    """"""
    Find the key pair in a dictionary, x, which has the highest sum of the cosine of each of its values.

    Args:
        x (dict): A dictionary with numeric values.

    Returns:
        tuple: The key pair with the maximum sum of cosines.
    """"""

    def _calculate_cosine_sum(pair):
        return math.cos(x[pair[0]]) + math.cos(x[pair[1]])
    max_pair = max((pair for pair in [(k, k2) for k in x.keys() for k2 in x
        .keys() if k != k2]), key=_calculate_cosine_sum)
    return max_pair
",1,,
"import pandas as pd
from nltk.tokenize import word_tokenize
from sklearn.cluster import KMeans
from sklearn.feature_extraction.text import TfidfVectorizer
import numpy as np


def task_func(df: pd.DataFrame) ->list:
    """"""
    Analyzes articles by their titles for specific case-insensitive keywords (""how"" or ""what""),
    vectorizes the content using TF-IDF, and groups them into clusters using KMeans clustering.

    Args:
        df (pd.DataFrame): DataFrame containing article data with columns 'Title' for the article titles
            and 'Content' for the article text.

    Returns:
        list: List of cluster labels for the filtered articles, indicating the cluster to which each article belongs.
    """"""
    pattern = '\\b(how|what)\\b'
    interesting_articles = df[df['Title'].str.contains(pattern, case=False)]
    if interesting_articles.empty:
        return []
    vectorizer = TfidfVectorizer()
    X = vectorizer.fit_transform(interesting_articles['Content'])
    kmeans = KMeans(n_clusters=2, random_state=42)
    labels = kmeans.fit_predict(X)
    return labels.tolist()
","import re
from sklearn.cluster import KMeans
from sklearn.feature_extraction.text import CountVectorizer


def task_func(df):
    if df is None:
        raise TypeError
    if not hasattr(df, 'columns'):
        raise TypeError
    if df.empty:
        return []
    required = {'Title', 'Content'}
    if not required.issubset(df.columns):
        raise KeyError
    pattern = re.compile('(how|what)', re.IGNORECASE)
    title_mask = df['Title'].apply(lambda t: bool(pattern.search(t)))
    filtered_df = df[title_mask]
    if filtered_df.empty:
        return []
    content_dict = {idx: row['Content'] for idx, row in filtered_df.iterrows()}
    contents = list(content_dict.values())
    vectorizer = CountVectorizer()
    X = vectorizer.fit_transform(contents)
    kmeans = KMeans(n_clusters=2, random_state=0, n_init=10)
    kmeans.fit(X)
    labels_tuple = tuple(kmeans.labels_)
    return list(labels_tuple)
",1,,
"import logging
import secrets
logger = logging.getLogger(__name__)


def task_func(dict1):
    if not isinstance(dict1, dict):
        raise TypeError('Input must be a dictionary')
    employee_ids = []
    for prefix, count in dict1.items():
        if not isinstance(prefix, str):
            raise TypeError('Department code must be a string')
        if not isinstance(count, int) or count < 0:
            raise ValueError(
                'Number of employees must be a non-negative integer')
        for _ in range(count):
            rand_bytes = secrets.token_bytes(5)
            rand_str = ''.join(chr(b % 26 + 65) for b in rand_bytes)
            rand_str_alt = ''
            for _ in range(5):
                rand_str_alt += chr(secrets.randbelow(26) + 65)
            employee_ids.append(prefix + rand_str)
    return employee_ids
","import random
from typing import List, Dict
import logging


def task_func(dict1: Dict[str, int]) ->List[str]:

    def generate_id(prefix: str) ->str:
        return prefix + ''.join(random.choices('ABCDEFGHIJKLMNOPQRSTUVWXYZ',
            k=5))
    employee_ids = []
    for department, count in dict1.items():
        if not isinstance(department, str) or len(department) == 0:
            logging.error(f'Invalid department code: {department}')
            continue
        try:
            for _ in range(count):
                emp_id = generate_id(department)
                employee_ids.append(emp_id)
        except Exception as e:
            logging.error(
                f'Error generating IDs for department {department}: {e}')
    return employee_ids
",1,,
"import json
from itertools import combinations as itertools_combinations


def task_func(json_list: str, r: int) ->list:
    """"""
    Generate all possible combinations of r elements from a given number list.

    Args:
        json_list (str): JSON string containing the number list.
        r (int): The number of elements in each combination.

    Returns:
        list: A list of tuples, each tuple representing a combination.
    """"""
    try:
        data = json.loads(json_list)
        number_list = data['number_list']
        return [tuple(comb) for comb in itertools_combinations(number_list, r)]
    except Exception as e:
        raise e
","import json
from itertools import combinations


def task_func(json_list, r):
    try:
        data = json.loads(json_list)
        number_list = data.get('number_list', [])
        if not isinstance(number_list, list):
            raise TypeError('number_list must be a list')
        if not isinstance(r, int) or r < 0:
            raise ValueError('r must be a non-negative integer')
        result = list(combinations(number_list, r))
        return result
    except json.JSONDecodeError as e:
        raise ValueError(f'Invalid JSON string: {e}')
",1,,
"from prettytable import PrettyTable
import operator


def task_func(my_dict):
    sorted_items = dict(sorted(my_dict.items(), key=operator.itemgetter(0)))
    table_data = {'Key': [], 'Value': []}
    for key, value in sorted_items.items():
        table_data['Key'].append(key)
        table_data['Value'].append(value)
    table = PrettyTable(table_data.keys())
    for i in range(len(sorted_items)):
        table.add_row([table_data['Key'][i], table_data['Value'][i]])
    return table
","import prettytable
from typing import Dict, Any


def task_func(my_dict: Dict[Any, Any]) ->prettytable.PrettyTable:
    sorted_items = sorted(my_dict.items())
    table = prettytable.PrettyTable(['Key', 'Value'])
    for key, value in sorted_items:
        table.add_row([key, str(value)])
    return table
",1,,
"import numpy as np


def task_func(arr):

    def reverse_words(s):
        try:
            return '.'.join(reversed(s.split('.')))
        except AttributeError:
            return s
    processed = []
    for string in arr:
        if isinstance(string, str):
            processed.append(reverse_words(string))
        else:
            processed.append(str(string))
    return np.array(processed, dtype=object)
","import numpy as np


def task_func(arr):
    """"""Reverse dot-separated words in each string of a numpy array.""""""
    out = []
    for s in arr:
        if '.' in s:
            out.append('.'.join(reversed(s.split('.'))))
        else:
            out.append(s)
    return np.array(out)
",1,,
"import os, re, glob
from pathlib import Path


def task_func(pattern, directory, extensions):
    """"""Return absolute paths of files in directory matching extensions that contain pattern (case-insensitive).""""""
    regex = re.compile(pattern, re.IGNORECASE)
    matched = set()
    for ext in extensions:
        for file_path in glob.glob(os.path.join(directory, ext)):
            try:
                with open(file_path, 'r', encoding='utf-8', errors='ignore'
                    ) as f:
                    content = f.read()
                if regex.search(content):
                    matched.add(os.path.abspath(file_path))
            except OSError:
                continue
    return list(matched)
","import os
import re
import fnmatch
from pathlib import Path


def task_func(pattern: str, directory: str, extensions: list):
    matched = []
    for root, _, files in os.walk(directory):
        for name in files:
            if any(fnmatch.fnmatch(name, ext) for ext in extensions):
                path = os.path.join(root, name)
                try:
                    with open(path, 'r', encoding='utf-8') as f:
                        content = f.read()
                    if re.search(pattern, content, re.IGNORECASE):
                        matched.append(os.path.abspath(path))
                except Exception:
                    pass
    return matched


def task_func_set(pattern: str, directory: str, extensions: list):
    result = set()
    for root, _, files in os.walk(directory):
        for name in files:
            if any(fnmatch.fnmatch(name, ext) for ext in extensions):
                path = os.path.join(root, name)
                try:
                    with open(path, 'r', encoding='utf-8') as f:
                        content = f.read()
                    if re.search(pattern, content, re.IGNORECASE):
                        result.add(os.path.abspath(path))
                except Exception:
                    pass
    return result


def _search_in_file(path: str, pattern: str):
    try:
        with open(path, 'r', encoding='utf-8') as f:
            return re.search(pattern, f.read(), re.IGNORECASE) is not None
    except Exception:
        return False


def task_func_isolated(pattern: str, directory: str, extensions: list):
    matches = []
    for root, _, files in os.walk(directory):
        for name in files:
            if any(fnmatch.fnmatch(name, ext) for ext in extensions):
                full_path = os.path.join(root, name)
                if _search_in_file(full_path, pattern):
                    matches.append(os.path.abspath(full_path))
    return matches


def task_func_bad(pattern: str, directory: str, extensions: list):
    result = []
    for root, _, files in os.walk(directory):
        for name in files:
            if fnmatch.fnmatch(name, extensions[0]) or fnmatch.fnmatch(name,
                extensions[1]) or fnmatch.fnmatch(name, extensions[2]):
                path = os.path.join(root, name)
                try:
                    with open(path, 'r', encoding='utf-8') as f:
                        content = f.read()
                    if re.search(pattern, content, re.IGNORECASE):
                        result.append(os.path.abspath(path))
                except Exception:
                    pass
    return result
",1,,
"import pandas as pd


def task_func(dict1):
    df = pd.DataFrame(list(dict1.items()), columns=['Department', 'Employees'])
    filtered_df = df[df['Department'].str.startswith('EMP$$')]
    result_dict = filtered_df.set_index('Department')['Employees'].apply(lambda
        x: [round(100 * (i + 1) / x) for i in range(x)]).to_dict()
    return result_dict
","import logging
import numpy as np
logger = logging.getLogger(__name__)


def task_func(dict1):
    if not isinstance(dict1, dict):
        raise ValueError('Input must be a dictionary')
    result = {}
    try:
        np.random.seed(0)
        for key, val in dict1.items():
            if not isinstance(key, str):
                continue
            if not key.startswith('EMP$$'):
                continue
            if not isinstance(val, int) or val < 0:
                raise ValueError(f'Invalid employee count for {key}')
            salaries = []
            for _ in range(val):
                salaries.append(np.random.randint(30000, 100001))
            for _ in range(val):
                pass
            result[key] = salaries
    except Exception as e:
        logger.exception('Error processing employee data')
        raise
    return result
",1,,
"import matplotlib.pyplot as plt
from datetime import datetime, timedelta
import pytz


def task_func(start_time, end_time):
    timezones = [pytz.timezone('UTC'), pytz.timezone('America/Los_Angeles'),
        pytz.timezone('Europe/Paris'), pytz.timezone('Asia/Kolkata'), pytz.
        timezone('Australia/Sydney')]
    colors = ['b', 'g', 'r', 'c', 'm']
    start_date = datetime.strptime(start_time, '%Y-%m-%d').date()
    end_date = datetime.strptime(end_time, '%Y-%m-%d').date()
    dates = []
    current_date = start_date
    while current_date <= end_date:
        dates.append(current_date)
        current_date += timedelta(days=1)
    fig, ax = plt.subplots(figsize=(10, 6))
    for i, tz in enumerate(timezones):
        times_diff = []
        for date in dates:
            dt = datetime.combine(date, datetime.min.time(), tzinfo=tz)
            utc_dt = dt.astimezone(pytz.utc)
            diff = utc_dt.hour + utc_dt.minute / 60.0 + utc_dt.second / 3600.0
            times_diff.append(diff)
        ax.plot(dates, times_diff, color=colors[i], label=tz.zone)
    ax.set_xlabel('Date')
    ax.set_ylabel('Time Difference (Hours)')
    ax.legend()
    return ax
","import datetime
from datetime import timedelta
import pytz
import matplotlib.pyplot as plt


def task_func(start_time: str, end_time: str):
    """"""Plot hourly UTC offset differences for selected time zones.""""""
    tz_names = ('UTC', 'America/Los_Angeles', 'Europe/Paris',
        'Asia/Kolkata', 'Australia/Sydney')
    colors = 'b', 'g', 'r', 'c', 'm', 'y', 'k'
    start_dt = datetime.datetime.strptime(start_time, '%Y-%m-%d')
    end_dt = datetime.datetime.strptime(end_time, '%Y-%m-%d')
    dates = [(start_dt + timedelta(days=i)) for i in range((end_dt -
        start_dt).days + 1)]
    utc_tz = pytz.timezone('UTC')
    diff_dict = {}
    for tz_name in tz_names:
        tz = pytz.timezone(tz_name)
        diffs = []
        for d in dates:
            utc_dt = utc_tz.localize(d)
            tz_dt = tz.localize(d)
            diff_hours = (tz_dt - utc_dt).total_seconds() / 3600
            diffs.append(diff_hours)
        diff_dict[tz_name] = diffs
    fig, ax = plt.subplots()
    for idx, (tz_name, diffs) in enumerate(diff_dict.items()):
        ax.plot(dates, diffs, color=colors[idx % len(colors)], label=tz_name)
    ax.set_xlabel('Date')
    ax.set_ylabel('Time difference (hours)')
    ax.legend()
    return ax
",1,,
"import numpy as np
import matplotlib.pyplot as plt


def task_func(ax, func_index):
    """"""
    Plot mathematical functions (sine, cosine, tangent) on a polar diagram.

    Args:
        ax: The axes to plot on.
        func_index: Index of the function to plot (0: sine, 1: cosine, 2: tangent).

    Returns:
        matplotlib.axes._axes.Axes: Modified axes with plotted function.

    Raises:
        ValueError: If ax is not a valid axes object.
        IndexError: If func_index is out of range [0, 2].
    """"""
    if not isinstance(ax, plt.Axes):
        raise ValueError('ax must be a matplotlib Axes instance')
    if func_index < 0 or func_index > 2:
        raise IndexError('func_index must be in {0, 1, 2}')
    theta = np.linspace(0, 2 * np.pi, 1000)
    if func_index == 0:
        rho = np.sin(theta)
    elif func_index == 1:
        rho = np.cos(theta)
    else:
        rho = np.tan(theta)
    ax.plot(theta, rho)
    ax.set_rlabel_position(func_index * 45)
    return ax
","import numpy as np
import matplotlib.pyplot as plt


def task_func(ax, func_index):
    if not isinstance(ax, plt.Axes):
        raise ValueError('ax must be a matplotlib Axes object')
    x = np.linspace(0, 2 * np.pi, 1000)
    if func_index == 0:
        y = np.sin(x)
    elif func_index == 1:
        y = np.cos(x)
    elif func_index == 2:
        y = np.tan(x)
    else:
        raise IndexError('func_index must be 0, 1, or 2')
    ax.plot(x, y)
    if func_index == 1:
        ax.set_rlabel_position(45)
    return ax
",1,,
"import pandas as pd
import numpy as np


def task_func(data, columns=None, fill_missing=None, num_range=None, seed=None
    ):
    if columns is None:
        columns = ['Name', 'Age', 'Occupation']
    if fill_missing is None:
        fill_missing = False
    if num_range is None:
        num_range = 0, 100
    if seed is not None:
        np.random.seed(seed)
    rows = []
    for tup in data:
        row = list(tup) + [None] * (len(columns) - len(tup))
        rows.append(row[:len(columns)])
    df = pd.DataFrame(rows, columns=columns)
    if fill_missing:
        for col in df.columns:
            non_none = df[col].dropna()
            if non_none.empty:
                continue
            if all(isinstance(v, (int, float)) for v in non_none):
                mask = df[col].isna()
                if mask.any():
                    rng_min, rng_max = num_range
                    random_vals = np.random.randint(rng_min, rng_max + 1,
                        size=mask.sum())
                    df.loc[mask, col] = random_vals
    return df
","import pandas as pd
from dataclasses import dataclass
from typing import List, Optional, Tuple, Union
import numpy as np


@dataclass
class DataFrameConfig:
    columns: List[str]
    fill_missing: bool
    num_range: Tuple[int, int]
    seed: Optional[int]


def task_func(data: List[Tuple], columns: List[str]=['Name', 'Age',
    'Occupation'], fill_missing: bool=False, num_range: Tuple[int, int]=(0,
    100), seed: Optional[int]=None) ->pd.DataFrame:
    config = DataFrameConfig(columns=columns, fill_missing=fill_missing,
        num_range=num_range, seed=seed)
    if not data and config.fill_missing:
        return pd.DataFrame(columns=config.columns)
    converted_data = []
    max_length = max(len(row) for row in data) if data else 0
    for row in data:
        new_row = list(row)
        while len(new_row) < max_length:
            new_row.append(None)
        converted_data.append(new_row)
    df = pd.DataFrame(converted_data, columns=config.columns)
    if config.fill_missing:
        np.random.seed(config.seed)
        for col in df.select_dtypes(include=['float64', 'int64']).columns:
            mask = df[col].isnull()
            df.loc[mask, col] = np.random.randint(config.num_range[0], 
                config.num_range[1] + 1, size=mask.sum())
    return df
",1,,
"import csv
from pathlib import Path
from typing import Dict, List, Tuple
import os


def task_func(my_path: str) ->str:
    file_size_data: Dict[str, int] = {}
    directory_path = Path(my_path)
    if not directory_path.exists():
        raise FileNotFoundError(
            f""The directory '{directory_path}' does not exist."")
    try:
        for root, _, files in os.walk(directory_path):
            for file in files:
                file_path = os.path.join(root, file)
                file_size = os.path.getsize(file_path)
                if file in file_size_data:
                    file_size_data[file] += file_size
                else:
                    file_size_data[file] = file_size
        csv_file_path = directory_path / 'file_sizes.csv'
        with open(csv_file_path, 'w', newline='', encoding='utf-8') as csvfile:
            writer = csv.writer(csvfile)
            writer.writerow(['File Name', 'Size'])
            for file_name, size in file_size_data.items():
                writer.writerow([file_name, size])
    except Exception as e:
        raise RuntimeError(
            f""An error occurred while processing directory '{directory_path}': {str(e)}""
            )
    return str(csv_file_path)
","import os
import csv
FILE_NAME = 'file_sizes.csv'


def task_func(my_path):
    """"""
    Generate a report of file sizes in the specified directory and write it to a CSV file.

    Args:
        my_path (str): The directory path to analyze.

    Returns:
        str: The path of the CSV file containing the report.
    """"""
    file_sizes = {}
    for dirpath, _, filenames in os.walk(my_path):
        for filename in filenames:
            file_path = os.path.join(dirpath, filename)
            file_size = os.path.getsize(file_path)
            if filename in file_sizes:
                file_sizes[filename] += file_size
            else:
                file_sizes[filename] = file_size
    csv_file = open(os.path.join(my_path, FILE_NAME), 'w', newline='')
    writer = csv.writer(csv_file)
    writer.writerow(['File Name', 'Size'])
    for filename, size in file_sizes.items():
        writer.writerow([filename, size])
    csv_file.close()
    return os.path.join(my_path, FILE_NAME)
",1,,
"import matplotlib.pyplot as plt
import matplotlib.axes
from datetime import datetime


def task_func(date_str: str):
    try:
        dt = datetime.strptime(date_str, '%Y-%m-%d')
    except Exception:
        raise ValueError('Invalid date format')
    day = dt.day
    fig, ax = plt.subplots()
    x = list(range(1, day + 1))
    y = [0] * day
    ax.plot(x, y)
    return ax
","import matplotlib.pyplot as plt
from datetime import datetime
import random


def task_func(date_str):
    date = datetime.strptime(date_str, '%Y-%m-%d')
    day_of_month = date.day
    data = [random.randint(0, 100) for _ in range(day_of_month)]
    plt.plot(data)
    return plt.gca()


class TaskFuncAlternative:

    def __init__(self, date_str):
        self.date_str = date_str

    def generate_data(self):
        date = datetime.strptime(self.date_str, '%Y-%m-%d')
        day_of_month = date.day
        data = [random.randint(0, 100) for _ in range(day_of_month)]
        return data

    def plot_data(self, data):
        plt.plot(data)

    def get_axes(self):
        self.plot_data(self.generate_data())
        return plt.gca()


def task_func_bad_smells(date_str):
    date = datetime.strptime(date_str, '%Y-%m-%d')
    day_of_month = date.day
    data = [random.randint(0, 100) for _ in range(day_of_month)]

    def plot(data):
        plt.plot(data)
    plot(data)
    return plt.gca()


def task_func_dict(date_str):
    date = datetime.strptime(date_str, '%Y-%m-%d')
    day_of_month = date.day
    data = {i: random.randint(0, 100) for i in range(day_of_month)}

    def plot(data):
        plt.plot(list(data.values()))
    plot(data)
    return plt.gca()
",1,,
"import pandas as pd
import numpy as np
from scipy.stats import pearsonr
from typing import Dict, Any
from pandas.api.types import is_numeric_dtype


def task_func(df: pd.DataFrame, dct: Dict[Any, Any]) ->pd.DataFrame:
    if not isinstance(df, pd.DataFrame):
        raise ValueError('Input must be a DataFrame')
    if not all(is_numeric_dtype(df[col]) for col in df.columns):
        raise ValueError(
            'DataFrame must contain numeric data for Pearson correlation')
    try:
        df_replaced = df.replace(dct)
        corr_matrix = np.zeros((len(df.columns), len(df.columns)))
        columns = df.columns
        for i in range(len(columns)):
            for j in range(len(columns)):
                if i == j:
                    corr_matrix[i, j] = 1.0
                else:
                    try:
                        corr, _ = pearsonr(df_replaced[columns[i]],
                            df_replaced[columns[j]])
                        corr_matrix[i, j] = corr
                    except Exception as e:
                        corr_matrix[i, j] = np.nan
        return pd.DataFrame(corr_matrix, index=columns, columns=columns)
    except Exception as e:
        raise ValueError(f'Error processing DataFrame: {str(e)}')
","import pandas as pd
import numpy as np


def task_func(df, dct):

    def replace_values(dataframe, replacement_map):
        for col in dataframe.columns:
            if isinstance(dataframe[col].dtype, pd.CategoricalDtype):
                dataframe[col] = dataframe[col].cat.codes
            else:
                dataframe[col] = dataframe[col].replace(replacement_map)
        return dataframe

    def calculate_correlations(dataframe):
        values = dataframe.values
        correlations = np.corrcoef(values, rowvar=False)
        return pd.DataFrame(correlations, index=dataframe.columns, columns=
            dataframe.columns)
    if not isinstance(df, pd.DataFrame):
        raise ValueError('Input must be a DataFrame')
    df = replace_values(df, dct)
    correlation_matrix = calculate_correlations(df)
    return correlation_matrix
",1,,
"import os
from PIL import Image
import numpy as np
import matplotlib.pyplot as plt


def task_func(image_path: str, histogram_path: str='histogram.png') ->plt.Axes:
    """"""
    Reads an image, creates a grayscale histogram, saves it to a PNG file,
    and returns the histogram plot axes.

    Args:
        image_path (str): Path to the input image file.
        histogram_path (str): Path to save the histogram PNG file.

    Returns:
        plt.Axes: The histogram plot axes object.

    Raises:
        FileNotFoundError: If the input image file is not found.
    """"""
    if not os.path.exists(image_path):
        raise FileNotFoundError(f""Image file '{image_path}' not found."")
    img = Image.open(image_path).convert('L')
    pixels = np.array(img.getdata(), dtype=np.uint8)
    hist, bins = np.histogram(pixels, bins=256, range=[0, 256])
    plt.figure(figsize=(10, 6))
    axes = plt.gca()
    plt.title('Grayscale Histogram')
    plt.xlabel('Bins')
    plt.ylabel('# of Pixels')
    axes.plot(bins[:-1], hist)
    plt.savefig(histogram_path, dpi=100, bbox_inches='tight')
    plt.close()
    return axes
","import matplotlib.pyplot as plt
from PIL import Image
import numpy as np
import os


def task_func(image_path='image.jpg', histogram_path='histogram.png'):
    if not os.path.exists(image_path):
        raise FileNotFoundError(f'No image found at {image_path}')
    img = Image.open(image_path).convert('L')
    pixels = list(img.getdata())
    pixel_counts = np.bincount(pixels)
    plt.figure()
    plt.title('Grayscale Histogram')
    plt.xlabel('Bins')
    plt.ylabel('# of Pixels')
    axes = plt.plot(pixel_counts)[0].axes
    plt.savefig(histogram_path)
    return axes
",1,,
"import os
import time
import subprocess
from pathlib import Path


def task_func(script_path: str):
    """"""Run all Python scripts in the given directory and return their execution times.""""""
    dir_path = Path(script_path)
    if not dir_path.is_dir():
        return {}
    scripts = list(dir_path.glob('*.py'))
    if not scripts:
        return {}
    times = {}
    for script in scripts:
        start = time.perf_counter()
        subprocess.run(['python', str(script)], capture_output=True, text=
            True, check=False)
        times[script.name] = time.perf_counter() - start
    return times
","import pathlib
import runpy
import datetime
import logging


def task_func(test_dir):
    try:
        dir_path = pathlib.Path(test_dir)
    except Exception:
        return {}
    if not dir_path.is_dir():
        return {}
    py_files = [p for p in dir_path.iterdir() if p.is_file() and p.suffix ==
        '.py']
    if not py_files:
        return {}
    execution_times = {}
    for py_file in py_files:
        start_time = datetime.datetime.now()
        try:
            runpy.run_path(str(py_file))
        except Exception:
            pass
        end_time = datetime.datetime.now()
        elapsed = (end_time - start_time).total_seconds()
        execution_times[py_file.name] = elapsed
    return execution_times
",1,,
"import pandas as pd
from collections import defaultdict


def task_func(my_tuple, path_csv_files):
    """"""Count occurrences of each value in specified columns across multiple CSV files.""""""
    result = {col: defaultdict(int) for col in my_tuple}
    for file_path in path_csv_files:
        df = pd.read_csv(file_path)
        for col in my_tuple:
            if col in df.columns:
                for val in df[col]:
                    result[col][val] += 1
    return result
","import pandas as pd


def task_func(my_tuple, path_csv_files):
    result = {}
    for column in my_tuple:
        counts = {}
        total_count = 0
        for file_path in path_csv_files:
            try:
                df = pd.read_csv(file_path)
                if column not in df.columns:
                    continue
                values = df[column].dropna().tolist()
                for value in values:
                    counts[value] = counts.get(value, 0) + 1
                    total_count += 1
            except Exception as e:
                raise e
        result[column] = counts if total_count > 0 else {}
    return result
",1,,
"import pandas as pd
TIME_FORMAT = '%d/%m/%y %H:%M:%S.%f'


def task_func(time_strings, target_tz):
    df = pd.DataFrame({'Original Time': time_strings})
    df['Converted Time'] = pd.to_datetime(df['Original Time'], format=
        TIME_FORMAT, utc=True).dt.tz_convert(target_tz).dt.strftime(TIME_FORMAT
        )
    return df
","import datetime as dt
from pandas import DataFrame
import zoneinfo
import pytz
TIME_FORMAT = '%d/%m/%y %H:%M:%S.%f'


def task_func(time_strings: list[str], target_tz: str) ->DataFrame:
    """"""Convert UTC time strings to specified timezone and return a DataFrame.""""""

    def convert_time(time_str: str, tz: str) ->tuple[str, str]:
        """"""Convert a single time string from UTC to target timezone.""""""
        utc = dt.datetime.strptime(time_str, TIME_FORMAT)
        try:
            utc_tz = utc.replace(tzinfo=zoneinfo.ZoneInfo('UTC'))
        except ImportError:
            utc_tz = utc.replace(tzinfo=pytz.timezone('UTC'))
        converted = utc_tz.astimezone(pytz.timezone(tz))
        return time_str, converted.strftime(TIME_FORMAT)
    data = [convert_time(ts, target_tz) for ts in time_strings]
    df = DataFrame(data, columns=['Original Time', 'Converted Time'])
    return df
",1,,
"import pandas as pd
from scipy.stats import norm
import matplotlib.pyplot as plt
import logging


def task_func(mu, sigma, num_samples=None, seed=None):
    if num_samples is None:
        num_samples = 1000
    if seed is None:
        seed = 77
    if not isinstance(mu, (int, float)):
        raise TypeError('mu must be a number')
    if not isinstance(sigma, (int, float)) or sigma <= 0:
        raise ValueError('sigma must be a positive number')
    if num_samples < 1:
        raise ValueError('num_samples must be a positive integer')
    pd.set_option('display.max_rows', None)
    pd.set_option('display.max_columns', None)
    logging.basicConfig(level=logging.INFO)
    samples = norm.rvs(loc=mu, scale=sigma, size=num_samples, random_state=seed
        )
    fig, axs = plt.subplots(1, 2, figsize=(12, 6))
    axs[0].hist(samples, bins=30, density=True, alpha=0.6, color='g')
    axs[0].set_title('Histogram of Normal Distribution')
    axs[1].plot(norm.ppf(pd.Series(samples).sort_values().index / len(
        samples), loc=mu, scale=sigma), samples)
    axs[1].set_title('Q-Q Plot of Normal Distribution')
    return fig
","import random
import statistics
from matplotlib.figure import Figure


def task_func(mu, sigma):
    if not isinstance(mu, (int, float)):
        raise ValueError('mu must be a number')
    if not isinstance(sigma, (int, float)):
        raise ValueError('sigma must be a number')
    if sigma <= 0:
        raise ValueError('sigma must be positive')
    samples = [random.gauss(mu, sigma) for _ in range(1000)]
    fig = Figure(figsize=(12, 6))
    ax1 = fig.add_subplot(121)
    ax1.hist(samples, bins=30, color='g')
    ax2 = fig.add_subplot(122)
    sorted_samples = sorted(samples)
    n = len(sorted_samples)
    norm = statistics.NormalDist(mu, sigma)
    theoretical = [norm.inv_cdf((i + 0.5) / n) for i in range(n)]
    ax2.plot(theoretical, sorted_samples, marker='o', linestyle='None')
    ax2.plot(theoretical, theoretical, linestyle='-')
    return fig
",1,,
"import matplotlib.pyplot as plt
import re
import collections


def task_func(text):
    words = re.findall('\\$\\w+', text)
    if not words:
        return None
    word_counts = collections.Counter(words)
    categories = list(word_counts.keys())
    values = list(word_counts.values())
    fig, ax = plt.subplots()
    ax.bar(categories, values)
    ax.set_xlabel('Words')
    ax.set_ylabel('Frequency')
    ax.set_title('Word Frequency')
    return ax
","import matplotlib.pyplot as plt
from collections import defaultdict


def task_func(text):
    """"""
    Generates a bar chart of word frequencies for words starting with '$'.

    Args:
        text (str): The input text to analyze.

    Returns:
        matplotlib.axes._axes.Axes: The plot showing the frequency of valid $-words, or None if no valid words are found.
    """"""
    words = text.split()
    dollar_words = [word for word in words if word.startswith('$')]
    valid_dollar_words = []
    for word in dollar_words:
        stripped_word = word.strip('!""#$%&\'()*+,-./:;<=>?@[\\]^_`{|}~')
        if len(stripped_word) > 0 and word != stripped_word:
            valid_dollar_words.append(word)
    frequency = defaultdict(int)
    for word in valid_dollar_words:
        frequency[word] += 1
    if not frequency:
        return None
    categories = list(frequency.keys())
    values = list(frequency.values())
    fig, ax = plt.subplots()
    bars = ax.bar(categories, values)
    ax.set_title('Frequency of $-Words')
    ax.set_xlabel('$-Word')
    ax.set_ylabel('Frequency')
    return ax
",1,,
"import random
from collections import defaultdict


def task_func(values, weights, n_samples):
    """"""
    Generates a histogram based on a weighted random sampling.

    Args:
        values (list): List of values to sample from.
        weights (list): List of weights corresponding to the values.
        n_samples (int): Number of samples to draw.

    Returns:
        histogram (dict): A histogram as a dictionary with the values as keys and counts as values.
    """"""
    histogram = defaultdict(int)
    for _ in range(n_samples):
        idx = random.choices(range(len(values)), weights=weights)[0]
        histogram[values[idx]] += 1
    return dict(histogram)
","import random
from collections import defaultdict


def task_func(values, weights, n_samples):
    histogram = defaultdict(int)
    for _ in range(n_samples):
        total_weight = sum(weights)
        rand_val = random.uniform(0, total_weight)
        current_sum = 0
        for i, val in enumerate(values):
            current_sum += weights[i]
            if rand_val <= current_sum:
                histogram[val] += 1
                break
    return dict(histogram)
",1,,
"import math
import yaml
from typing import Dict, Any
from pathlib import Path
import logging


def task_func(yaml_path: str, key: str) ->Dict[str, Any]:
    try:
        file_path = Path(yaml_path)
        if not file_path.exists():
            raise FileNotFoundError(f""YAML file '{yaml_path}' does not exist."")
        with open(file_path, 'r') as f:
            data = yaml.safe_load(f)
        if key not in data:
            raise KeyError(f""Key '{key}' not found in the YAML data."")
        data[key] = math.cos(data[key])
        with open(file_path, 'w') as f:
            yaml.safe_dump(data, f)
        return data
    except Exception as e:
        logging.error(f'An error occurred: {str(e)}')
        raise
","import yaml
import math


def task_func(yaml_path: str, key: str) ->dict:
    data = yaml.safe_load(open(yaml_path))
    if key in data:
        data[key] = math.cos(data[key])
    return data
",1,,
"import struct
import gzip
from io import BytesIO


def task_func(newArray):
    packed_data = struct.pack('d' * newArray.size, *newArray)
    compressed_data = gzip.compress(packed_data)
    return compressed_data
","import numpy as np
import gzip


def task_func(newArray: np.ndarray) ->bytes:
    """"""Compresses a NumPy array using gzip and returns the compressed data as bytes.""""""
    packed = newArray.tobytes()
    compressed = gzip.compress(packed)
    return compressed
",1,,
"from collections import Counter


def task_func(list_of_lists):
    """"""
    Generates a list of Counters where each Counter represents a shopping cart.
    Each cart corresponds to a sublist in list_of_lists, with items randomly 
    selected from POSSIBLE_ITEMS and frequencies matching the sublist length.
    """"""
    baskets = []
    for lst in list_of_lists:
        if not lst:
            baskets.append(Counter())
            continue
        item_counts = {}
        total_items = len(lst)
        for _ in range(total_items):
            item = 'item_{}'.format(_ + 1)
            if item in item_counts:
                item_counts[item] += 1
            else:
                item_counts[item] = 1
        baskets.append(Counter(item_counts))
    return baskets


POSSIBLE_ITEMS = ['apple', 'banana', 'orange']
result = task_func([[1], [1, 2], [1, 2, 3]])
print(result)
","import random
from typing import List, Dict
import logging
logging.basicConfig(level=logging.INFO)


def task_func(list_of_lists: List[List[int]]) ->List[Dict[str, int]]:
    POSSIBLE_ITEMS = ['apple', 'banana', 'cherry', 'date', 'elderberry']

    def generate_basket(sublist: List[int]) ->Dict[str, int]:
        basket = {}
        for _ in sublist:
            item = random.choice(POSSIBLE_ITEMS)
            if item not in basket:
                basket[item] = 1
            else:
                basket[item] += 1
        return basket
    baskets = [generate_basket(sublist) for sublist in list_of_lists]
    return baskets
",1,,
"import re
from collections import Counter


def task_func(word):
    sanitized_word = re.sub('[^A-Za-z]', '', word)
    letter_pairs = [''.join(pair) for pair in zip(sanitized_word,
        sanitized_word[1:])]
    occurrences = Counter(letter_pairs)
    return occurrences
","from collections import defaultdict


def task_func(word: str) ->dict:
    """"""Counts occurrences of each two-letter combination in sanitized word.

    Sanitization removes non-alphabetic characters. The function returns a dictionary
    where keys are consecutive two-letter combinations and values are their counts.
    """"""
    sanitized = [char for char in word if char.isalpha()]
    pairs = []
    for i in range(len(sanitized) - 1):
        pair = sanitized[i] + sanitized[i + 1]
        pairs.append(pair)
    counts = defaultdict(int)
    for pair in pairs:
        counts[pair] += 1
    return dict(counts)
",1,,
